{
  "nationalPokedexNumber": 460,
  "name": "Abomasnow",
  "primaryType": "grass",
  "secondaryType": "ice",
  "maleRatio": 0.5,
  "height": 22,
  "weight": 1355,
  "pokedex": [
    "cobblemon.species.abomasnow.desc"
  ],
  "labels": [
    "gen4"
  ],
  "aspects": [],
  "abilities": [
    "snowwarning",
    "h:soundproof"
  ],
  "eggGroups": [
    "monster",
    "grass"
  ],
  "baseStats": {
    "hp": 90,
    "attack": 92,
    "defence": 75,
    "special_attack": 92,
    "special_defence": 85,
    "speed": 60
  },
  "evYield": {
    "hp": 0,
    "attack": 1,
    "defence": 0,
    "special_attack": 1,
    "special_defence": 0,
    "speed": 0
  },
  "baseExperienceYield": 173,
  "experienceGroup": "slow",
  "catchRate": 60,
  "eggCycles": 20,
  "baseFriendship": 50,
  "baseScale": 1,
  "hitbox": {
    "width": 1,
    "height": 1,
    "fixed": false
  },
  "drops": {
    "amount": 4,
    "entries": [
      {
        "item": "minecraft:snowball",
        "quantityRange": "0-2"
      },
      {
        "item": "cobblemon:never_melt_ice",
        "percentage": 5.0
      },
      {
        "item": "cobblemon:occa_berry",
        "percentage": 5.0
      }
    ]
  },
  "moves": [
    "1:icepunch",
    "1:megadrain",
    "1:powdersnow",
    "9:aurorabeam",
    "13:sleeppowder",
    "17:swagger",
    "21:mist",
    "23:icywind",
    "26:gigadrain",
    "28:freezedry",
    "31:ingrain",
    "36:woodhammer",
    "47:blizzard",
    "58:icehammer",
    "64:mountaingale",
    "85:auroraveil",
    "egg:avalanche",
    "egg:bulletseed",
    "egg:doubleedge",
    "egg:growth",
    "egg:leechseed",
    "egg:magicalleaf",
    "egg:mist",
    "egg:naturalgift",
    "egg:seedbomb",
    "egg:skullbash",
    "egg:stomp",
    "tm:blizzard",
    "tm:brickbreak",
    "tm:bulldoze",
    "tm:bulletseed",
    "tm:earthquake",
    "tm:energyball",
    "tm:facade",
    "tm:flash",
    "tm:focusblast",
    "tm:aurasphere",
    "tm:focuspunch",
    "tm:frostbreath",
    "tm:gigadrain",
    "tm:grassknot",
    "tm:grassyglide",
    "tm:snowscape",
    "tm:hiddenpower",
    "tm:icebeam",
    "tm:icespinner",
    "tm:icywind",
    "tm:irontail",
    "tm:lightscreen",
    "tm:protect",
    "tm:raindance",
    "tm:rest",
    "tm:return",
    "tm:rockclimb",
    "tm:rockslide",
    "tm:rocksmash",
    "tm:rocktomb",
    "tm:shadowball",
    "tm:sleeptalk",
    "tm:solarbeam",
    "tm:strength",
    "tm:substitute",
    "tm:swordsdance",
    "tm:toxic",
    "tm:trailblaze",
    "tutor:block",
    "tutor:confide",
    "tutor:earthpower",
    "tutor:icepunch",
    "tutor:iciclespear",
    "tutor:icywind",
    "tutor:leafstorm",
    "tutor:outrage",
    "tutor:roleplay",
    "tutor:seedbomb",
    "tutor:snore",
    "tutor:stompingtantrum",
    "tutor:synthesis",
    "tutor:weatherball",
    "tutor:worryseed"
  ],
  "preEvolution": "snover",
  "evolutions": [],
  "forms": [
    {
      "name": "Mega",
      "primaryType": "grass",
      "secondaryType": "ice",
      "maleRatio": 0.5,
      "height": 27,
      "weight": 1850,
      "pokedex": [
        "cobblemon.species.abomasnow-mega.desc"
      ],
      "labels": [
        "gen6",
        "mega"
      ],
      "aspects": [
        "mega"
      ],
      "abilities": [
        "slushrush",
        "h:slushrush"
      ],
      "baseStats": {
        "hp": 90,
        "attack": 132,
        "defence": 105,
        "special_attack": 132,
        "special_defence": 105,
        "speed": 60
      },
      "baseExperienceYield": 208,
      "dynamaxBlocked": true,
      "evolutions": [],
      "battleOnly": true
    }
  ]
}