{
  "implemented": true,
  "nationalPokedexNumber": 475,
  "name": "Gallade",
  "primaryType": "psychic",
  "secondaryType": "fighting",
  "maleRatio": 1,
  "height": 16,
  "weight": 520,
  "pokedex": [
    "cobblemon.species.gallade.desc"
  ],
  "labels": [
    "gen4"
  ],
  "aspects": [],
  "abilities": [
    "steadfast",
    "sharpness",
    "h:justified"
  ],
  "eggGroups": [
    "human_like",
    "amorphous"
  ],
  "baseStats": {
    "hp": 68,
    "attack": 125,
    "defence": 65,
    "special_attack": 65,
    "special_defence": 115,
    "speed": 80
  },
  "evYield": {
    "hp": 0,
    "attack": 3,
    "defence": 0,
    "special_attack": 0,
    "special_defence": 0,
    "speed": 0
  },
  "baseExperienceYield": 259,
  "experienceGroup": "slow",
  "catchRate": 45,
  "eggCycles": 20,
  "baseFriendship": 35,
  "baseScale": 1,
  "hitbox": {
    "width": 0.6,
    "height": 2.25,
    "fixed": false
  },
  "behaviour": {
    "resting": {
      "canSleep": true,
      "light": "0-4"
    }
  },
  "drops": {
    "amount": 6,
    "entries": [
      {
        "item": "minecraft:ender_pearl",
        "quantityRange": "0-3"
      },
      {
        "item": "cobblemon:dawn_stone",
        "percentage": 10.0
      },
      {
        "item": "cobblemon:twisted_spoon",
        "percentage": 10.0
      },
      {
        "item": "cobblemon:kasib_berry",
        "percentage": 10.0
      }
    ]
  },
  "moves": [
    "1:aquacutter",
    "1:confusion",
    "1:leafblade",
    "1:leer",
    "1:nightslash",
    "1:slash",
    "1:storedpower",
    "1:teleport",
    "11:quickguard",
    "14:furycutter",
    "17:aerialace",
    "19:healpulse",
    "23:wideguard",
    "26:swordsdance",
    "31:zenheadbutt",
    "35:helpinghand",
    "40:feint",
    "44:falseswipe",
    "49:protect",
    "53:closecombat",
    "59:psychocut",
    "72:sacredsword",
    "egg:confuseray",
    "egg:destinybond",
    "egg:disable",
    "egg:encore",
    "egg:grudge",
    "egg:knockoff",
    "egg:meanlook",
    "egg:memento",
    "egg:mistyterrain",
    "egg:shadowsneak",
    "egg:skillswap",
    "egg:synchronoise",
    "tm:aerialace",
    "tm:brickbreak",
    "tm:bulkup",
    "tm:bulldoze",
    "tm:calmmind",
    "tm:chargebeam",
    "tm:coaching",
    "tm:cut",
    "tm:dazzlinggleam",
    "tm:drainingkiss",
    "tm:drainpunch",
    "tm:dualchop",
    "tm:earthquake",
    "tm:energyball",
    "tm:expandingforce",
    "tm:facade",
    "tm:flash",
    "tm:focusblast",
    "tm:focuspunch",
    "tm:futuresight",
    "tm:grassknot",
    "tm:hiddenpower",
    "tm:hypervoice",
    "tm:icebeam",
    "tm:icywind",
    "tm:lightscreen",
    "tm:lowkick",
    "tm:lowsweep",
    "tm:poisonjab",
    "tm:poweruppunch",
    "tm:protect",
    "tm:psychic",
    "tm:psyshock",
    "tm:raindance",
    "tm:reflect",
    "tm:rest",
    "tm:return",
    "tm:rockslide",
    "tm:rocksmash",
    "tm:rocktomb",
    "tm:shadowball",
    "tm:shadowclaw",
    "tm:sleeptalk",
    "tm:solarblade",
    "tm:stoneedge",
    "tm:strength",
    "tm:substitute",
    "tm:sunnyday",
    "tm:swordsdance",
    "tm:taunt",
    "tm:teleport",
    "tm:thief",
    "tm:thunderbolt",
    "tm:thunderwave",
    "tm:toxic",
    "tm:trickroom",
    "tm:tripleaxel",
    "tm:willowisp",
    "tm:workup",
    "tm:xscissor",
    "tm:alluringvoice",
    "tutor:airslash",
    "tutor:aurasphere",
    "tutor:bodyslam",
    "tutor:closecombat",
    "tutor:confide",
    "tutor:dualchop",
    "tutor:encore",
    "tutor:firepunch",
    "tutor:helpinghand",
    "tutor:hypervoice",
    "tutor:icepunch",
    "tutor:icywind",
    "tutor:knockoff",
    "tutor:laserfocus",
    "tutor:leafblade",
    "tutor:lowkick",
    "tutor:magiccoat",
    "tutor:magicroom",
    "tutor:mistyterrain",
    "tutor:painsplit",
    "tutor:psychocut",
    "tutor:psychup",
    "tutor:reversal",
    "tutor:signalbeam",
    "tutor:snatch",
    "tutor:snore",
    "tutor:solarblade",
    "tutor:storedpower",
    "tutor:throatchop",
    "tutor:thunderpunch",
    "tutor:trick",
    "tutor:vacuumwave",
    "tutor:wonderroom",
    "tutor:zenheadbutt"
  ],
  "preEvolution": "kirlia",
  "evolutions": [],
  "forms": [
    {
      "name": "Mega",
      "primaryType": "psychic",
      "secondaryType": "fighting",
      "maleRatio": 1,
      "height": 16,
      "weight": 564,
      "pokedex": [
        "cobblemon.species.gallade-mega.desc"
      ],
      "labels": [
        "gen6",
        "mega"
      ],
      "aspects": [
        "mega"
      ],
      "abilities": [
        "sharpness",
        "h:sharpness"
      ],
      "eggGroups": [
        "amorphous",
        "human_like"
      ],
      "baseStats": {
        "hp": 68,
        "attack": 165,
        "defence": 95,
        "special_attack": 65,
        "special_defence": 115,
        "speed": 110
      },
      "baseExperienceYield": 309,
      "dynamaxBlocked": true,
      "evolutions": [],
      "battleOnly": true
    }
  ]
}