{
  "implemented": true,
  "nationalPokedexNumber": 445,
  "name": "Garchomp",
  "primaryType": "dragon",
  "secondaryType": "ground",
  "maleRatio": 0.5,
  "height": 19,
  "weight": 950,
  "pokedex": [
    "cobblemon.species.garchomp.desc"
  ],
  "labels": [
    "gen4",
    "powerhouse"
  ],
  "aspects": [],
  "abilities": [
    "sandveil",
    "h:roughskin"
  ],
  "eggGroups": [
    "monster",
    "dragon"
  ],
  "baseStats": {
    "hp": 108,
    "attack": 130,
    "defence": 95,
    "special_attack": 80,
    "special_defence": 85,
    "speed": 102
  },
  "evYield": {
    "hp": 0,
    "attack": 3,
    "defence": 0,
    "special_attack": 0,
    "special_defence": 0,
    "speed": 0
  },
  "baseExperienceYield": 300,
  "experienceGroup": "slow",
  "catchRate": 45,
  "eggCycles": 40,
  "baseFriendship": 50,
  "baseScale": 1.1,
  "hitbox": {
    "width": 1.3,
    "height": 2.3,
    "fixed": false
  },
  "behaviour": {
    "moving": {
      "walk": {
        "walkSpeed": 0.55
      },
      "fly": {
        "canFly": true
      },
      "swim": {
        "canSwimInLava": true
      }
    }
  },
  "drops": {
    "amount": 2,
    "entries": [
      {
        "item": "cobblemon:dragon_fang",
        "percentage": 10.0
      },
      {
        "item": "cobblemon:haban_berry",
        "percentage": 10.0
      }
    ]
  },
  "moves": [
    "1:bite",
    "1:bulldoze",
    "1:crunch",
    "1:dualchop",
    "1:firefang",
    "1:sandstorm",
    "7:dragonrage",
    "15:takedown",
    "19:sandtomb",
    "28:slash",
    "33:dragonclaw",
    "40:dig",
    "53:dragonrush",
    "57:earthquake",
    "egg:bodyslam",
    "egg:doubleedge",
    "egg:dragonbreath",
    "egg:ironhead",
    "egg:irontail",
    "egg:metalclaw",
    "egg:mudshot",
    "egg:outrage",
    "egg:rockclimb",
    "egg:sandtomb",
    "egg:scaryface",
    "egg:thrash",
    "egg:twister",
    "tm:aerialace",
    "tm:brickbreak",
    "tm:bulldoze",
    "tm:cut",
    "tm:dig",
    "tm:dracobarrage",
    "tm:dragonclaw",
    "tm:dragonpulse",
    "tm:dragontail",
    "tm:dualchop",
    "tm:earthquake",
    "tm:facade",
    "tm:fireblast",
    "tm:flamethrower",
    "tm:fly",
    "tm:hiddenpower",
    "tm:honeclaws",
    "tm:irontail",
    "tm:poisonjab",
    "tm:protect",
    "tm:raindance",
    "tm:rest",
    "tm:return",
    "tm:roar",
    "tm:rockclimb",
    "tm:rockslide",
    "tm:rocksmash",
    "tm:rocktomb",
    "tm:sandstorm",
    "tm:scaleshot",
    "tm:scorchingsands",
    "tm:shadowclaw",
    "tm:sleeptalk",
    "tm:stealthrock",
    "tm:stoneedge",
    "tm:strength",
    "tm:substitute",
    "tm:sunnyday",
    "tm:surf",
    "tm:swordsdance",
    "tm:toxic",
    "tm:spikes",
    "tutor:aquatail",
    "tutor:bodyslam",
    "tutor:breakingswipe",
    "tutor:confide",
    "tutor:crunch",
    "tutor:dracometeor",
    "tutor:dualchop",
    "tutor:earthpower",
    "tutor:firefang",
    "tutor:ironhead",
    "tutor:laserfocus",
    "tutor:liquidation",
    "tutor:outrage",
    "tutor:sandtomb",
    "tutor:scaryface",
    "tutor:snore",
    "tutor:stompingtantrum",
    "tutor:thunderfang",
    "tutor:whirlpool",
    "tutor:spikes"
  ],
  "preEvolution": "gabite",
  "evolutions": [],
  "forms": [
    {
      "name": "Mega",
      "primaryType": "dragon",
      "secondaryType": "ground",
      "maleRatio": 0.5,
      "height": 19,
      "weight": 950,
      "pokedex": [
        "cobblemon.species.garchomp-mega.desc"
      ],
      "labels": [
        "gen6",
        "mega"
      ],
      "aspects": [
        "mega"
      ],
      "abilities": [
        "sandforce",
        "h:sandforce"
      ],
      "baseStats": {
        "hp": 108,
        "attack": 170,
        "defence": 105,
        "special_attack": 120,
        "special_defence": 95,
        "speed": 102
      },
      "baseExperienceYield": 350,
      "dynamaxBlocked": true,
      "evolutions": [],
      "battleOnly": true
    }
  ]
}