{
  "nationalPokedexNumber": 479,
  "name": "Rotom",
  "primaryType": "electric",
  "secondaryType": "ghost",
  "maleRatio": -1,
  "height": 3,
  "weight": 3,
  "pokedex": [
    "cobblemon.species.rotom.desc"
  ],
  "labels": [
    "gen4"
  ],
  "aspects": [],
  "abilities": [
    "levitate",
    "h:levitate"
  ],
  "eggGroups": [
    "amorphous"
  ],
  "baseStats": {
    "hp": 50,
    "attack": 50,
    "defence": 77,
    "special_attack": 95,
    "special_defence": 77,
    "speed": 91
  },
  "evYield": {
    "hp": 0,
    "attack": 0,
    "defence": 0,
    "special_attack": 1,
    "special_defence": 0,
    "speed": 1
  },
  "baseExperienceYield": 154,
  "experienceGroup": "medium_fast",
  "catchRate": 45,
  "eggCycles": 20,
  "baseFriendship": 50,
  "baseScale": 0.75,
  "hitbox": {
    "width": 0.55,
    "height": 1.3,
    "fixed": false
  },
  "moves": [
    "1:astonish",
    "1:charge",
    "1:confuseray",
    "1:defog",
    "1:disarmingvoice",
    "1:discharge",
    "1:thundershock",
    "1:thunderwave",
    "8:uproar",
    "22:shockwave",
    "29:ominouswind",
    "36:substitute",
    "43:electroball",
    "50:hex",
    "tm:chargebeam",
    "tm:darkpulse",
    "tm:defog",
    "tm:electroweb",
    "tm:facade",
    "tm:flash",
    "tm:hiddenpower",
    "tm:hypervoice",
    "tm:lightscreen",
    "tm:poltergeist",
    "tm:protect",
    "tm:raindance",
    "tm:reflect",
    "tm:rest",
    "tm:return",
    "tm:risingvoltage",
    "tm:shadowball",
    "tm:sleeptalk",
    "tm:substitute",
    "tm:sunnyday",
    "tm:thief",
    "tm:thunder",
    "tm:thunderbolt",
    "tm:thunderwave",
    "tm:toxic",
    "tm:voltswitch",
    "tm:willowisp",
    "tutor:confide",
    "tutor:electricterrain",
    "tutor:electroball",
    "tutor:electroweb",
    "tutor:foulplay",
    "tutor:helpinghand",
    "tutor:hex",
    "tutor:hypervoice",
    "tutor:nastyplot",
    "tutor:painsplit",
    "tutor:psychup",
    "tutor:signalbeam",
    "tutor:snatch",
    "tutor:snore",
    "tutor:spite",
    "tutor:storedpower",
    "tutor:trick",
    "tutor:uproar"
  ],
  "evolutions": [],
  "forms": [
    {
      "name": "Heat",
      "primaryType": "electric",
      "secondaryType": "fire",
      "maleRatio": -1,
      "height": 3,
      "weight": 3,
      "pokedex": [
        "cobblemon.species.rotom-heat.desc"
      ],
      "labels": [
        "gen4"
      ],
      "aspects": [
        "heat-appliance"
      ],
      "baseStats": {
        "hp": 50,
        "attack": 65,
        "defence": 107,
        "special_attack": 105,
        "special_defence": 107,
        "speed": 86
      },
      "baseExperienceYield": 182,
      "moves": [
        "1:astonish",
        "1:charge",
        "1:confuseray",
        "1:defog",
        "1:discharge",
        "form_change:overheat",
        "1:thundershock",
        "1:thunderwave",
        "8:uproar",
        "22:shockwave",
        "29:ominouswind",
        "36:substitute",
        "43:electroball",
        "form_change:lavaplume",
        "50:hex",
        "tm:chargebeam",
        "tm:darkpulse",
        "tm:defog",
        "tm:electroweb",
        "tm:facade",
        "form_change:flamethrower",
        "tm:flash",
        "tm:hiddenpower",
        "tm:hypervoice",
        "tm:lightscreen",
        "tm:poltergeist",
        "tm:protect",
        "tm:raindance",
        "tm:reflect",
        "tm:rest",
        "tm:return",
        "tm:risingvoltage",
        "tm:shadowball",
        "tm:sleeptalk",
        "tm:substitute",
        "tm:sunnyday",
        "tm:thief",
        "tm:thunder",
        "tm:thunderbolt",
        "tm:thunderwave",
        "tm:toxic",
        "tm:voltswitch",
        "tm:willowisp",
        "tutor:confide",
        "tutor:electricterrain",
        "tutor:electroball",
        "tutor:electroweb",
        "tutor:foulplay",
        "tutor:helpinghand",
        "tutor:hex",
        "tutor:hypervoice",
        "tutor:nastyplot",
        "tutor:painsplit",
        "tutor:psychup",
        "tutor:signalbeam",
        "tutor:snatch",
        "tutor:snore",
        "tutor:spite",
        "tutor:storedpower",
        "tutor:trick",
        "tutor:uproar"
      ],
      "evolutions": [],
      "battleOnly": false
    },
    {
      "name": "Wash",
      "primaryType": "electric",
      "secondaryType": "water",
      "maleRatio": -1,
      "height": 3,
      "weight": 3,
      "pokedex": [
        "cobblemon.species.rotom-wash.desc"
      ],
      "labels": [
        "gen4"
      ],
      "aspects": [
        "wash-appliance"
      ],
      "baseStats": {
        "hp": 50,
        "attack": 65,
        "defence": 107,
        "special_attack": 105,
        "special_defence": 107,
        "speed": 86
      },
      "baseExperienceYield": 182,
      "moves": [
        "1:astonish",
        "1:charge",
        "1:confuseray",
        "1:defog",
        "1:discharge",
        "form_change:hydropump",
        "1:thundershock",
        "1:thunderwave",
        "8:uproar",
        "22:shockwave",
        "29:ominouswind",
        "36:substitute",
        "43:electroball",
        "form_change:scald",
        "50:hex",
        "tm:chargebeam",
        "tm:darkpulse",
        "tm:defog",
        "tm:electroweb",
        "tm:facade",
        "tm:flash",
        "tm:hiddenpower",
        "tm:hypervoice",
        "tm:lightscreen",
        "tm:poltergeist",
        "tm:protect",
        "tm:raindance",
        "tm:reflect",
        "tm:rest",
        "tm:return",
        "tm:risingvoltage",
        "tm:shadowball",
        "tm:sleeptalk",
        "tm:substitute",
        "tm:sunnyday",
        "form_change:surf",
        "tm:thief",
        "tm:thunder",
        "tm:thunderbolt",
        "tm:thunderwave",
        "tm:toxic",
        "tm:voltswitch",
        "tm:willowisp",
        "tutor:confide",
        "tutor:electricterrain",
        "tutor:electroball",
        "tutor:electroweb",
        "tutor:foulplay",
        "tutor:helpinghand",
        "tutor:hex",
        "tutor:hypervoice",
        "tutor:nastyplot",
        "tutor:painsplit",
        "tutor:psychup",
        "tutor:signalbeam",
        "tutor:snatch",
        "tutor:snore",
        "tutor:spite",
        "tutor:storedpower",
        "tutor:trick",
        "tutor:uproar"
      ],
      "evolutions": [],
      "battleOnly": false
    },
    {
      "name": "Frost",
      "primaryType": "electric",
      "secondaryType": "ice",
      "maleRatio": -1,
      "height": 3,
      "weight": 3,
      "pokedex": [
        "cobblemon.species.rotom-frost.desc"
      ],
      "labels": [
        "gen4"
      ],
      "aspects": [
        "frost-appliance"
      ],
      "baseStats": {
        "hp": 50,
        "attack": 65,
        "defence": 107,
        "special_attack": 105,
        "special_defence": 107,
        "speed": 86
      },
      "baseExperienceYield": 182,
      "moves": [
        "1:astonish",
        "form_change:blizzard",
        "1:charge",
        "1:confuseray",
        "1:defog",
        "1:discharge",
        "1:thundershock",
        "1:thunderwave",
        "8:uproar",
        "22:shockwave",
        "29:ominouswind",
        "36:substitute",
        "43:electroball",
        "form_change:frostbreath",
        "50:hex",
        "54:freezedry",
        "tm:chargebeam",
        "tm:darkpulse",
        "tm:defog",
        "tm:electroweb",
        "tm:facade",
        "tm:flash",
        "tm:hiddenpower",
        "tm:hypervoice",
        "form_change:icebeam",
        "tm:lightscreen",
        "tm:poltergeist",
        "tm:protect",
        "tm:raindance",
        "tm:reflect",
        "tm:rest",
        "tm:return",
        "tm:risingvoltage",
        "tm:shadowball",
        "tm:sleeptalk",
        "tm:substitute",
        "tm:sunnyday",
        "tm:thief",
        "tm:thunder",
        "tm:thunderbolt",
        "tm:thunderwave",
        "tm:toxic",
        "tm:voltswitch",
        "tm:willowisp",
        "tutor:confide",
        "tutor:electricterrain",
        "tutor:electroball",
        "tutor:electroweb",
        "tutor:foulplay",
        "tutor:helpinghand",
        "tutor:hex",
        "tutor:hypervoice",
        "tutor:nastyplot",
        "tutor:painsplit",
        "tutor:psychup",
        "tutor:signalbeam",
        "tutor:snatch",
        "tutor:snore",
        "tutor:spite",
        "tutor:storedpower",
        "tutor:trick",
        "tutor:uproar"
      ],
      "evolutions": [],
      "battleOnly": false
    },
    {
      "name": "Fan",
      "primaryType": "electric",
      "secondaryType": "flying",
      "abilities": [
        "motordrive",
        "h:motordrive"
      ],
      "maleRatio": -1,
      "height": 3,
      "weight": 3,
      "pokedex": [
        "cobblemon.species.rotom-fan.desc"
      ],
      "labels": [
        "gen4"
      ],
      "aspects": [
        "fan-appliance"
      ],
      "baseStats": {
        "hp": 50,
        "attack": 65,
        "defence": 107,
        "special_attack": 105,
        "special_defence": 107,
        "speed": 86
      },
      "baseExperienceYield": 182,
      "moves": [
        "1:astonish",
        "1:charge",
        "1:confuseray",
        "1:defog",
        "1:discharge",
        "form_change:hurricane",
        "1:thundershock",
        "1:thunderwave",
        "8:uproar",
        "22:shockwave",
        "29:ominouswind",
        "36:substitute",
        "43:electroball",
        "form_change:airslash",
        "50:hex",
        "tm:chargebeam",
        "tm:darkpulse",
        "tm:defog",
        "tm:electroweb",
        "tm:facade",
        "tm:flash",
        "tm:hiddenpower",
        "tm:hypervoice",
        "tm:lightscreen",
        "tm:poltergeist",
        "tm:protect",
        "tm:raindance",
        "tm:reflect",
        "tm:rest",
        "tm:return",
        "tm:risingvoltage",
        "tm:shadowball",
        "tm:sleeptalk",
        "tm:substitute",
        "tm:sunnyday",
        "tm:thief",
        "tm:thunder",
        "tm:thunderbolt",
        "tm:thunderwave",
        "tm:toxic",
        "tm:voltswitch",
        "tm:willowisp",
        "tutor:confide",
        "tutor:electricterrain",
        "tutor:electroball",
        "tutor:electroweb",
        "tutor:foulplay",
        "tutor:helpinghand",
        "tutor:hex",
        "tutor:hypervoice",
        "tutor:nastyplot",
        "tutor:painsplit",
        "tutor:psychup",
        "tutor:signalbeam",
        "tutor:snatch",
        "tutor:snore",
        "tutor:spite",
        "tutor:storedpower",
        "tutor:trick",
        "tutor:uproar"
      ],
      "evolutions": [],
      "battleOnly": false
    },
    {
      "name": "Mow",
      "primaryType": "electric",
      "secondaryType": "grass",
      "maleRatio": -1,
      "height": 3,
      "weight": 3,
      "pokedex": [
        "cobblemon.species.rotom-mow.desc"
      ],
      "labels": [
        "gen4"
      ],
      "aspects": [
        "mow-appliance"
      ],
      "baseStats": {
        "hp": 50,
        "attack": 65,
        "defence": 107,
        "special_attack": 105,
        "special_defence": 107,
        "speed": 86
      },
      "baseExperienceYield": 182,
      "moves": [
        "1:astonish",
        "1:charge",
        "1:confuseray",
        "1:defog",
        "1:discharge",
        "form_change:leafstorm",
        "1:thundershock",
        "1:thunderwave",
        "8:uproar",
        "22:shockwave",
        "29:ominouswind",
        "36:substitute",
        "43:electroball",
        "form_change:gigadrain",
        "50:hex",
        "form_change:chloroblast",
        "tm:chargebeam",
        "tm:darkpulse",
        "tm:defog",
        "tm:electroweb",
        "tm:facade",
        "tm:flash",
        "tm:hiddenpower",
        "tm:hypervoice",
        "tm:lightscreen",
        "tm:poltergeist",
        "tm:protect",
        "tm:raindance",
        "tm:reflect",
        "tm:rest",
        "tm:return",
        "tm:risingvoltage",
        "tm:shadowball",
        "tm:sleeptalk",
        "tm:substitute",
        "tm:sunnyday",
        "tm:thief",
        "tm:thunder",
        "tm:thunderbolt",
        "tm:thunderwave",
        "tm:toxic",
        "tm:voltswitch",
        "tm:willowisp",
        "tutor:confide",
        "tutor:electricterrain",
        "tutor:electroball",
        "tutor:electroweb",
        "tutor:foulplay",
        "tutor:helpinghand",
        "tutor:hex",
        "tutor:hypervoice",
        "tutor:nastyplot",
        "tutor:painsplit",
        "tutor:psychup",
        "tutor:signalbeam",
        "tutor:snatch",
        "tutor:snore",
        "tutor:spite",
        "tutor:storedpower",
        "tutor:trick",
        "tutor:uproar"
      ],
      "evolutions": [],
      "battleOnly": false
    }
  ]
}