{
  "nationalPokedexNumber": 413,
  "name": "Wormadam",
  "primaryType": "bug",
  "secondaryType": "grass",
  "maleRatio": 0,
  "height": 5,
  "weight": 65,
  "pokedex": [
    "cobblemon.species.wormadam.desc"
  ],
  "labels": [
    "gen4"
  ],
  "aspects": [
    "plant-cloak"
  ],
  "abilities": [
    "overcoat",
    "h:overcoat"
  ],
  "eggGroups": [
    "bug"
  ],
  "baseStats": {
    "hp": 60,
    "attack": 59,
    "defence": 85,
    "special_attack": 79,
    "special_defence": 105,
    "speed": 36
  },
  "evYield": {
    "hp": 0,
    "attack": 0,
    "defence": 0,
    "special_attack": 0,
    "special_defence": 2,
    "speed": 0
  },
  "baseExperienceYield": 148,
  "experienceGroup": "medium_fast",
  "catchRate": 45,
  "eggCycles": 15,
  "baseFriendship": 50,
  "drops": {
    "amount": 3,
    "entries": [
      {
        "item": "minecraft:string",
        "quantityRange": "0-2"
      },
      {
        "item": "cobblemon:occa_berry",
        "percentage": 5.0
      }
    ]
  },
  "moves": [
    "1:bugbite",
    "1:pounce",
    "1:quiverdance",
    "1:suckerpunch",
    "1:tackle",
    "10:detect",
    "16:magicalleaf",
    "20:hiddenpower",
    "23:silverwind",
    "26:megadrain",
    "29:growth",
    "32:gigadrain",
    "35:captivate",
    "38:signalbeam",
    "41:attract",
    "44:psychic",
    "47:leafstorm",
    "50:bugbuzz",
    "tm:bulletseed",
    "tm:dig",
    "tm:dualwingbeat",
    "tm:electroweb",
    "tm:energyball",
    "tm:facade",
    "tm:flash",
    "tm:gigadrain",
    "tm:grassknot",
    "tm:hiddenpower",
    "tm:protect",
    "tm:psychic",
    "tm:raindance",
    "tm:rest",
    "tm:return",
    "tm:shadowball",
    "tm:sleeptalk",
    "tm:solarbeam",
    "tm:substitute",
    "tm:sunnyday",
    "tm:thief",
    "tm:toxic",
    "tm:venoshock",
    "tutor:bugbite",
    "tutor:bugbuzz",
    "tutor:confide",
    "tutor:electroweb",
    "tutor:endeavor",
    "tutor:leafstorm",
    "tutor:psychup",
    "tutor:seedbomb",
    "tutor:signalbeam",
    "tutor:snore",
    "tutor:synthesis",
    "tutor:uproar",
    "tutor:worryseed"
  ],
  "preEvolution": "burmy",
  "evolutions": [],
  "forms": [
    {
      "name": "Sandy",
      "primaryType": "bug",
      "secondaryType": "ground",
      "maleRatio": 0,
      "height": 5,
      "weight": 65,
      "pokedex": [
        "cobblemon.species.wormadam-sandy.desc"
      ],
      "labels": [
        "gen4"
      ],
      "aspects": [
        "sandy-cloak"
      ],
      "baseStats": {
        "hp": 60,
        "attack": 59,
        "defence": 105,
        "special_attack": 79,
        "special_defence": 85,
        "speed": 36
      },
      "evYield": {
        "hp": 0,
        "attack": 0,
        "defence": 2,
        "special_attack": 0,
        "special_defence": 0,
        "speed": 0
      },
      "moves": [
        "1:bugbite",
        "1:pounce",
        "1:quiverdance",
        "1:suckerpunch",
        "1:tackle",
        "10:detect",
        "16:mudshot",
        "20:hiddenpower",
        "23:silverwind",
        "29:harden",
        "32:earthpower",
        "35:captivate",
        "38:flail",
        "41:attract",
        "44:psychic",
        "47:powergem",
        "50:bugbuzz",
        "tm:bulldoze",
        "tm:dig",
        "tm:dualwingbeat",
        "tm:earthquake",
        "tm:electroweb",
        "tm:facade",
        "tm:flash",
        "tm:gigadrain",
        "tm:hiddenpower",
        "tm:protect",
        "tm:psychic",
        "tm:raindance",
        "tm:rest",
        "tm:return",
        "tm:rocktomb",
        "tm:sandstorm",
        "tm:shadowball",
        "tm:sleeptalk",
        "tm:stealthrock",
        "tm:substitute",
        "tm:sunnyday",
        "tm:thief",
        "tm:toxic",
        "tm:venoshock",
        "tutor:bugbite",
        "tutor:bugbuzz",
        "tutor:confide",
        "tutor:earthpower",
        "tutor:electroweb",
        "tutor:endeavor",
        "tutor:powergem",
        "tutor:psychup",
        "tutor:rockblast",
        "tutor:signalbeam",
        "tutor:snore",
        "tutor:uproar"
      ],
      "preEvolution": "burmy",
      "evolutions": [],
      "battleOnly": false
    },
    {
      "name": "Trash",
      "primaryType": "bug",
      "secondaryType": "steel",
      "maleRatio": 0,
      "height": 5,
      "weight": 65,
      "pokedex": [
        "cobblemon.species.wormadam-trash.desc"
      ],
      "labels": [
        "gen4"
      ],
      "aspects": [
        "trash-cloak"
      ],
      "baseStats": {
        "hp": 60,
        "attack": 59,
        "defence": 95,
        "special_attack": 79,
        "special_defence": 95,
        "speed": 36
      },
      "evYield": {
        "hp": 0,
        "attack": 0,
        "defence": 1,
        "special_attack": 0,
        "special_defence": 1,
        "speed": 0
      },
      "moves": [
        "1:bugbite",
        "1:metalburst",
        "1:pounce",
        "1:quiverdance",
        "1:suckerpunch",
        "1:tackle",
        "10:detect",
        "16:mirrorshot",
        "20:hiddenpower",
        "23:silverwind",
        "29:metalsound",
        "32:flashcannon",
        "35:captivate",
        "38:signalbeam",
        "41:attract",
        "44:psychic",
        "47:ironhead",
        "50:bugbuzz",
        "tm:dig",
        "tm:dualwingbeat",
        "tm:electroweb",
        "tm:facade",
        "tm:flash",
        "tm:flashcannon",
        "tm:gigadrain",
        "tm:gyroball",
        "tm:hiddenpower",
        "tm:protect",
        "tm:psychic",
        "tm:raindance",
        "tm:rest",
        "tm:return",
        "tm:shadowball",
        "tm:sleeptalk",
        "tm:stealthrock",
        "tm:steelbeam",
        "tm:substitute",
        "tm:sunnyday",
        "tm:thief",
        "tm:toxic",
        "tm:venoshock",
        "tutor:bugbite",
        "tutor:bugbuzz",
        "tutor:confide",
        "tutor:electroweb",
        "tutor:endeavor",
        "tutor:gunkshot",
        "tutor:irondefense",
        "tutor:ironhead",
        "tutor:magnetrise",
        "tutor:psychup",
        "tutor:signalbeam",
        "tutor:snore",
        "tutor:uproar"
      ],
      "preEvolution": "burmy",
      "evolutions": [],
      "battleOnly": false
    }
  ]
}