{
  "implemented": true,
  "nationalPokedexNumber": 144,
  "name": "Articuno",
  "primaryType": "ice",
  "secondaryType": "flying",
  "maleRatio": -1,
  "height": 17,
  "weight": 554,
  "pokedex": [
    "cobblemon.species.articuno.desc"
  ],
  "labels": [
    "gen1",
    "legendary",
    "kantonian_form"
  ],
  "aspects": [],
  "abilities": [
    "pressure",
    "h:shielddust"
  ],
  "eggGroups": [
    "undiscovered"
  ],
  "baseStats": {
    "hp": 90,
    "attack": 70,
    "defence": 100,
    "special_attack": 95,
    "special_defence": 125,
    "speed": 100
  },
  "evYield": {
    "hp": 0,
    "attack": 0,
    "defence": 0,
    "special_attack": 0,
    "special_defence": 3,
    "speed": 0
  },
  "baseExperienceYield": 290,
  "experienceGroup": "slow",
  "catchRate": 3,
  "eggCycles": 80,
  "baseFriendship": 35,
  "features": [
    "galarian"
  ],
  "baseScale": 1.5,
  "hitbox": {
    "width": 0.7,
    "height": 1.8,
    "fixed": false
  },
  "behaviour": {
    "moving": {
      "fly": {
        "canFly": true
      }
    }
  },
  "drops": {
    "amount": 6,
    "entries": [
      {
        "item": "minecraft:feather",
        "quantityRange": "2-4"
      },
      {
        "item": "minecraft:chicken"
      },
      {
        "item": "cobblemon:never_melt_ice"
      }
    ]
  },
  "moves": [
    "1:gust",
    "1:haze",
    "1:powdersnow",
    "8:mist",
    "15:iceshard",
    "22:mindreader",
    "29:ancientpower",
    "36:agility",
    "43:freezedry",
    "50:reflect",
    "57:frostbreath",
    "60:bleakwindstorm",
    "64:tailwind",
    "71:hurricane",
    "78:blizzard",
    "85:roost",
    "92:snowscape",
    "tm:aerialace",
    "tm:blizzard",
    "tm:bravebird",
    "tm:calmmind",
    "tm:defog",
    "tm:dualwingbeat",
    "tm:facade",
    "tm:fly",
    "tm:focusblast",
    "tm:frostbreath",
    "tm:snowscape",
    "tm:hiddenpower",
    "tm:icebeam",
    "tm:icespinner",
    "tm:icywind",
    "tm:pluck",
    "tm:protect",
    "tm:raindance",
    "tm:reflect",
    "tm:rest",
    "tm:return",
    "tm:roar",
    "tm:rocksmash",
    "tm:roost",
    "tm:sandstorm",
    "tm:sleeptalk",
    "tm:steelwing",
    "tm:substitute",
    "tm:sunnyday",
    "tm:toxic",
    "tm:uturn",
    "tutor:agility",
    "tutor:airslash",
    "tutor:aurasphere",
    "tutor:bravebird",
    "tutor:confide",
    "tutor:healbell",
    "tutor:hurricane",
    "tutor:iciclespear",
    "tutor:icywind",
    "tutor:laserfocus",
    "tutor:signalbeam",
    "tutor:skyattack",
    "tutor:snore",
    "tutor:tailwind",
    "tutor:weatherball"
  ],
  "evolutions": [],
  "forms": [
    {
      "name": "Galar",
      "primaryType": "psychic",
      "secondaryType": "flying",
      "maleRatio": -1,
      "height": 17,
      "weight": 509,
      "pokedex": [
        "cobblemon.species.articuno-galar.desc"
      ],
      "labels": [
        "gen8",
        "legendary",
        "galarian_form"
      ],
      "aspects": [
        "galarian"
      ],
      "abilities": [
        "competitive",
        "h:competitive"
      ],
      "baseStats": {
        "hp": 90,
        "attack": 70,
        "defence": 95,
        "special_attack": 125,
        "special_defence": 100,
        "speed": 100
      },
      "evYield": {
        "hp": 0,
        "attack": 0,
        "defence": 0,
        "special_attack": 3,
        "special_defence": 0,
        "speed": 0
      },
      "eggCycles": 120,
      "drops": {
        "amount": 6,
        "entries": [
          {
            "item": "minecraft:feather",
            "quantityRange": "2-4"
          },
          {
            "item": "minecraft:chicken"
          },
          {
            "item": "cobblemon:twisted_spoon"
          }
        ]
      },
      "moves": [
        "1:gust",
        "1:psychoshift",
        "1:tailwind",
        "5:confusion",
        "10:reflect",
        "15:hypnosis",
        "20:agility",
        "25:ancientpower",
        "35:psychocut",
        "40:recover",
        "45:freezingglare",
        "50:dreameater",
        "55:hurricane",
        "60:mindreader",
        "65:futuresight",
        "70:trickroom",
        "tm:aerialace",
        "tm:bravebird",
        "tm:calmmind",
        "tm:defog",
        "tm:dualwingbeat",
        "tm:expandingforce",
        "tm:facade",
        "tm:fly",
        "tm:focusblast",
        "tm:aurasphere",
        "tm:futuresight",
        "tm:hypervoice",
        "tm:lightscreen",
        "tm:protect",
        "tm:psyshock",
        "tm:reflect",
        "tm:rest",
        "tm:roost",
        "tm:shadowball",
        "tm:sleeptalk",
        "tm:steelwing",
        "tm:substitute",
        "tm:toxic",
        "tm:trickroom",
        "tm:uturn",
        "tm:hiddenpower",
        "tm:psychicnoise",
        "tutor:airslash",
        "tutor:bravebird",
        "tutor:confide",
        "tutor:healbell",
        "tutor:hurricane",
        "tutor:laserfocus",
        "tutor:signalbeam",
        "tutor:skyattack",
        "tutor:storedpower",
        "tutor:tailwind"
      ],
      "evolutions": [],
      "battleOnly": false
    }
  ]
}