{
  "implemented": true,
  "nationalPokedexNumber": 50,
  "name": "Diglett",
  "primaryType": "ground",
  "maleRatio": 0.5,
  "height": 2,
  "weight": 8,
  "pokedex": [
    "cobblemon.species.diglett.desc"
  ],
  "labels": [
    "gen1", 
    "kantonian_form"
  ],
  "aspects": [],
  "abilities": [
    "sandveil",
    "arenatrap",
    "h:sandforce"
  ],
  "eggGroups": [
    "field"
  ],
  "baseStats": {
    "hp": 10,
    "attack": 55,
    "defence": 25,
    "special_attack": 35,
    "special_defence": 45,
    "speed": 95
  },
  "evYield": {
    "hp": 0,
    "attack": 0,
    "defence": 0,
    "special_attack": 0,
    "special_defence": 0,
    "speed": 1
  },
  "baseExperienceYield": 53,
  "experienceGroup": "medium_fast",
  "catchRate": 255,
  "eggCycles": 20,
  "baseFriendship": 50,
  "features": [
    "alolan"
  ],
  "baseScale": 0.8,
  "hitbox": {
    "width": 0.5,
    "height": 0.7,
    "fixed": false
  },
  "behaviour": {
    "resting": {
      "canSleep": true,
      "light": "0-4"
    },
    "moving": {
      "swim": {
        "canSwimInWater": false,
        "avoidsWater": true
      }
    }
  },
  "drops": {
    "amount": 4,
    "entries": [
      {
        "item": "minecraft:dirt",
        "quantityRange": "0-1"
      },
      {
        "item": "minecraft:potato",
        "percentage": 2.5
      },
      {
        "item": "cobblemon:big_root",
        "percentage": 2.5
      },
      {
        "item": "cobblemon:soft_sand",
        "percentage": 2.5
      }
    ]
  },
  "moves": [
    "1:scratch",
    "4:growl",
    "7:rockblast",
    "10:mudslap",
    "14:magnitude",
    "18:bulldoze",
    "22:suckerpunch",
    "25:mudbomb",
    "28:earthpower",
    "31:dig",
    "35:slash",
    "39:earthquake",
    "egg:ancientpower",
    "egg:astonish",
    "egg:beatup",
    "egg:endure",
    "egg:feintattack",
    "egg:finalgambit",
    "egg:headbutt",
    "egg:memento",
    "egg:mudbomb",
    "egg:pursuit",
    "egg:reversal",
    "egg:screech",
    "egg:uproar",
    "tm:aerialace",
    "tm:bulldoze",
    "tm:cut",
    "tm:dig",
    "tm:earthquake",
    "tm:facade",
    "tm:hiddenpower",
    "tm:honeclaws",
    "tm:protect",
    "tm:rest",
    "tm:return",
    "tm:rockslide",
    "tm:rocksmash",
    "tm:rocktomb",
    "tm:sandstorm",
    "tm:scorchingsands",
    "tm:shadowclaw",
    "tm:sleeptalk",
    "tm:sludgebomb",
    "tm:stealthrock",
    "tm:substitute",
    "tm:sunnyday",
    "tm:thief",
    "tm:toxic",
    "tm:workup",
    "tutor:agility",
    "tutor:bodyslam",
    "tutor:confide",
    "tutor:earthpower",
    "tutor:reversal",
    "tutor:rockblast",
    "tutor:screech",
    "tutor:snore",
    "tutor:stompingtantrum",
    "tutor:uproar"
  ],
  "evolutions": [
    {
      "id": "diglett_dugtrio",
      "variant": "level_up",
      "result": "dugtrio",
      "consumeHeldItem": false,
      "learnableMoves": [
        "sandtomb"
      ],
      "requirements": [
        {
          "variant": "level",
          "minLevel": 26
        }
      ]
    }
  ],
  "forms": [
    {
      "name": "Alola",
      "primaryType": "ground",
      "secondaryType": "steel",
      "maleRatio": 0.5,
      "height": 2,
      "weight": 10,
      "pokedex": [
        "cobblemon.species.diglett-alola.desc"
      ],
      "labels": [
        "gen7",
        "alolan_form"
      ],
      "aspects": [
        "alolan"
      ],
      "abilities": [
        "sandveil",
        "tanglinghair",
        "h:sandforce"
      ],
      "baseStats": {
        "hp": 10,
        "attack": 55,
        "defence": 30,
        "special_attack": 35,
        "special_defence": 45,
        "speed": 90
      },
      "moves": [
        "1:metalclaw",
        "4:growl",
        "7:rockblast",
        "10:mudslap",
        "14:magnitude",
        "18:bulldoze",
        "22:suckerpunch",
        "25:mudbomb",
        "28:earthpower",
        "31:dig",
        "35:ironhead",
        "39:earthquake",
        "egg:ancientpower",
        "egg:beatup",
        "egg:endure",
        "egg:feintattack",
        "egg:finalgambit",
        "egg:headbutt",
        "egg:memento",
        "egg:metalsound",
        "egg:pursuit",
        "egg:reversal",
        "egg:thrash",
        "tm:aerialace",
        "tm:bulldoze",
        "tm:cut",
        "tm:dig",
        "tm:earthquake",
        "tm:facade",
        "tm:flashcannon",
        "tm:hiddenpower",
        "tm:honeclaws",
        "tm:protect",
        "tm:rest",
        "tm:return",
        "tm:rockslide",
        "tm:rocktomb",
        "tm:sandstorm",
        "tm:scorchingsands",
        "tm:shadowclaw",
        "tm:sleeptalk",
        "tm:sludgebomb",
        "tm:stealthrock",
        "tm:steelbeam",
        "tm:substitute",
        "tm:sunnyday",
        "tm:thief",
        "tm:toxic",
        "tm:workup",
        "tutor:agility",
        "tutor:bodyslam",
        "tutor:confide",
        "tutor:earthpower",
        "tutor:irondefense",
        "tutor:ironhead",
        "tutor:reversal",
        "tutor:rockblast",
        "tutor:screech",
        "tutor:snore",
        "tutor:stompingtantrum",
        "tutor:uproar"
      ],
      "evolutions": [
        {
          "id": "diglett_dugtrioalola",
          "variant": "level_up",
          "result": "dugtrio alolan",
          "consumeHeldItem": false,
          "learnableMoves": [
            "sandtomb"
          ],
          "requirements": [
            {
              "variant": "level",
              "minLevel": 26
            }
          ]
        }
      ],
      "battleOnly": false,
      "drops": {
        "amount": 4,
        "entries": [
          {
            "item": "minecraft:coarse_dirt",
            "quantityRange": "0-1"
          },
          {
            "item": "minecraft:potato",
            "percentage": 2.5
          },
          {
            "item": "cobblemon:big_root",
            "percentage": 2.5
          },
          {
            "item": "cobblemon:soft_sand",
            "percentage": 2.5
          }
        ]
      }
    }
  ]
}