{
  "implemented": true,
  "nationalPokedexNumber": 51,
  "name": "Dugtrio",
  "primaryType": "ground",
  "maleRatio": 0.5,
  "height": 7,
  "weight": 333,
  "pokedex": [
    "cobblemon.species.dugtrio.desc"
  ],
  "labels": [
    "gen1",
    "kantonian_form"
  ],
  "aspects": [],
  "abilities": [
    "sandveil",
    "arenatrap",
    "h:sandforce"
  ],
  "eggGroups": [
    "field"
  ],
  "baseStats": {
    "hp": 35,
    "attack": 100,
    "defence": 50,
    "special_attack": 50,
    "special_defence": 70,
    "speed": 120
  },
  "evYield": {
    "hp": 0,
    "attack": 0,
    "defence": 0,
    "special_attack": 0,
    "special_defence": 0,
    "speed": 2
  },
  "baseExperienceYield": 149,
  "experienceGroup": "medium_fast",
  "catchRate": 50,
  "eggCycles": 20,
  "baseFriendship": 50,
  "features": [
    "alolan"
  ],
  "baseScale": 0.8,
  "hitbox": {
    "width": 1.05,
    "height": 1.1,
    "fixed": false
  },
  "behaviour": {
    "resting": {
      "canSleep": true,
      "light": "0-4"
    },
    "moving": {
      "swim": {
        "canSwimInWater": false,
        "avoidsWater": true
      }
    }
  },
  "drops": {
    "amount": 5,
    "entries": [
      {
        "item": "minecraft:dirt",
        "quantityRange": "0-2"
      },
      {
        "item": "minecraft:potato",
        "percentage": 5.0
      },
      {
        "item": "cobblemon:big_root",
        "percentage": 5.0
      },
      {
        "item": "cobblemon:soft_sand",
        "percentage": 5.0
      }
    ]
  },
  "moves": [
    "1:nightslash",
    "1:rockblast",
    "1:rototiller",
    "1:sandtomb",
    "1:scratch",
    "1:triattack",
    "4:growl",
    "7:astonish",
    "10:mudslap",
    "14:magnitude",
    "18:bulldoze",
    "22:suckerpunch",
    "25:mudbomb",
    "30:earthpower",
    "35:dig",
    "41:slash",
    "47:earthquake",
    "egg:ancientpower",
    "egg:astonish",
    "egg:beatup",
    "egg:endure",
    "egg:feintattack",
    "egg:finalgambit",
    "egg:headbutt",
    "egg:memento",
    "egg:mudbomb",
    "egg:pursuit",
    "egg:reversal",
    "egg:screech",
    "egg:uproar",
    "tm:aerialace",
    "tm:bulldoze",
    "tm:cut",
    "tm:dig",
    "tm:earthquake",
    "tm:facade",
    "tm:hiddenpower",
    "tm:honeclaws",
    "tm:protect",
    "tm:rest",
    "tm:return",
    "tm:rockslide",
    "tm:rocksmash",
    "tm:rocktomb",
    "tm:sandstorm",
    "tm:scorchingsands",
    "tm:shadowclaw",
    "tm:sleeptalk",
    "tm:sludgebomb",
    "tm:sludgewave",
    "tm:stealthrock",
    "tm:stoneedge",
    "tm:substitute",
    "tm:sunnyday",
    "tm:swordsdance",
    "tm:thief",
    "tm:toxic",
    "tm:workup",
    "tutor:agility",
    "tutor:bodyslam",
    "tutor:confide",
    "tutor:earthpower",
    "tutor:highhorsepower",
    "tutor:reversal",
    "tutor:rockblast",
    "tutor:sandtomb",
    "tutor:screech",
    "tutor:snore",
    "tutor:stompingtantrum",
    "tutor:uproar"
  ],
  "preEvolution": "diglett",
  "evolutions": [],
  "forms": [
    {
      "name": "Alola",
      "primaryType": "ground",
      "secondaryType": "steel",
      "maleRatio": 0.5,
      "height": 7,
      "weight": 666,
      "pokedex": [
        "cobblemon.species.dugtrio-alola.desc"
      ],
      "labels": [
        "gen7",
        "alolan_form"
      ],
      "aspects": [
        "alolan"
      ],
      "abilities": [
        "sandveil",
        "tanglinghair",
        "h:sandforce"
      ],
      "baseStats": {
        "hp": 35,
        "attack": 110,
        "defence": 60,
        "special_attack": 50,
        "special_defence": 70,
        "speed": 110
      },
      "evYield": {
        "hp": 0,
        "attack": 2,
        "defence": 0,
        "special_attack": 0,
        "special_defence": 0,
        "speed": 0
      },
      "moves": [
        "1:metalclaw",
        "1:nightslash",
        "1:rockslide",
        "1:rototiller",
        "1:sandtomb",
        "1:triattack",
        "4:growl",
        "7:astonish",
        "10:mudslap",
        "14:magnitude",
        "18:bulldoze",
        "22:suckerpunch",
        "25:mudbomb",
        "30:earthpower",
        "35:dig",
        "41:ironhead",
        "47:earthquake",
        "egg:ancientpower",
        "egg:beatup",
        "egg:endure",
        "egg:feintattack",
        "egg:finalgambit",
        "egg:headbutt",
        "egg:memento",
        "egg:metalsound",
        "egg:pursuit",
        "egg:reversal",
        "egg:thrash",
        "tm:aerialace",
        "tm:bulldoze",
        "tm:cut",
        "tm:dig",
        "tm:earthquake",
        "tm:facade",
        "tm:flashcannon",
        "tm:hiddenpower",
        "tm:honeclaws",
        "tm:protect",
        "tm:rest",
        "tm:return",
        "tm:rockslide",
        "tm:rocktomb",
        "tm:sandstorm",
        "tm:scorchingsands",
        "tm:shadowclaw",
        "tm:sleeptalk",
        "tm:sludgebomb",
        "tm:sludgewave",
        "tm:stealthrock",
        "tm:steelbeam",
        "tm:stoneedge",
        "tm:substitute",
        "tm:sunnyday",
        "tm:swordsdance",
        "tm:thief",
        "tm:workup",
        "tutor:agility",
        "tutor:bodyslam",
        "tutor:confide",
        "tutor:earthpower",
        "tutor:highhorsepower",
        "tutor:irondefense",
        "tutor:ironhead",
        "tutor:reversal",
        "tutor:rockblast",
        "tutor:sandtomb",
        "tutor:screech",
        "tutor:snore",
        "tutor:stompingtantrum",
        "tutor:uproar"
      ],
      "preEvolution": "diglett alolan",
      "evolutions": [],
      "battleOnly": false,
      "drops": {
        "amount": 5,
        "entries": [
          {
            "item": "minecraft:coarse_dirt",
            "quantityRange": "0-2"
          },
          {
            "item": "minecraft:potato",
            "percentage": 5.0
          },
          {
            "item": "cobblemon:big_root",
            "percentage": 5.0
          },
          {
            "item": "cobblemon:soft_sand",
            "percentage": 5.0
          }
        ]
      }
    }
  ]
}