{
  "implemented": true,
  "nationalPokedexNumber": 101,
  "name": "Electrode",
  "primaryType": "electric",
  "maleRatio": -1,
  "height": 12,
  "weight": 666,
  "pokedex": [
    "cobblemon.species.electrode.desc"
  ],
  "labels": [
    "gen1",
    "kantonian_form"
  ],
  "aspects": [],
  "abilities": [
    "soundproof",
    "static",
    "h:galvanize"
  ],
  "eggGroups": [
    "mineral"
  ],
  "baseStats": {
    "hp": 60,
    "attack": 55,
    "defence": 70,
    "special_attack": 100,
    "special_defence": 80,
    "speed": 150
  },
  "evYield": {
    "hp": 0,
    "attack": 0,
    "defence": 0,
    "special_attack": 0,
    "special_defence": 0,
    "speed": 2
  },
  "baseExperienceYield": 172,
  "experienceGroup": "medium_fast",
  "catchRate": 60,
  "eggCycles": 20,
  "baseFriendship": 50,
  "features": [
    "hisuian"
  ],
  "baseScale": 0.9,
  "hitbox": {
    "width": 1.2,
    "height": 1.15,
    "fixed": false
  },
  "behaviour": {
    "moving": {
      "swim": {
        "avoidsWater": true,
        "canSwimInWater": false
      }
    }
  },
  "drops": {
    "amount": 2,
    "entries": [
      {
        "item": "minecraft:gunpowder",
        "quantityRange": "0-2"
      }
    ]
  },
  "moves": [
    "1:charge",
    "1:magneticflux",
    "1:sonicboom",
    "1:tackle",
    "1:triattack",
    "6:eerieimpulse",
    "9:shockwave",
    "11:rollout",
    "13:screech",
    "16:chargebeam",
    "20:swift",
    "22:electroball",
    "26:selfdestruct",
    "29:lightscreen",
    "36:magnetrise",
    "41:discharge",
    "44:explosion",
    "47:gyroball",
    "54:mirrorcoat",
    "57:courtchange",
    "egg:metalsound",
    "egg:recycle",
    "tm:chargebeam",
    "tm:explosion",
    "tm:facade",
    "tm:flash",
    "tm:flashcannon",
    "tm:focusblast",
    "tm:aurasphere",
    "tm:gyroball",
    "tm:hiddenpower",
    "tm:hypervoice",
    "tm:lightscreen",
    "tm:protect",
    "tm:raindance",
    "tm:reflect",
    "tm:rest",
    "tm:return",
    "tm:risingvoltage",
    "tm:sleeptalk",
    "tm:substitute",
    "tm:taunt",
    "tm:teleport",
    "tm:thief",
    "tm:thunder",
    "tm:thunderbolt",
    "tm:thunderwave",
    "tm:toxic",
    "tm:voltswitch",
    "tm:wildcharge",
    "tm:supercellslam",
    "tutor:agility",
    "tutor:confide",
    "tutor:electroball",
    "tutor:foulplay",
    "tutor:magiccoat",
    "tutor:magnetrise",
    "tutor:screech",
    "tutor:signalbeam",
    "tutor:snore",
    "tutor:weatherball"
  ],
  "preEvolution": "voltorb",
  "evolutions": [],
  "forms": [
    {
      "name": "Hisui",
      "primaryType": "electric",
      "secondaryType": "grass",
      "abilities": [
        "soundproof",
        "static",
        "h:reckless"
      ],
      "baseStats": {
        "hp": 60,
        "attack": 55,
        "defence": 70,
        "special_attack": 95,
        "special_defence": 80,
        "speed": 150
      },
      "maleRatio": -1,
      "height": 12,
      "weight": 710,
      "pokedex": [
        "cobblemon.species.electrode-hisui.desc"
      ],
      "labels": [
        "gen8a",
        "hisuian_form"
      ],
      "aspects": [
        "hisuian"
      ],
      "drops": {
        "amount": 5,
        "entries": [
          {
            "item": "minecraft:gunpowder",
            "quantityRange": "0-2"
          },
          {
            "item": "cobblemon:red_apricorn",
            "quantityRange": "0-2"
          },
          {
            "item": "cobblemon:cheri_berry",
            "percentage": 5.0
          }
        ]
      },
      "moves": [
        "1:absorb",
        "1:charge",
        "1:tackle",
        "1:thundershock",
        "4:sonicboom",
        "6:eerieimpulse",
        "9:shockwave",
        "11:magicalleaf",
        "13:screech",
        "16:chargebeam",
        "19:swift",
        "22:electroball",
        "24:selfdestruct",
        "27:megadrain",
        "29:lightscreen",
        "33:magnetrise",
        "36:discharge",
        "40:explosion",
        "44:gigadrain",
        "48:mirrorcoat",
        "53:chloroblast",
        "57:courtchange",
        "egg:leechseed",
        "egg:recycle",
        "egg:worryseed",
        "tm:bulletseed",
        "tm:chargebeam",
        "tm:energyball",
        "tm:explosion",
        "tm:facade",
        "tm:flash",
        "tm:flashcannon",
        "tm:gigadrain",
        "tm:grassknot",
        "tm:gyroball",
        "tm:hiddenpower",
        "tm:hypervoice",
        "tm:lightscreen",
        "tm:protect",
        "tm:raindance",
        "tm:reflect",
        "tm:rest",
        "tm:return",
        "tm:risingvoltage",
        "tm:sleeptalk",
        "tm:solarbeam",
        "tm:substitute",
        "tm:taunt",
        "tm:teleport",
        "tm:thief",
        "tm:thunder",
        "tm:thunderbolt",
        "tm:thunderwave",
        "tm:toxic",
        "tm:voltswitch",
        "tm:wildcharge",
        "tm:supercellslam",
        "tutor:foulplay",
        "tutor:leafstorm",
        "tutor:magnetrise",
        "tutor:seedbomb",
        "tutor:signalbeam",
        "tutor:weatherball"
      ],
      "preEvolution": "voltorb hisuian",
      "evolutions": [],
      "battleOnly": false
    }
  ]
}