{
  "implemented": true,
  "nationalPokedexNumber": 103,
  "name": "Exeggutor",
  "primaryType": "grass",
  "secondaryType": "psychic",
  "maleRatio": 0.5,
  "height": 20,
  "weight": 1200,
  "pokedex": [
    "cobblemon.species.exeggutor.desc"
  ],
  "labels": [
    "gen1",
    "kantonian_form"
  ],
  "aspects": [],
  "abilities": [
    "chlorophyll",
    "h:harvest"
  ],
  "eggGroups": [
    "grass"
  ],
  "baseStats": {
    "hp": 95,
    "attack": 95,
    "defence": 85,
    "special_attack": 125,
    "special_defence": 75,
    "speed": 55
  },
  "evYield": {
    "hp": 0,
    "attack": 0,
    "defence": 0,
    "special_attack": 2,
    "special_defence": 0,
    "speed": 0
  },
  "baseExperienceYield": 186,
  "experienceGroup": "slow",
  "catchRate": 45,
  "eggCycles": 20,
  "baseFriendship": 50,
  "features": [
    "alolan"
  ],
  "baseScale": 0.85,
  "hitbox": {
    "width": 1.8,
    "height": 3,
    "fixed": false
  },
  "behaviour": {
    "moving": {
      "walk": {
        "walkSpeed": 0.25
      }
    },
    "resting": {
      "canSleep": true,
      "light": "0-4"
    }
  },
  "drops": {
    "amount": 5,
    "entries": [
      {
        "item": "minecraft:egg",
        "quantityRange": "0-3"
      },
      {
        "item": "cobblemon:oval_stone",
        "percentage": 5.0
      },
      {
        "item": "cobblemon:tanga_berry",
        "percentage": 5.0
      }
    ]
  },
  "moves": [
    "1:confusion",
    "1:hypnosis",
    "1:seedbomb",
    "1:stomp",
    "17:psyshock",
    "27:eggbomb",
    "37:woodhammer",
    "47:leafstorm",
    "68:chloroblast",
    "egg:ancientpower",
    "egg:block",
    "egg:curse",
    "egg:gigadrain",
    "egg:grassyterrain",
    "egg:ingrain",
    "egg:leafstorm",
    "egg:luckychant",
    "egg:moonlight",
    "egg:naturalgift",
    "egg:naturepower",
    "egg:powerswap",
    "egg:skillswap",
    "egg:synthesis",
    "egg:wish",
    "tm:bulldoze",
    "tm:bulletseed",
    "tm:calmmind",
    "tm:energyball",
    "tm:expandingforce",
    "tm:explosion",
    "tm:facade",
    "tm:flash",
    "tm:futuresight",
    "tm:gigadrain",
    "tm:grassknot",
    "tm:grassyglide",
    "tm:hiddenpower",
    "tm:lightscreen",
    "tm:lowkick",
    "tm:protect",
    "tm:psychic",
    "tm:psyshock",
    "tm:reflect",
    "tm:rest",
    "tm:return",
    "tm:sleeptalk",
    "tm:sludgebomb",
    "tm:solarbeam",
    "tm:strength",
    "tm:substitute",
    "tm:sunnyday",
    "tm:swordsdance",
    "tm:teleport",
    "tm:terrainpulse",
    "tm:thief",
    "tm:toxic",
    "tm:trickroom",
    "tm:psychicnoise",
    "tutor:block",
    "tutor:celebrate",
    "tutor:confide",
    "tutor:earthpower",
    "tutor:grassyterrain",
    "tutor:gravity",
    "tutor:leafstorm",
    "tutor:lowkick",
    "tutor:mysticalfire",
    "tutor:psychocut",
    "tutor:psychup",
    "tutor:seedbomb",
    "tutor:snore",
    "tutor:stompingtantrum",
    "tutor:synthesis",
    "tutor:uproar",
    "tutor:weatherball",
    "tutor:worryseed",
    "tutor:zenheadbutt"
  ],
  "preEvolution": "exeggcute",
  "evolutions": [],
  "forms": [
    {
      "name": "Alola",
      "primaryType": "grass",
      "secondaryType": "dragon",
      "maleRatio": 0.5,
      "height": 109,
      "weight": 4156,
      "pokedex": [
        "cobblemon.species.exeggutor-alola.desc"
      ],
      "labels": [
        "gen7",
        "alolan_form"
      ],
      "aspects": [
        "alolan"
      ],
      "abilities": [
        "frisk",
        "h:harvest"
      ],
      "baseStats": {
        "hp": 95,
        "attack": 105,
        "defence": 85,
        "special_attack": 125,
        "special_defence": 75,
        "speed": 45
      },
      "hitbox": {
        "width": 1.6,
        "height": 11,
        "fixed": false
      },
      "standingEyeHeight": 0.96,
      "moves": [
        "1:confusion",
        "1:dragonhammer",
        "1:hypnosis",
        "1:seedbomb",
        "17:psyshock",
        "27:eggbomb",
        "37:woodhammer",
        "47:leafstorm",
        "50:ficklebeam",
        "68:chloroblast",
        "egg:ancientpower",
        "egg:block",
        "egg:curse",
        "egg:gigadrain",
        "egg:grassyterrain",
        "egg:ingrain",
        "egg:leafstorm",
        "egg:luckychant",
        "egg:moonlight",
        "egg:naturalgift",
        "egg:naturepower",
        "egg:powerswap",
        "egg:skillswap",
        "egg:synthesis",
        "egg:wish",
        "tm:brickbreak",
        "tm:bulldoze",
        "tm:bulletseed",
        "tm:dracobarrage",
        "tm:dragonpulse",
        "tm:dragontail",
        "tm:earthquake",
        "tm:energyball",
        "tm:explosion",
        "tm:facade",
        "tm:flamethrower",
        "tm:flash",
        "tm:gigadrain",
        "tm:grassknot",
        "tm:hiddenpower",
        "tm:irontail",
        "tm:lightscreen",
        "tm:lowkick",
        "tm:protect",
        "tm:psychic",
        "tm:psyshock",
        "tm:reflect",
        "tm:rest",
        "tm:return",
        "tm:sleeptalk",
        "tm:sludgebomb",
        "tm:solarbeam",
        "tm:strength",
        "tm:substitute",
        "tm:sunnyday",
        "tm:superpower",
        "tm:swordsdance",
        "tm:teleport",
        "tm:terrainpulse",
        "tm:thief",
        "tm:toxic",
        "tm:trickroom",
        "tm:psychicnoise",
        "tutor:block",
        "tutor:breakingswipe",
        "tutor:celebrate",
        "tutor:confide",
        "tutor:dracometeor",
        "tutor:grassyterrain",
        "tutor:gravity",
        "tutor:ironhead",
        "tutor:knockoff",
        "tutor:leafstorm",
        "tutor:lowkick",
        "tutor:outrage",
        "tutor:powerwhip",
        "tutor:psychup",
        "tutor:seedbomb",
        "tutor:snore",
        "tutor:stompingtantrum",
        "tutor:superpower",
        "tutor:synthesis",
        "tutor:uproar",
        "tutor:weatherball",
        "tutor:worryseed",
        "tutor:zenheadbutt"
      ],
      "preEvolution": "exeggcute",
      "evolutions": [],
      "battleOnly": false
    }
  ]
}