{
  "implemented": true,
  "nationalPokedexNumber": 83,
  "name": "Farfetch\u00e2\u20ac\u2122d",
  "primaryType": "fighting",
  "secondaryType": "flying",
  "maleRatio": 0.5,
  "height": 8,
  "weight": 150,
  "pokedex": [
    "cobblemon.species.farfetchd.desc"
  ],
  "labels": [
    "gen1",
    "kantonian_form"
  ],
  "aspects": [],
  "abilities": [
    "frisk",
    "innerfocus",
    "h:sharpness"
  ],
  "eggGroups": [
    "flying",
    "field"
  ],
  "baseStats": {
    "hp": 75,
    "attack": 90,
    "defence": 70,
    "special_attack": 58,
    "special_defence": 77,
    "speed": 65
  },
  "evYield": {
    "hp": 0,
    "attack": 1,
    "defence": 0,
    "special_attack": 0,
    "special_defence": 0,
    "speed": 0
  },
  "baseExperienceYield": 132,
  "experienceGroup": "medium_fast",
  "catchRate": 45,
  "eggCycles": 20,
  "baseFriendship": 50,
  "features": [
    "galarian"
  ],
  "baseScale": 0.8,
  "hitbox": {
    "width": 0.7,
    "height": 1,
    "fixed": false
  },
  "behaviour": {
    "resting": {
      "canSleep": true,
      "light": "0-4"
    },
    "moving": {
      "fly": {
        "canFly": true
      },
      "walk": {
        "walkSpeed": 0.3
      }
    }
  },
  "drops": {
    "amount": 4,
    "entries": [
      {
        "item": "minecraft:feather",
        "quantityRange": "0-1"
      },
      {
        "item": "minecraft:chicken"
      },
      {
        "item": "cobblemon:medicinal_leek",
        "quantityRange": "0-1"
      },
      {
        "item": "cobblemon:chilan_berry",
        "percentage": 5.0
      }
    ]
  },
  "moves": [
    "1:bravebird",
    "1:furycutter",
    "1:leer",
    "1:peck",
    "1:poisonjab",
    "7:furyattack",
    "9:aerialace",
    "13:knockoff",
    "19:slash",
    "21:dualwingbeat",
    "25:swordsdance",
    "31:agility",
    "33:nightslash",
    "37:acrobatics",
    "43:feint",
    "45:falseswipe",
    "60:sacredsword",
    "72:drillpeck",
    "egg:covet",
    "egg:curse",
    "egg:featherdance",
    "egg:finalgambit",
    "egg:firstimpression",
    "egg:flail",
    "egg:foresight",
    "egg:gust",
    "egg:leafblade",
    "egg:mirrormove",
    "egg:mudslap",
    "egg:nightslash",
    "egg:quickattack",
    "egg:revenge",
    "egg:roost",
    "egg:simplebeam",
    "egg:skyattack",
    "egg:steelwing",
    "egg:trumpcard",
    "egg:wish",
    "tm:acrobatics",
    "tm:aerialace",
    "tm:bravebird",
    "tm:brickbreak",
    "tm:cut",
    "tm:defog",
    "tm:dualwingbeat",
    "tm:facade",
    "tm:fly",
    "tm:hiddenpower",
    "tm:irontail",
    "tm:pluck",
    "tm:poisonjab",
    "tm:protect",
    "tm:reflect",
    "tm:rest",
    "tm:return",
    "tm:roost",
    "tm:sleeptalk",
    "tm:solarblade",
    "tm:steelwing",
    "tm:substitute",
    "tm:sunnyday",
    "tm:swordsdance",
    "tm:thief",
    "tm:toxic",
    "tm:uturn",
    "tm:workup",
    "tutor:agility",
    "tutor:airslash",
    "tutor:batonpass",
    "tutor:bodyslam",
    "tutor:bravebird",
    "tutor:closecombat",
    "tutor:confide",
    "tutor:covet",
    "tutor:drillrun",
    "tutor:focusenergy",
    "tutor:heatwave",
    "tutor:helpinghand",
    "tutor:knockoff",
    "tutor:laserfocus",
    "tutor:lastresort",
    "tutor:leafblade",
    "tutor:psychup",
    "tutor:skyattack",
    "tutor:snore",
    "tutor:solarblade",
    "tutor:tailwind",
    "tutor:throatchop",
    "tutor:uproar"
  ],
  "evolutions": [],
  "forms": [
    {
      "name": "Galar",
      "primaryType": "fighting",
      "maleRatio": 0.5,
      "height": 8,
      "weight": 420,
      "pokedex": [
        "cobblemon.species.farfetchd-galar.desc"
      ],
      "labels": [
        "gen8",
        "galarian_form"
      ],
      "aspects": [
        "galarian"
      ],
      "abilities": [
        "steadfast",
        "h:scrappy"
      ],
      "baseStats": {
        "hp": 52,
        "attack": 95,
        "defence": 55,
        "special_attack": 58,
        "special_defence": 62,
        "speed": 55
      },
      "drops": {
        "amount": 4,
        "entries": [
          {
            "item": "minecraft:feather",
            "quantityRange": "0-1"
          },
          {
            "item": "minecraft:chicken"
          },
          {
            "item": "cobblemon:medicinal_leek",
            "quantityRange": "0-1"
          },
          {
            "item": "cobblemon:coba_berry",
            "percentage": 2.5
          }
        ]
      },
      "moves": [
        "1:peck",
        "5:leer",
        "10:furycutter",
        "15:rocksmash",
        "20:brutalswing",
        "25:detect",
        "30:knockoff",
        "35:defog",
        "40:brickbreak",
        "45:swordsdance",
        "50:slam",
        "55:leafblade",
        "60:finalgambit",
        "65:bravebird",
        "egg:counter",
        "egg:covet",
        "egg:curse",
        "egg:doubleedge",
        "egg:feint",
        "egg:flail",
        "egg:nightslash",
        "egg:quickattack",
        "egg:quickguard",
        "egg:simplebeam",
        "egg:skyattack",
        "tm:bravebird",
        "tm:brickbreak",
        "tm:cut",
        "tm:defog",
        "tm:dualwingbeat",
        "tm:facade",
        "tm:hiddenpower",
        "tm:poisonjab",
        "tm:poweruppunch",
        "tm:protect",
        "tm:rest",
        "tm:return",
        "tm:roost",
        "tm:sleeptalk",
        "tm:solarblade",
        "tm:steelwing",
        "tm:substitute",
        "tm:sunnyday",
        "tm:superpower",
        "tm:swordsdance",
        "tm:toxic",
        "tm:workup",
        "tutor:bodyslam",
        "tutor:bravebird",
        "tutor:closecombat",
        "tutor:confide",
        "tutor:covet",
        "tutor:drillrun",
        "tutor:focusenergy",
        "tutor:helpinghand",
        "tutor:knockoff",
        "tutor:laserfocus",
        "tutor:lastresort",
        "tutor:leafblade",
        "tutor:psychup",
        "tutor:skyattack",
        "tutor:snore",
        "tutor:solarblade",
        "tutor:superpower",
        "tutor:tailwind",
        "tutor:throatchop"
      ],
      "evolutions": [
        {
          "id": "farfetchd_sirfetchd",
          "variant": "level_up",
          "result": "sirfetchd",
          "consumeHeldItem": false,
          "learnableMoves": [
            "irondefense"
          ],
          "requirements": [
            {
              "variant": "battle_critical_hits",
              "amount": 3
            }
          ]
        }
      ],
      "battleOnly": false
    }
  ]
}