{
  "implemented": true,
  "nationalPokedexNumber": 74,
  "name": "Geodude",
  "primaryType": "rock",
  "secondaryType": "ground",
  "maleRatio": 0.5,
  "height": 4,
  "weight": 200,
  "pokedex": [
    "cobblemon.species.geodude.desc"
  ],
  "labels": [
    "gen1",
    "kantonian_form"
  ],
  "aspects": [],
  "abilities": [
    "rockhead",
    "sturdy",
    "h:sandveil"
  ],
  "eggGroups": [
    "mineral"
  ],
  "baseStats": {
    "hp": 40,
    "attack": 80,
    "defence": 100,
    "special_attack": 30,
    "special_defence": 30,
    "speed": 20
  },
  "evYield": {
    "hp": 0,
    "attack": 0,
    "defence": 1,
    "special_attack": 0,
    "special_defence": 0,
    "speed": 0
  },
  "baseExperienceYield": 60,
  "experienceGroup": "medium_slow",
  "catchRate": 255,
  "eggCycles": 15,
  "baseFriendship": 50,
  "features": [
    "alolan"
  ],
  "baseScale": 1,
  "hitbox": {
    "width": 0.9,
    "height": 0.5,
    "fixed": false
  },
  "behaviour": {
    "resting": {
      "canSleep": true,
      "light": "0-4"
    },
    "moving": {
      "swim": {
        "avoidsWater": true,
        "canSwimInWater": false
      }
    }
  },
  "drops": {
    "amount": 4,
    "entries": [
      {
        "item": "minecraft:gravel",
        "quantityRange": "0-1"
      },
      {
        "item": "cobblemon:everstone",
        "percentage": 2.5
      },
      {
        "item": "cobblemon:black_augurite",
        "percentage": 2.5
      },
      {
        "item": "cobblemon:rindo_berry",
        "percentage": 2.5
      }
    ]
  },
  "moves": [
    "1:defensecurl",
    "1:rapidspin",
    "1:tackle",
    "4:mudsport",
    "6:rockpolish",
    "10:rollout",
    "12:magnitude",
    "16:rocktomb",
    "18:smackdown",
    "22:bulldoze",
    "24:selfdestruct",
    "28:stealthrock",
    "30:rockblast",
    "34:earthquake",
    "36:explosion",
    "40:doubleedge",
    "42:stoneedge",
    "egg:autotomize",
    "egg:block",
    "egg:curse",
    "egg:endure",
    "egg:flail",
    "egg:focuspunch",
    "egg:hammerarm",
    "egg:megapunch",
    "egg:rockclimb",
    "egg:wideguard",
    "tm:brickbreak", 
    "tm:bulldoze",
    "tm:dig",
    "tm:earthquake",
    "tm:explosion",
    "tm:facade",
    "tm:fireblast",
    "tm:flamethrower",
    "tm:focuspunch",
    "tm:gyroball",
    "tm:hiddenpower",
    "tm:poweruppunch",
    "tm:protect",
    "tm:rest",
    "tm:return",
    "tm:rockclimb",
    "tm:rockpolish",
    "tm:rockslide",
    "tm:rocksmash",
    "tm:rocktomb",
    "tm:sandstorm",
    "tm:scorchingsands",
    "tm:sleeptalk",
    "tm:stealthrock",
    "tm:stoneedge",
    "tm:strength",
    "tm:substitute",
    "tm:sunnyday",
    "tm:superpower",
    "tm:toxic",
    "tutor:block",
    "tutor:bodyslam",
    "tutor:confide",
    "tutor:earthpower",
    "tutor:firepunch",
    "tutor:irondefense",
    "tutor:rockblast",
    "tutor:snore",
    "tutor:superpower",
    "tutor:thunderpunch"
  ],
  "evolutions": [
    {
      "id": "geodude_graveler",
      "variant": "level_up",
      "result": "graveler",
      "consumeHeldItem": false,
      "learnableMoves": [],
      "requirements": [
        {
          "variant": "level",
          "minLevel": 25
        }
      ]
    }
  ],
  "forms": [
    {
      "name": "Alola",
      "primaryType": "rock",
      "secondaryType": "electric",
      "maleRatio": 0.5,
      "height": 4,
      "weight": 203,
      "pokedex": [
        "cobblemon.species.geodude-alola.desc"
      ],
      "labels": [
        "gen7",
        "alolan_form"
      ],
      "aspects": [
        "alolan"
      ],
      "abilities": [
        "rockhead",
        "sturdy",
        "h:galvanize"
      ],
      "drops": {
        "amount": 4,
        "entries": [
          {
            "item": "minecraft:raw_copper",
            "quantityRange": "0-1"
          },
          {
            "item": "cobblemon:cell_battery",
            "percentage": 2.5
          },
          {
            "item": "cobblemon:magnet",
            "percentage": 2.5
          },
          {
            "item": "cobblemon:shuca_berry",
            "percentage": 2.5
          }
        ]
      },
      "moves": [
        "1:defensecurl",
        "1:rapidspin",
        "1:tackle",
        "4:charge",
        "6:rockpolish",
        "10:rollout",
        "12:spark",
        "16:rockthrow",
        "18:smackdown",
        "22:thunderpunch",
        "24:selfdestruct",
        "28:stealthrock",
        "30:rockblast",
        "34:discharge",
        "36:explosion",
        "40:doubleedge",
        "42:stoneedge",
        "egg:autotomize",
        "egg:block",
        "egg:counter",
        "egg:curse",
        "egg:endure",
        "egg:flail",
        "egg:magnetrise",
        "egg:rockclimb",
        "egg:screech",
        "egg:wideguard",
        "tm:brickbreak",
        "tm:bulldoze",
        "tm:chargebeam",
        "tm:dig",
        "tm:earthquake",
        "tm:electroweb",
        "tm:explosion",
        "tm:facade",
        "tm:fireblast",
        "tm:flamethrower",
        "tm:focuspunch",
        "tm:gyroball",
        "tm:hiddenpower",
        "tm:poweruppunch",
        "tm:protect",
        "tm:rest",
        "tm:return",
        "tm:rockclimb",
        "tm:rockpolish",
        "tm:rockslide",
        "tm:rocktomb",
        "tm:sandstorm",
        "tm:scorchingsands",
        "tm:sleeptalk",
        "tm:stealthrock",
        "tm:stoneedge",
        "tm:strength",
        "tm:substitute",
        "tm:sunnyday",
        "tm:superpower",
        "tm:thunder",
        "tm:thunderbolt",
        "tm:toxic",
        "tm:voltswitch",
        "tm:supercellslam",
        "tutor:block",
        "tutor:bodyslam",
        "tutor:confide",
        "tutor:earthpower",
        "tutor:electroweb",
        "tutor:firepunch",
        "tutor:irondefense",
        "tutor:magnetrise",
        "tutor:rockblast",
        "tutor:screech",
        "tutor:snore",
        "tutor:superpower",
        "tutor:thunderpunch"
      ],
      "evolutions": [
        {
          "id": "geodude_graveleralola",
          "variant": "level_up",
          "result": "graveler alolan",
          "consumeHeldItem": false,
          "learnableMoves": [],
          "requirements": [
            {
              "variant": "level",
              "minLevel": 25
            }
          ]
        }
      ],
      "battleOnly": false
    }
  ]
}