{
  "implemented": true,
  "nationalPokedexNumber": 75,
  "name": "Graveler",
  "primaryType": "rock",
  "secondaryType": "ground",
  "maleRatio": 0.5,
  "height": 10,
  "weight": 1050,
  "pokedex": [
    "cobblemon.species.graveler.desc"
  ],
  "labels": [
    "gen1",
    "kantonian_form"
  ],
  "aspects": [],
  "abilities": [
    "rockhead",
    "sturdy",
    "h:sandveil"
  ],
  "eggGroups": [
    "mineral"
  ],
  "baseStats": {
    "hp": 55,
    "attack": 95,
    "defence": 115,
    "special_attack": 45,
    "special_defence": 45,
    "speed": 35
  },
  "evYield": {
    "hp": 0,
    "attack": 0,
    "defence": 2,
    "special_attack": 0,
    "special_defence": 0,
    "speed": 0
  },
  "baseExperienceYield": 137,
  "experienceGroup": "medium_slow",
  "catchRate": 120,
  "eggCycles": 15,
  "baseFriendship": 50,
  "features": [
    "alolan"
  ],
  "baseScale": 1.1,
  "hitbox": {
    "width": 0.9,
    "height": 1,
    "fixed": false
  },
  "behaviour": {
    "moving": {
      "walk": {
        "walkSpeed": 0.146
      },
      "swim": {
        "avoidsWater": true,
        "canSwimInWater": false
      }
    },
    "resting": {
      "canSleep": true,
      "light": "0-4"
    }
  },
  "drops": {
    "amount": 5,
    "entries": [
      {
        "item": "minecraft:gravel",
        "quantityRange": "0-2"
      },
      {
        "item": "cobblemon:everstone",
        "percentage": 5.0
      },
      {
        "item": "cobblemon:black_augurite",
        "percentage": 5.0
      },
      {
        "item": "cobblemon:rindo_berry",
        "percentage": 5.0
      }
    ]
  },
  "moves": [
    "1:defensecurl",
    "1:mudsport",
    "1:rapidspin",
    "1:rockpolish",
    "1:suckerpunch",
    "1:tackle",
    "10:rollout",
    "12:magnitude",
    "16:rockthrow",
    "18:smackdown",
    "22:bulldoze",
    "24:selfdestruct",
    "30:stealthrock",
    "34:rockblast",
    "40:earthquake",
    "44:explosion",
    "50:doubleedge",
    "54:stoneedge",
    "egg:autotomize",
    "egg:block",
    "egg:curse",
    "egg:endure",
    "egg:flail",
    "egg:focuspunch",
    "egg:hammerarm",
    "egg:megapunch",
    "egg:rockclimb",
    "egg:wideguard",
    "tm:brickbreak",
    "tm:bulldoze",
    "tm:dig",
    "tm:earthquake",
    "tm:explosion",
    "tm:facade",
    "tm:fireblast",
    "tm:flamethrower",
    "tm:focuspunch",
    "tm:gyroball",
    "tm:hiddenpower",
    "tm:meteorbeam",
    "tm:poweruppunch",
    "tm:protect",
    "tm:rest",
    "tm:return",
    "tm:rockclimb",
    "tm:rockpolish",
    "tm:rockslide",
    "tm:rocksmash",
    "tm:rocktomb",
    "tm:sandstorm",
    "tm:scorchingsands",
    "tm:sleeptalk",
    "tm:stealthrock",
    "tm:stoneedge",
    "tm:strength",
    "tm:substitute",
    "tm:sunnyday",
    "tm:superpower",
    "tm:toxic",
    "tutor:block",
    "tutor:bodyslam",
    "tutor:confide",
    "tutor:earthpower",
    "tutor:firepunch",
    "tutor:highhorsepower",
    "tutor:irondefense",
    "tutor:rockblast",
    "tutor:snore",
    "tutor:stompingtantrum",
    "tutor:superpower",
    "tutor:thunderpunch"
  ],
  "preEvolution": "geodude",
  "evolutions": [
    {
      "id": "graveler_golem",
      "variant": "trade",
      "result": "golem",
      "consumeHeldItem": false,
      "learnableMoves": [],
      "requirements": []
    }
  ],
  "forms": [
    {
      "name": "Alola",
      "primaryType": "rock",
      "secondaryType": "electric",
      "maleRatio": 0.5,
      "height": 10,
      "weight": 1100,
      "pokedex": [
        "cobblemon.species.graveler-alola.desc"
      ],
      "labels": [
        "gen7",
        "alolan_form"
      ],
      "aspects": [
        "alolan"
      ],
      "abilities": [
        "rockhead",
        "sturdy",
        "h:galvanize"
      ],
      "drops": {
        "amount": 5,
        "entries": [
          {
            "item": "minecraft:raw_copper",
            "quantityRange": "0-2"
          },
          {
            "item": "cobblemon:cell_battery",
            "percentage": 5.0
          },
          {
            "item": "cobblemon:magnet",
            "percentage": 5.0
          },
          {
            "item": "cobblemon:shuca_berry",
            "percentage": 5.0
          }
        ]
      },
      "moves": [
        "1:charge",
        "1:defensecurl",
        "1:rapidspin",
        "1:rockpolish",
        "1:tackle",
        "10:rollout",
        "12:spark",
        "16:rockthrow",
        "18:smackdown",
        "22:thunderpunch",
        "24:selfdestruct",
        "30:stealthrock",
        "34:rockblast",
        "40:discharge",
        "44:explosion",
        "50:doubleedge",
        "54:stoneedge",
        "egg:autotomize",
        "egg:block",
        "egg:counter",
        "egg:curse",
        "egg:endure",
        "egg:flail",
        "egg:magnetrise",
        "egg:rockclimb",
        "egg:screech",
        "egg:wideguard",
        "tm:brickbreak",
        "tm:bulldoze",
        "tm:chargebeam",
        "tm:dig",
        "tm:earthquake",
        "tm:electroweb",
        "tm:explosion",
        "tm:facade",
        "tm:fireblast",
        "tm:flamethrower",
        "tm:focuspunch",
        "tm:gyroball",
        "tm:hiddenpower",
        "tm:meteorbeam",
        "tm:poweruppunch",
        "tm:protect",
        "tm:rest",
        "tm:return",
        "tm:risingvoltage",
        "tm:rockclimb",
        "tm:rockpolish",
        "tm:rockslide",
        "tm:rocktomb",
        "tm:sandstorm",
        "tm:scorchingsands",
        "tm:sleeptalk",
        "tm:stealthrock",
        "tm:stoneedge",
        "tm:strength",
        "tm:substitute",
        "tm:sunnyday",
        "tm:superpower",
        "tm:thunder",
        "tm:thunderbolt",
        "tm:toxic",
        "tm:voltswitch",
        "tm:supercellslam",
        "tutor:block",
        "tutor:bodyslam",
        "tutor:confide",
        "tutor:earthpower",
        "tutor:electricterrain",
        "tutor:electroweb",
        "tutor:firepunch",
        "tutor:irondefense",
        "tutor:magnetrise",
        "tutor:rockblast",
        "tutor:screech",
        "tutor:snore",
        "tutor:stompingtantrum",
        "tutor:superpower",
        "tutor:thunderpunch"
      ],
      "preEvolution": "geodude alolan",
      "evolutions": [
        {
          "id": "graveler_golemalola",
          "variant": "trade",
          "result": "golem alolan",
          "consumeHeldItem": false,
          "learnableMoves": [],
          "requirements": []
        }
      ],
      "battleOnly": false
    }
  ]
}