{
  "implemented": true,
  "nationalPokedexNumber": 88,
  "name": "Grimer",
  "primaryType": "poison",
  "maleRatio": 0.5,
  "height": 9,
  "weight": 300,
  "pokedex": [
    "cobblemon.species.grimer.desc"
  ],
  "labels": [
    "gen1",
    "kantonian_form"
  ],
  "aspects": [],
  "abilities": [
    "stench",
    "stickyhold",
    "h:poisontouch"
  ],
  "eggGroups": [
    "amorphous"
  ],
  "baseStats": {
    "hp": 80,
    "attack": 80,
    "defence": 50,
    "special_attack": 40,
    "special_defence": 50,
    "speed": 25
  },
  "evYield": {
    "hp": 1,
    "attack": 0,
    "defence": 0,
    "special_attack": 0,
    "special_defence": 0,
    "speed": 0
  },
  "baseExperienceYield": 65,
  "experienceGroup": "medium_fast",
  "catchRate": 190,
  "eggCycles": 20,
  "baseFriendship": 50,
  "features": [
    "alolan"
  ],
  "baseScale": 1,
  "hitbox": {
    "width": 1,
    "height": 1.2,
    "fixed": false
  },
  "behaviour": {
    "moving": {
      "swim": {
        "canWalkOnWater": true,
        "canBreatheUnderwater": true,
        "canSwimInWater": true
      }
    }
  },
  "drops": {
    "amount": 3,
    "entries": [
      {
        "item": "minecraft:slime_ball",
        "quantityRange": "0-1"
      },
      {
        "item": "cobblemon:black_sludge",
        "percentage": 2.5
      },
      {
        "item": "cobblemon:toxic_orb",
        "percentage": 2.5
      }
    ]
  },
  "moves": [
    "1:poisongas",
    "1:pound",
    "4:sludge",
    "7:mudslap",
    "9:rocktomb",
    "12:disable",
    "15:megadrain",
    "18:mudbomb",
    "22:poisonfang",
    "26:fling",
    "29:sludgebomb",
    "37:screech",
    "40:gunkshot",
    "43:acidarmor",
    "46:belch",
    "48:memento",
    "egg:acidspray",
    "egg:curse",
    "egg:haze",
    "egg:imprison",
    "egg:lick",
    "egg:meanlook",
    "egg:poweruppunch",
    "egg:scaryface",
    "egg:shadowpunch",
    "egg:shadowsneak",
    "egg:spitup",
    "egg:stockpile",
    "egg:swallow",
    "tm:dig",
    "tm:explosion",
    "tm:facade",
    "tm:fireblast",
    "tm:flamethrower",
    "tm:gigadrain",
    "tm:hiddenpower",
    "tm:poisonjab",
    "tm:poweruppunch",
    "tm:protect",
    "tm:raindance",
    "tm:rest",
    "tm:return",
    "tm:rockslide",
    "tm:rocktomb",
    "tm:shadowball",
    "tm:sleeptalk",
    "tm:sludgebomb",
    "tm:sludgewave",
    "tm:strength",
    "tm:substitute",
    "tm:sunnyday",
    "tm:taunt",
    "tm:thief",
    "tm:thunder",
    "tm:thunderbolt",
    "tm:toxic",
    "tm:venoshock",
    "tutor:bodyslam",
    "tutor:confide",
    "tutor:firepunch",
    "tutor:gunkshot",
    "tutor:helpinghand",
    "tutor:icepunch",
    "tutor:painsplit",
    "tutor:scaryface",
    "tutor:screech",
    "tutor:snore",
    "tutor:thunderpunch"
  ],
  "evolutions": [
    {
      "id": "grimer_muk",
      "variant": "level_up",
      "result": "muk",
      "consumeHeldItem": false,
      "learnableMoves": [
        "venomdrench"
      ],
      "requirements": [
        {
          "variant": "level",
          "minLevel": 38
        }
      ]
    }
  ],
  "forms": [
    {
      "name": "Alola",
      "primaryType": "poison",
      "secondaryType": "dark",
      "maleRatio": 0.5,
      "height": 7,
      "weight": 420,
      "pokedex": [
        "cobblemon.species.grimer-alola.desc"
      ],
      "labels": [
        "gen7",
        "alolan_form"
      ],
      "aspects": [
        "alolan"
      ],
      "abilities": [
        "poisontouch",
        "gluttony",
        "h:powerofalchemy"
      ],
      "moves": [
        "1:poisongas",
        "1:pound",
        "4:harden",
        "7:bite",
        "9:rocktomb",
        "12:disable",
        "15:acidspray",
        "18:poisonfang",
        "26:fling",
        "29:knockoff",
        "32:crunch",
        "37:screech",
        "40:gunkshot",
        "43:acidarmor",
        "46:belch",
        "48:memento",
        "egg:assurance",
        "egg:clearsmog",
        "egg:curse",
        "egg:imprison",
        "egg:meanlook",
        "egg:poweruppunch",
        "egg:pursuit",
        "egg:scaryface",
        "egg:shadowsneak",
        "egg:spite",
        "egg:spitup",
        "egg:stockpile",
        "egg:swallow",
        "tm:dig",
        "tm:explosion",
        "tm:facade",
        "tm:fireblast",
        "tm:flamethrower",
        "tm:gigadrain",
        "tm:hiddenpower",
        "tm:poisonjab",
        "tm:poweruppunch",
        "tm:protect",
        "tm:raindance",
        "tm:rest",
        "tm:return",
        "tm:rockpolish",
        "tm:rockslide",
        "tm:rocktomb",
        "tm:shadowball",
        "tm:sleeptalk",
        "tm:sludgebomb",
        "tm:sludgewave",
        "tm:snarl",
        "tm:stoneedge",
        "tm:strength",
        "tm:substitute",
        "tm:sunnyday",
        "tm:taunt",
        "tm:thief",
        "tm:thunder",
        "tm:thunderbolt",
        "tm:toxic",
        "tm:venoshock",
        "tutor:bodyslam",
        "tutor:confide",
        "tutor:crunch",
        "tutor:firepunch",
        "tutor:gastroacid",
        "tutor:gunkshot",
        "tutor:helpinghand",
        "tutor:icepunch",
        "tutor:knockoff",
        "tutor:painsplit",
        "tutor:scaryface",
        "tutor:screech",
        "tutor:snore",
        "tutor:spite",
        "tutor:thunderpunch"
      ],
      "evolutions": [
        {
          "id": "grimer_mukalola",
          "variant": "level_up",
          "result": "muk alolan",
          "consumeHeldItem": false,
          "learnableMoves": [
            "venomdrench"
          ],
          "requirements": [
            {
              "variant": "level",
              "minLevel": 38
            }
          ]
        }
      ],
      "battleOnly": false
    }
  ]
}