{
  "implemented": true,
  "nationalPokedexNumber": 58,
  "name": "Growlithe",
  "primaryType": "fire",
  "maleRatio": 0.75,
  "height": 7,
  "weight": 190,
  "pokedex": [
    "cobblemon.species.growlithe.desc"
  ],
  "labels": [
    "gen1",
    "kantonian_form"
  ],
  "aspects": [],
  "abilities": [
    "intimidate",
    "flashfire",
    "h:justified"
  ],
  "eggGroups": [
    "field"
  ],
  "baseStats": {
    "hp": 55,
    "attack": 70,
    "defence": 45,
    "special_attack": 70,
    "special_defence": 50,
    "speed": 60
  },
  "evYield": {
    "hp": 0,
    "attack": 1,
    "defence": 0,
    "special_attack": 0,
    "special_defence": 0,
    "speed": 0
  },
  "baseExperienceYield": 70,
  "experienceGroup": "slow",
  "catchRate": 190,
  "eggCycles": 20,
  "baseFriendship": 50,
  "features": [
    "hisuian"
  ],
  "baseScale": 0.75,
  "hitbox": {
    "width": 1.1,
    "height": 1.15,
    "fixed": false
  },
  "behaviour": {
    "resting": {
      "canSleep": true,
      "willSleepOnBed": true,
      "light": "0-4"
    }
  },
  "drops": {
    "amount": 2,
    "entries": [
      {
        "item": "minecraft:bone",
        "quantityRange": "0-1"
      },
      {
        "item": "cobblemon:rawst_berry",
        "percentage": 2.5
      }
    ]
  },
  "moves": [
    "1:bite",
    "1:roar",
    "6:ember",
    "8:leer",
    "10:odorsleuth",
    "12:helpinghand",
    "17:flamewheel",
    "19:reversal",
    "21:firefang",
    "23:takedown",
    "28:flameburst",
    "30:agility",
    "32:retaliate",
    "34:flamethrower",
    "39:crunch",
    "41:heatwave",
    "43:outrage",
    "45:flareblitz",
    "egg:bodyslam",
    "egg:burnup",
    "egg:closecombat",
    "egg:covet",
    "egg:crunch",
    "egg:doubleedge",
    "egg:doublekick",
    "egg:firespin",
    "egg:flareblitz",
    "egg:heatwave",
    "egg:howl",
    "egg:irontail",
    "egg:morningsun",
    "egg:thrash",
    "tm:aerialace",
    "tm:dig",
    "tm:facade",
    "tm:fireblast",
    "tm:flamecharge",
    "tm:flamethrower",
    "tm:hiddenpower",
    "tm:irontail",
    "tm:overheat",
    "tm:protect",
    "tm:rest",
    "tm:return",
    "tm:roar",
    "tm:rocksmash",
    "tm:sleeptalk",
    "tm:snarl",
    "tm:strength",
    "tm:substitute",
    "tm:sunnyday",
    "tm:thief",
    "tm:toxic",
    "tm:wildcharge",
    "tm:willowisp",
    "tm:temperflare",
    "tutor:agility",
    "tutor:bodyslam",
    "tutor:closecombat",
    "tutor:confide",
    "tutor:covet",
    "tutor:crunch",
    "tutor:firefang",
    "tutor:firespin",
    "tutor:flareblitz",
    "tutor:heatwave",
    "tutor:helpinghand",
    "tutor:outrage",
    "tutor:playrough",
    "tutor:psychicfangs",
    "tutor:reversal",
    "tutor:snore"
  ],
  "evolutions": [
    {
      "id": "growlithe_arcanine",
      "variant": "item_interact",
      "result": "arcanine",
      "consumeHeldItem": true,
      "learnableMoves": [
        "extremespeed"
      ],
      "requirements": [],
      "requiredContext": "cobblemon:fire_stone"
    }
  ],
  "forms": [
    {
      "name": "Hisui",
      "primaryType": "fire",
      "secondaryType": "rock",
      "maleRatio": 0.75,
      "height": 8,
      "weight": 227,
      "pokedex": [
        "cobblemon.species.growlithe-hisui.desc"
      ],
      "labels": [
        "gen8a",
        "hisuian_form"
      ],
      "aspects": [
        "hisuian"
      ],
      "abilities": [
        "intimidate",
        "flashfire",
        "h:rockhead"
      ],
      "baseStats": {
        "hp": 60,
        "attack": 75,
        "defence": 45,
        "special_attack": 65,
        "special_defence": 50,
        "speed": 55
      },
      "moves": [
        "1:roar",
        "1:rockthrow",
        "6:ember",
        "8:leer",
        "10:odorsleuth",
        "12:helpinghand",
        "17:flamewheel",
        "19:rocktomb",
        "21:firefang",
        "23:takedown",
        "28:flameburst",
        "30:agility",
        "32:retaliate",
        "34:flamethrower",
        "39:rockslide",
        "41:heatwave",
        "43:outrage",
        "45:flareblitz",
        "56:headsmash",
        "egg:bodyslam",
        "egg:burnup",
        "egg:covet",
        "egg:crunch",
        "egg:doubleedge",
        "egg:firespin",
        "egg:flareblitz",
        "egg:heatwave",
        "egg:howl",
        "egg:irontail",
        "egg:morningsun",
        "egg:rockblast",
        "egg:stoneedge",
        "egg:thrash",
        "tm:aerialace",
        "tm:bulldoze",
        "tm:dig",
        "tm:facade",
        "tm:fireblast",
        "tm:flamecharge",
        "tm:flamethrower",
        "tm:hiddenpower",
        "tm:hypervoice",
        "tm:irontail",
        "tm:overheat",
        "tm:protect",
        "tm:rest",
        "tm:return",
        "tm:roar",
        "tm:rockclimb",
        "tm:rockpolish",
        "tm:rockslide",
        "tm:rocksmash",
        "tm:rocktomb",
        "tm:sandstorm",
        "tm:scorchingsands",
        "tm:sleeptalk",
        "tm:snarl",
        "tm:solarbeam",
        "tm:stealthrock",
        "tm:stoneedge",
        "tm:strength",
        "tm:substitute",
        "tm:sunnyday",
        "tm:superpower",
        "tm:thief",
        "tm:toxic",
        "tm:wildcharge",
        "tm:willowisp",
        "tm:workup",
        "tm:temperflare",
        "tutor:bodyslam",
        "tutor:closecombat",
        "tutor:crunch",
        "tutor:earthpower",
        "tutor:firefang",
        "tutor:flareblitz",
        "tutor:heatwave",
        "tutor:highhorsepower",
        "tutor:irondefense",
        "tutor:ironhead",
        "tutor:outrage",
        "tutor:playrough",
        "tutor:powergem",
        "tutor:psychicfangs",
        "tutor:rockblast",
        "tutor:stompingtantrum",
        "tutor:thunderfang"
      ],
      "evolutions": [
        {
          "id": "growlithe_arcaninehisui",
          "variant": "item_interact",
          "result": "arcanine hisuian",
          "consumeHeldItem": true,
          "learnableMoves": [
            "extremespeed"
          ],
          "requirements": [],
          "requiredContext": "cobblemon:fire_stone"
        }
      ],
      "battleOnly": false
    }
  ]
}