{
  "implemented": true,
  "nationalPokedexNumber": 105,
  "name": "Marowak",
  "primaryType": "ground",
  "maleRatio": 0.5,
  "height": 10,
  "weight": 450,
  "pokedex": [
    "cobblemon.species.marowak.desc"
  ],
  "labels": [
    "gen1",
    "kantonian_form"
  ],
  "aspects": [],
  "abilities": [
    "rockhead",
    "battlearmor",
    "h:bonezone"
  ],
  "eggGroups": [
    "monster"
  ],
  "baseStats": {
    "hp": 80,
    "attack": 80,
    "defence": 110,
    "special_attack": 30,
    "special_defence": 80,
    "speed": 45
  },
  "evYield": {
    "hp": 0,
    "attack": 0,
    "defence": 2,
    "special_attack": 0,
    "special_defence": 0,
    "speed": 0
  },
  "baseExperienceYield": 149,
  "experienceGroup": "medium_fast",
  "catchRate": 75,
  "eggCycles": 20,
  "baseFriendship": 50,
  "features": [
    "alolan"
  ],
  "baseScale": 0.85,
  "hitbox": {
    "width": 0.85,
    "height": 1.3,
    "fixed": false
  },
  "drops": {
    "amount": 2,
    "entries": [
      {
        "item": "minecraft:bone"
      },
      {
        "item": "cobblemon:nanab_berry",
        "percentage": 5.0
      }
    ]
  },
  "moves": [
    "1:boneclub",
    "1:growl",
    "1:headbutt",
    "1:tailwhip",
    "13:leer",
    "17:focusenergy",
    "21:bonemerang",
    "23:rage",
    "27:falseswipe",
    "33:thrash",
    "37:fling",
    "43:stompingtantrum",
    "49:endeavor",
    "53:doubleedge",
    "59:retaliate",
    "65:bonerush",
    "egg:bellydrum",
    "egg:chipaway",
    "egg:curse",
    "egg:detect",
    "egg:doublekick",
    "egg:endure",
    "egg:headsmash",
    "egg:ironhead",
    "egg:perishsong",
    "egg:screech",
    "egg:skullbash",
    "tm:aerialace",
    "tm:blizzard",
    "tm:brickbreak",
    "tm:bulldoze",
    "tm:dig",
    "tm:earthquake",
    "tm:facade",
    "tm:fireblast",
    "tm:flamethrower",
    "tm:focusblast",
    "tm:focuspunch",
    "tm:hiddenpower",
    "tm:icebeam",
    "tm:icywind",
    "tm:irontail",
    "tm:lowkick",
    "tm:poweruppunch",
    "tm:protect",
    "tm:rest",
    "tm:return",
    "tm:rockclimb",
    "tm:rockslide",
    "tm:rocksmash",
    "tm:rocktomb",
    "tm:sandstorm",
    "tm:scorchingsands",
    "tm:sleeptalk",
    "tm:stealthrock",
    "tm:stoneedge",
    "tm:strength",
    "tm:substitute",
    "tm:sunnyday",
    "tm:swordsdance",
    "tm:thief",
    "tm:toxic",
    "tutor:bodyslam",
    "tutor:confide",
    "tutor:earthpower",
    "tutor:endeavor",
    "tutor:firepunch",
    "tutor:focusenergy",
    "tutor:icywind",
    "tutor:irondefense",
    "tutor:ironhead",
    "tutor:knockoff",
    "tutor:laserfocus",
    "tutor:lowkick",
    "tutor:outrage",
    "tutor:screech",
    "tutor:snore",
    "tutor:stompingtantrum",
    "tutor:throatchop",
    "tutor:thunderpunch",
    "tutor:uproar"
  ],
  "preEvolution": "cubone",
  "evolutions": [],
  "forms": [
    {
      "name": "Alola",
      "primaryType": "fire",
      "secondaryType": "ghost",
      "maleRatio": 0.5,
      "height": 10,
      "weight": 340,
      "pokedex": [
        "cobblemon.species.marowak-alola.desc"
      ],
      "labels": [
        "gen7",
        "alolan_form"
      ],
      "aspects": [
        "alolan"
      ],
      "abilities": [
        "lightningrod",
        "rockhead",
        "h:bonezone"
      ],
      "baseStats": {
        "hp": 60,
        "attack": 80,
        "defence": 110,
        "special_attack": 50,
        "special_defence": 80,
        "speed": 45
      },
      "baseScale": 0.8,
      "hitbox": {
        "width": 0.7,
        "height": 1.6,
        "fixed": false
      },
      "behaviour": {
        "moving": {
          "swim": {
            "canSwimInLava": true
          }
        }
      },
      "drops": {
        "amount": 1,
        "entries": [
          {
            "item": "minecraft:bone"
          }
        ]
      },
      "moves": [
        "1:boneclub",
        "1:flamewheel",
        "1:growl",
        "1:tailwhip",
        "13:leer",
        "17:hex",
        "21:bonemerang",
        "23:willowisp",
        "27:shadowbone",
        "33:thrash",
        "37:fling",
        "43:stompingtantrum",
        "49:endeavor",
        "53:flareblitz",
        "59:retaliate",
        "65:bonerush",
        "egg:bellydrum",
        "egg:chipaway",
        "egg:curse",
        "egg:detect",
        "egg:doublekick",
        "egg:endure",
        "egg:headsmash",
        "egg:ironhead",
        "egg:perishsong",
        "egg:screech",
        "egg:skullbash",
        "tm:aerialace",
        "tm:blizzard",
        "tm:brickbreak",
        "tm:bulldoze",
        "tm:darkpulse",
        "tm:dig",
        "tm:earthquake",
        "tm:facade",
        "tm:fireblast",
        "tm:flamecharge",
        "tm:flamethrower",
        "tm:focusblast",
        "tm:focuspunch",
        "tm:hiddenpower",
        "tm:icebeam",
        "tm:icywind",
        "tm:irontail",
        "tm:lowkick",
        "tm:poltergeist",
        "tm:poweruppunch",
        "tm:protect",
        "tm:raindance",
        "tm:rest",
        "tm:return",
        "tm:rockclimb",
        "tm:rockslide",
        "tm:rocksmash",
        "tm:rocktomb",
        "tm:sandstorm",
        "tm:scorchingsands",
        "tm:shadowball",
        "tm:sleeptalk",
        "tm:stealthrock",
        "tm:stoneedge",
        "tm:strength",
        "tm:substitute",
        "tm:sunnyday",
        "tm:swordsdance",
        "tm:thief",
        "tm:thunder",
        "tm:thunderbolt",
        "tm:toxic",
        "tm:willowisp",
        "tutor:bodyslam",
        "tutor:confide",
        "tutor:earthpower",
        "tutor:endeavor",
        "tutor:firepunch",
        "tutor:firespin",
        "tutor:flareblitz",
        "tutor:focusenergy",
        "tutor:heatwave",
        "tutor:hex",
        "tutor:icywind",
        "tutor:irondefense",
        "tutor:ironhead",
        "tutor:knockoff",
        "tutor:laserfocus",
        "tutor:lowkick",
        "tutor:outrage",
        "tutor:painsplit",
        "tutor:screech",
        "tutor:snore",
        "tutor:spite",
        "tutor:stompingtantrum",
        "tutor:throatchop",
        "tutor:thunderpunch",
        "tutor:uproar"
      ],
      "preEvolution": "cubone",
      "evolutions": [],
      "battleOnly": false
    }
  ]
}