{
  "implemented": true,
  "nationalPokedexNumber": 52,
  "name": "Meowth",
  "primaryType": "normal",
  "maleRatio": 0.5,
  "height": 4,
  "weight": 42,
  "pokedex": [
    "cobblemon.species.meowth.desc"
  ],
  "labels": [
    "gen1",
    "kantonian_form"
  ],
  "aspects": [],
  "abilities": [
    "pickup",
    "technician",
    "h:felineprowess"
  ],
  "eggGroups": [
    "field"
  ],
  "baseStats": {
    "hp": 40,
    "attack": 45,
    "defence": 35,
    "special_attack": 40,
    "special_defence": 40,
    "speed": 90
  },
  "evYield": {
    "hp": 0,
    "attack": 0,
    "defence": 0,
    "special_attack": 0,
    "special_defence": 0,
    "speed": 1
  },
  "baseExperienceYield": 58,
  "experienceGroup": "medium_fast",
  "catchRate": 255,
  "eggCycles": 20,
  "baseFriendship": 50,
  "features": [
    "galarian",
    "alolan"
  ],
  "baseScale": 0.7,
  "hitbox": {
    "width": 0.6,
    "height": 1.1,
    "fixed": false
  },
  "behaviour": {
    "resting": {
      "canSleep": true,
      "light": "0-4"
    }
  },
  "drops": {
    "amount": 3,
    "entries": [
      {
        "item": "minecraft:gold_nugget",
        "quantityRange": "0-1"
      },
      {
        "item": "cobblemon:quick_claw",
        "percentage": 2.5
      },
      {
        "item": "cobblemon:pinap_berry",
        "percentage": 2.5
      }
    ]
  },
  "moves": [
    "1:growl",
    "1:scratch",
    "6:bite",
    "9:fakeout",
    "12:bulletseed",
    "14:furyswipes",
    "17:screech",
    "22:headbutt",
    "25:taunt",
    "28:shockwave",
    "30:payday",
    "33:slash",
    "38:nastyplot",
    "41:assurance",
    "46:captivate",
    "49:nightslash",
    "50:feint",
    "egg:amnesia",
    "egg:assist",
    "egg:charm",
    "egg:covet",
    "egg:flail",
    "egg:foulplay",
    "egg:hypnosis",
    "egg:irontail",
    "egg:odorsleuth",
    "egg:punishment",
    "egg:snatch",
    "egg:spite",
    "egg:tailwhip",
    "tm:aerialace",
    "tm:bulletseed",
    "tm:cut",
    "tm:darkpulse",
    "tm:dig",
    "tm:facade",
    "tm:flash",
    "tm:hiddenpower",
    "tm:honeclaws",
    "tm:hypervoice",
    "tm:icywind",
    "tm:irontail",
    "tm:protect",
    "tm:raindance",
    "tm:rest",
    "tm:return",
    "tm:shadowball",
    "tm:shadowclaw",
    "tm:sleeptalk",
    "tm:substitute",
    "tm:sunnyday",
    "tm:taunt",
    "tm:thief",
    "tm:thunder",
    "tm:thunderbolt",
    "tm:toxic",
    "tm:trailblaze",
    "tm:uturn",
    "tm:workup",
    "tutor:bodyslam",
    "tutor:confide",
    "tutor:covet",
    "tutor:foulplay",
    "tutor:gunkshot",
    "tutor:hypervoice",
    "tutor:icywind",
    "tutor:knockoff",
    "tutor:lastresort",
    "tutor:nastyplot",
    "tutor:playrough",
    "tutor:psychup",
    "tutor:screech",
    "tutor:seedbomb",
    "tutor:snatch",
    "tutor:snore",
    "tutor:spite",
    "tutor:throatchop",
    "tutor:uproar"
  ],
  "evolutions": [
    {
      "id": "meowth_persian",
      "variant": "level_up",
      "result": "persian",
      "consumeHeldItem": false,
      "learnableMoves": [
        "swift",
        "powergem"
      ],
      "requirements": [
        {
          "variant": "level",
          "minLevel": 28
        }
      ]
    }
  ],
  "forms": [
    {
      "name": "Alola",
      "primaryType": "dark",
      "maleRatio": 0.5,
      "height": 4,
      "weight": 42,
      "pokedex": [
        "cobblemon.species.meowth-alola.desc"
      ],
      "labels": [
        "gen7",
        "alolan_form"
      ],
      "aspects": [
        "alolan"
      ],
      "abilities": [
        "pickup",
        "technician",
        "h:felineprowess"
      ],
      "baseStats": {
        "hp": 40,
        "attack": 35,
        "defence": 35,
        "special_attack": 50,
        "special_defence": 40,
        "speed": 90
      },
      "drops": {
        "amount": 3,
        "entries": [
          {
            "item": "minecraft:gold_nugget",
            "quantityRange": "0-1"
          },
          {
            "item": "cobblemon:quick_claw",
            "percentage": 2.5
          },
          {
            "item": "cobblemon:bluk_berry",
            "percentage": 2.5
          }
        ]
      },
      "moves": [
        "1:growl",
        "1:scratch",
        "6:bite",
        "9:fakeout",
        "14:furyswipes",
        "17:screech",
        "22:feintattack",
        "25:taunt",
        "30:payday",
        "33:slash",
        "38:nastyplot",
        "41:assurance",
        "46:captivate",
        "49:nightslash",
        "50:feint",
        "55:darkpulse",
        "egg:amnesia",
        "egg:assist",
        "egg:charm",
        "egg:covet",
        "egg:flail",
        "egg:flatter",
        "egg:foulplay",
        "egg:hypnosis",
        "egg:partingshot",
        "egg:punishment",
        "egg:snatch",
        "egg:spite",
        "tm:aerialace",
        "tm:cut",
        "tm:darkpulse",
        "tm:dig",
        "tm:facade",
        "tm:flash",
        "tm:hiddenpower",
        "tm:honeclaws",
        "tm:hypervoice",
        "tm:icywind",
        "tm:irontail",
        "tm:protect",
        "tm:raindance",
        "tm:rest",
        "tm:return",
        "tm:shadowball",
        "tm:shadowclaw",
        "tm:sleeptalk",
        "tm:substitute",
        "tm:sunnyday",
        "tm:taunt",
        "tm:thief",
        "tm:thunder",
        "tm:thunderbolt",
        "tm:toxic",
        "tm:trailblaze",
        "tm:uturn",
        "tm:workup",
        "tutor:bodyslam",
        "tutor:confide",
        "tutor:covet",
        "tutor:foulplay",
        "tutor:gunkshot",
        "tutor:hypervoice",
        "tutor:icywind",
        "tutor:knockoff",
        "tutor:lastresort",
        "tutor:nastyplot",
        "tutor:playrough",
        "tutor:psychup",
        "tutor:screech",
        "tutor:seedbomb",
        "tutor:snatch",
        "tutor:snore",
        "tutor:spite",
        "tutor:throatchop",
        "tutor:uproar"
      ],
      "evolutions": [
        {
          "id": "meowth_persianalola",
          "variant": "level_up",
          "result": "persian alolan",
          "consumeHeldItem": false,
          "learnableMoves": [
            "swift",
            "powergem"
          ],
          "requirements": [
            {
              "variant": "friendship",
              "amount": 160
            }
          ]
        }
      ],
      "battleOnly": false
    },
    {
      "name": "Galar",
      "primaryType": "steel",
      "maleRatio": 0.5,
      "height": 4,
      "weight": 75,
      "pokedex": [
        "cobblemon.species.meowth-galar.desc"
      ],
      "labels": [
        "gen8",
        "galarian_form"
      ],
      "aspects": [
        "galarian"
      ],
      "abilities": [
        "pickup",
        "toughclaws",
        "h:unnerve"
      ],
      "baseStats": {
        "hp": 50,
        "attack": 65,
        "defence": 55,
        "special_attack": 40,
        "special_defence": 40,
        "speed": 40
      },
      "evYield": {
        "hp": 0,
        "attack": 1,
        "defence": 0,
        "special_attack": 0,
        "special_defence": 0,
        "speed": 0
      },
      "behaviour": {
        "resting": {
          "canSleep": true,
          "light": "0-4",
          "willSleepOnBed": true
        },
        "moving": {
          "walk": {
            "walkSpeed": 0.2
          }
        }
      },
      "drops": {
        "amount": 2,
        "entries": [
          {
            "item": "cobblemon:razor_claw",
            "percentage": 2.5
          },
          {
            "item": "cobblemon:wepear_berry",
            "percentage": 2.5
          }
        ]
      },
      "moves": [
        "1:fakeout",
        "1:growl",
        "4:honeclaws",
        "6:scratch",
        "12:payday",
        "15:metalclaw",
        "20:taunt",
        "22:bulletpunch",
        "24:swagger",
        "29:furyswipes",
        "32:screech",
        "36:slash",
        "40:metalsound",
        "44:thrash",
        "egg:bulletpunch",
        "egg:covet",
        "egg:curse",
        "egg:doubleedge",
        "egg:nightslash",
        "egg:spite",
        "tm:aerialace",
        "tm:cut",
        "tm:darkpulse",
        "tm:dig",
        "tm:facade",
        "tm:gyroball",
        "tm:hiddenpower",
        "tm:honeclaws",
        "tm:hypervoice",
        "tm:irontail",
        "tm:protect",
        "tm:raindance",
        "tm:rest",
        "tm:return",
        "tm:shadowball",
        "tm:shadowclaw",
        "tm:sleeptalk",
        "tm:steelbeam",
        "tm:substitute",
        "tm:sunnyday",
        "tm:swordsdance",
        "tm:taunt",
        "tm:thief",
        "tm:thunder",
        "tm:thunderbolt",
        "tm:toxic",
        "tm:trailblaze",
        "tm:uturn",
        "tm:workup",
        "tutor:bodyslam",
        "tutor:confide",
        "tutor:covet",
        "tutor:crunch",
        "tutor:foulplay",
        "tutor:gunkshot",
        "tutor:hypervoice",
        "tutor:irondefense",
        "tutor:ironhead",
        "tutor:knockoff",
        "tutor:lastresort",
        "tutor:nastyplot",
        "tutor:playrough",
        "tutor:psychup",
        "tutor:screech",
        "tutor:seedbomb",
        "tutor:snatch",
        "tutor:snore",
        "tutor:spite",
        "tutor:throatchop",
        "tutor:uproar"
      ],
      "evolutions": [
        {
          "id": "meowth_perrserker",
          "variant": "level_up",
          "result": "perrserker",
          "consumeHeldItem": false,
          "learnableMoves": [
            "ironhead"
          ],
          "requirements": [
            {
              "variant": "level",
              "minLevel": 28
            }
          ]
        }
      ],
      "battleOnly": false
    },
    {
      "name": "Gmax",
      "primaryType": "normal",
      "maleRatio": 0.5,
      "height": 330,
      "weight": 0,
      "pokedex": [
        "cobblemon.species.meowth-gmax.desc"
      ],
      "labels": [
        "gen8",
        "gmax"
      ],
      "aspects": [
        "gmax"
      ],
      "dynamaxBlocked": true,
      "evolutions": [],
      "battleOnly": true
    }
  ]
}