{
  "implemented": true,
  "nationalPokedexNumber": 146,
  "name": "Moltres",
  "primaryType": "fire",
  "secondaryType": "flying",
  "maleRatio": -1,
  "height": 20,
  "weight": 600,
  "pokedex": [
    "cobblemon.species.moltres.desc"
  ],
  "labels": [
    "gen1",
    "legendary",
    "kantonian_form"
  ],
  "aspects": [],
  "abilities": [
    "pressure",
    "h:flamebody"
  ],
  "eggGroups": [
    "undiscovered"
  ],
  "baseStats": {
    "hp": 90,
    "attack": 100,
    "defence": 90,
    "special_attack": 125,
    "special_defence": 85,
    "speed": 90
  },
  "evYield": {
    "hp": 0,
    "attack": 0,
    "defence": 0,
    "special_attack": 3,
    "special_defence": 0,
    "speed": 0
  },
  "baseExperienceYield": 290,
  "experienceGroup": "slow",
  "catchRate": 3,
  "eggCycles": 80,
  "baseFriendship": 35,
  "features": [
    "galarian"
  ],
  "baseScale": 1.6,
  "hitbox": {
    "width": 0.8,
    "height": 1.7,
    "fixed": false
  },
  "behaviour": {
    "moving": {
      "fly": {
        "canFly": true
      }
    }
  },
  "drops": {
    "amount": 6,
    "entries": [
      {
        "item": "minecraft:feather",
        "quantityRange": "2-4"
      },
      {
        "item": "minecraft:cooked_chicken"
      },
      {
        "item": "cobblemon:charcoal_stick"
      }
    ]
  },
  "moves": [
    "1:ember",
    "1:wingattack",
    "8:firespin",
    "15:agility",
    "22:endure",
    "29:ancientpower",
    "36:flamethrower",
    "43:safeguard",
    "50:airslash",
    "57:sunnyday",
    "64:heatwave",
    "71:solarbeam",
    "78:skyattack",
    "85:roost",
    "92:hurricane",
    "99:burnup",
    "tm:aerialace",
    "tm:bravebird",
    "tm:defog",
    "tm:dualwingbeat",
    "tm:facade",
    "tm:fireblast",
    "tm:flamecharge",
    "tm:flamethrower",
    "tm:fly",
    "tm:snowscape",
    "tm:hiddenpower",
    "tm:overheat",
    "tm:pluck",
    "tm:protect",
    "tm:raindance",
    "tm:rest",
    "tm:return",
    "tm:roar",
    "tm:rocksmash",
    "tm:roost",
    "tm:sandstorm",
    "tm:scorchingsands",
    "tm:sleeptalk",
    "tm:solarbeam",
    "tm:steelwing",
    "tm:substitute",
    "tm:sunnyday",
    "tm:toxic",
    "tm:uturn",
    "tm:willowisp",
    "tm:temperflare",
    "tutor:agility",
    "tutor:airslash",
    "tutor:bravebird",
    "tutor:confide",
    "tutor:firespin",
    "tutor:flareblitz",
    "tutor:heatwave",
    "tutor:hurricane",
    "tutor:laserfocus",
    "tutor:mysticalfire",
    "tutor:skyattack",
    "tutor:snore",
    "tutor:tailwind",
    "tutor:weatherball"
  ],
  "evolutions": [],
  "forms": [
    {
      "name": "Galar",
      "primaryType": "dark",
      "secondaryType": "flying",
      "maleRatio": -1,
      "height": 20,
      "weight": 660,
      "pokedex": [
        "cobblemon.species.moltres-galar.desc"
      ],
      "labels": [
        "gen8",
        "legendary",
        "galarian_form"
      ],
      "aspects": [
        "galarian"
      ],
      "abilities": [
        "berserk",
        "h:berserk"
      ],
      "baseStats": {
        "hp": 90,
        "attack": 85,
        "defence": 90,
        "special_attack": 100,
        "special_defence": 125,
        "speed": 90
      },
      "evYield": {
        "hp": 0,
        "attack": 0,
        "defence": 0,
        "special_attack": 0,
        "special_defence": 3,
        "speed": 0
      },
      "eggCycles": 120,
      "drops": {
        "amount": 6,
        "entries": [
          {
            "item": "minecraft:feather",
            "quantityRange": "2-4"
          },
          {
            "item": "minecraft:cooked_chicken"
          },
          {
            "item": "cobblemon:sharp_beak"
          }
        ]
      },
      "moves": [
        "1:gust",
        "1:memento",
        "1:tailwind",
        "5:payback",
        "10:safeguard",
        "15:wingattack",
        "20:agility",
        "25:ancientpower",
        "30:suckerpunch",
        "35:airslash",
        "40:afteryou",
        "45:fierywrath",
        "50:nastyplot",
        "55:hurricane",
        "60:endure",
        "65:darkpulse",
        "70:skyattack",
        "tm:aerialace",
        "tm:bravebird",
        "tm:darkpulse",
        "tm:defog",
        "tm:dualwingbeat",
        "tm:facade",
        "tm:fly",
        "tm:hypervoice",
        "tm:protect",
        "tm:reflect",
        "tm:rest",
        "tm:roost",
        "tm:scorchingsands",
        "tm:shadowball",
        "tm:sleeptalk",
        "tm:snarl",
        "tm:steelwing",
        "tm:substitute",
        "tm:toxic",
        "tm:uturn",
        "tm:hiddenpower",
        "tutor:airslash",
        "tutor:bravebird",
        "tutor:confide",
        "tutor:darkhole",
        "tutor:foulplay",
        "tutor:hex",
        "tutor:hurricane",
        "tutor:laserfocus",
        "tutor:nastyplot",
        "tutor:skyattack",
        "tutor:tailwind"
      ],
      "evolutions": [],
      "battleOnly": false
    }
  ]
}