{
  "implemented": true,
  "nationalPokedexNumber": 122,
  "name": "Mr. Mime",
  "primaryType": "psychic",
  "secondaryType": "fairy",
  "maleRatio": 0.5,
  "height": 13,
  "weight": 545,
  "pokedex": [
    "cobblemon.species.mrmime.desc"
  ],
  "labels": [
    "gen1",
    "kantonian_form"
  ],
  "aspects": [],
  "abilities": [
    "soundproof",
    "filter",
    "h:mistysurge"
  ],
  "eggGroups": [
    "human_like"
  ],
  "baseStats": {
    "hp": 50,
    "attack": 45,
    "defence": 65,
    "special_attack": 100,
    "special_defence": 120,
    "speed": 90
  },
  "evYield": {
    "hp": 0,
    "attack": 0,
    "defence": 0,
    "special_attack": 0,
    "special_defence": 2,
    "speed": 0
  },
  "baseExperienceYield": 161,
  "experienceGroup": "medium_fast",
  "catchRate": 45,
  "eggCycles": 25,
  "baseFriendship": 50,
  "features": [
    "galarian"
  ],
  "baseScale": 0.7,
  "hitbox": {
    "width": 0.8,
    "height": 1.8,
    "fixed": false
  },
  "drops": {
    "amount": 2,
    "entries": [
      {
        "item": "cobblemon:light_clay",
        "percentage": 5.0
      },
      {
        "item": "cobblemon:babiri_berry",
        "percentage": 5.0
      }
    ]
  },
  "moves": [
    "1:barrier",
    "1:confusion",
    "1:guardswap",
    "1:magicalleaf",
    "1:mistyterrain",
    "1:pound",
    "1:powerswap",
    "1:quickguard",
    "1:wideguard",
    "4:copycat",
    "8:meditate",
    "11:doubleslap",
    "15:mimic",
    "15:psywave",
    "18:encore",
    "22:lightscreen",
    "22:reflect",
    "25:psybeam",
    "29:substitute",
    "32:recycle",
    "36:taunt",
    "39:psychic",
    "43:roleplay",
    "50:safeguard",
    "58:moonblast",
    "62:sparklyswirl",
    "66:psychoboost",
    "egg:confuseray",
    "egg:fakeout",
    "egg:futuresight",
    "egg:hypnosis",
    "egg:icywind",
    "egg:magicroom",
    "egg:mimic",
    "egg:nastyplot",
    "egg:powersplit",
    "egg:psychicterrain",
    "egg:teeterdance",
    "egg:trick",
    "egg:wakeupslap",
    "egg:charm",
    "egg:healingwish",
    "tm:aerialace",
    "tm:brickbreak",
    "tm:calmmind",
    "tm:chargebeam",
    "tm:dazzlinggleam",
    "tm:drainpunch",
    "tm:energyball",
    "tm:expandingforce",
    "tm:facade",
    "tm:flash",
    "tm:focusblast",
    "tm:aurasphere",
    "tm:focuspunch",
    "tm:futuresight",
    "tm:grassknot",
    "tm:hiddenpower",
    "tm:icywind",
    "tm:lightscreen",
    "tm:mistyexplosion",
    "tm:poweruppunch",
    "tm:protect",
    "tm:psychic",
    "tm:psyshock",
    "tm:raindance",
    "tm:reflect",
    "tm:rest",
    "tm:return",
    "tm:shadowball",
    "tm:sleeptalk",
    "tm:solarbeam",
    "tm:substitute",
    "tm:sunnyday",
    "tm:taunt",
    "tm:teleport",
    "tm:terrainpulse",
    "tm:thief",
    "tm:thunder",
    "tm:thunderbolt",
    "tm:thunderwave",
    "tm:toxic",
    "tm:trickroom",
    "tutor:batonpass",
    "tutor:bodyslam",
    "tutor:confide",
    "tutor:covet",
    "tutor:encore",
    "tutor:firepunch",
    "tutor:foulplay",
    "tutor:helpinghand",
    "tutor:icepunch",
    "tutor:icywind",
    "tutor:irondefense",
    "tutor:magiccoat",
    "tutor:magicroom",
    "tutor:mistyterrain",
    "tutor:mysticalfire",
    "tutor:nastyplot",
    "tutor:psychicterrain",
    "tutor:psychup",
    "tutor:roleplay",
    "tutor:signalbeam",
    "tutor:snatch",
    "tutor:snore",
    "tutor:storedpower",
    "tutor:thunderpunch",
    "tutor:trick",
    "tutor:uproar",
    "tutor:wonderroom",
    "tutor:zenheadbutt"
  ],
  "preEvolution": "mimejr",
  "evolutions": [],
  "forms": [
    {
      "name": "Galar",
      "primaryType": "ice",
      "secondaryType": "psychic",
      "maleRatio": 0.5,
      "height": 14,
      "weight": 568,
      "pokedex": [
        "cobblemon.species.mrmime-galar.desc"
      ],
      "labels": [
        "gen8",
        "galarian_form"
      ],
      "aspects": [
        "galarian"
      ],
      "abilities": [
        "vitalspirit",
        "screencleaner",
        "h:icebody"
      ],
      "baseStats": {
        "hp": 50,
        "attack": 65,
        "defence": 65,
        "special_attack": 90,
        "special_defence": 90,
        "speed": 100
      },
      "evYield": {
        "hp": 0,
        "attack": 0,
        "defence": 0,
        "special_attack": 0,
        "special_defence": 0,
        "speed": 2
      },
      "drops": {
        "amount": 1,
        "entries": [
          {
            "item": "cobblemon:aspear_berry",
            "percentage": 5.0
          }
        ]
      },
      "moves": [
        "1:copycat",
        "1:dazzlinggleam",
        "1:detect",
        "1:iceshard",
        "1:lightscreen",
        "1:mimic",
        "1:mistyterrain",
        "1:pound",
        "1:rapidspin",
        "1:recycle",
        "1:reflect",
        "1:roleplay",
        "1:safeguard",
        "8:encore",
        "12:confusion",
        "16:skillswap",
        "20:icywind",
        "24:doublekick",
        "28:psybeam",
        "32:hypnosis",
        "36:mirrorcoat",
        "40:suckerpunch",
        "44:freezedry",
        "48:psychic",
        "52:teeterdance",
        "56:frostbreath",
        "62:freezyfrost",
        "egg:confuseray",
        "egg:fakeout",
        "egg:hypnosis",
        "egg:powersplit",
        "egg:tickle",
        "egg:charm",
        "egg:futuresight",
        "egg:healingwish",
        "egg:icywind",
        "egg:magicroom",
        "egg:mimic",
        "egg:nastyplot",
        "egg:psychicterrain",
        "egg:teeterdance",
        "egg:trick",
        "egg:wakeupslap",
        "tm:aerialace",
        "tm:blizzard",
        "tm:brickbreak",
        "tm:calmmind",
        "tm:dazzlinggleam",
        "tm:drainpunch",
        "tm:energyball",
        "tm:expandingforce",
        "tm:facade",
        "tm:focusblast",
        "tm:aurasphere",
        "tm:frostbreath",
        "tm:futuresight",
        "tm:grassknot",
        "tm:snowscape",
        "tm:hiddenpower",
        "tm:icebeam",
        "tm:icywind",
        "tm:lightscreen",
        "tm:protect",
        "tm:psychic",
        "tm:psyshock",
        "tm:raindance",
        "tm:reflect",
        "tm:rest",
        "tm:return",
        "tm:shadowball",
        "tm:sleeptalk",
        "tm:substitute",
        "tm:sunnyday",
        "tm:taunt",
        "tm:teleport",
        "tm:terrainpulse",
        "tm:thief",
        "tm:thunder",
        "tm:thunderbolt",
        "tm:thunderwave",
        "tm:toxic",
        "tm:trickroom",
        "tm:tripleaxel",
        "tutor:batonpass",
        "tutor:bodyslam",
        "tutor:confide",
        "tutor:covet",
        "tutor:encore",
        "tutor:foulplay",
        "tutor:helpinghand",
        "tutor:icepunch",
        "tutor:iciclespear",
        "tutor:icywind",
        "tutor:irondefense",
        "tutor:magiccoat",
        "tutor:magicroom",
        "tutor:mistyterrain",
        "tutor:nastyplot",
        "tutor:psychicterrain",
        "tutor:psychup",
        "tutor:roleplay",
        "tutor:screech",
        "tutor:signalbeam",
        "tutor:snatch",
        "tutor:snore",
        "tutor:stompingtantrum",
        "tutor:storedpower",
        "tutor:trick",
        "tutor:uproar",
        "tutor:wonderroom",
        "tutor:zenheadbutt"
      ],
      "preEvolution": "mimejr",
      "evolutions": [
        {
          "id": "mrmime_mrrime",
          "variant": "level_up",
          "result": "mrrime",
          "consumeHeldItem": false,
          "learnableMoves": [],
          "requirements": [
            {
              "variant": "level",
              "minLevel": 42
            }
          ]
        }
      ],
      "battleOnly": false
    }
  ]
}