{
  "implemented": true,
  "nationalPokedexNumber": 89,
  "name": "Muk",
  "primaryType": "poison",
  "maleRatio": 0.5,
  "height": 12,
  "weight": 300,
  "pokedex": [
    "cobblemon.species.muk.desc"
  ],
  "labels": [
    "gen1",
    "kantonian_form"
  ],
  "aspects": [],
  "abilities": [
    "regenerator",
    "stickyhold",
    "h:poisontouch"
  ],
  "eggGroups": [
    "amorphous"
  ],
  "baseStats": {
    "hp": 105,
    "attack": 105,
    "defence": 75,
    "special_attack": 65,
    "special_defence": 100,
    "speed": 50
  },
  "evYield": {
    "hp": 1,
    "attack": 1,
    "defence": 0,
    "special_attack": 0,
    "special_defence": 0,
    "speed": 0
  },
  "baseExperienceYield": 175,
  "experienceGroup": "medium_fast",
  "catchRate": 75,
  "eggCycles": 20,
  "baseFriendship": 50,
  "features": [
    "alolan"
  ],
  "baseScale": 1.4,
  "hitbox": {
    "width": 1.4,
    "height": 1,
    "fixed": false
  },
  "behaviour": {
    "moving": {
      "swim": {
        "canWalkOnWater": true,
        "canSwimInWater": true
      }
    }
  },
  "drops": {
    "amount": 4,
    "entries": [
      {
        "item": "minecraft:slime_ball",
        "quantityRange": "0-2"
      },
      {
        "item": "cobblemon:black_sludge",
        "percentage": 5.0
      },
      {
        "item": "cobblemon:toxic_orb",
        "percentage": 5.0
      }
    ]
  },
  "moves": [
    "1:harden",
    "1:mudslap",
    "1:poisongas",
    "1:pound",
    "1:venomdrench",
    "12:disable",
    "15:sludge",
    "18:mudbomb",
    "26:fling",
    "29:sludgebomb",
    "32:poisonfang",
    "37:screech",
    "40:gunkshot",
    "46:acidarmor",
    "52:belch",
    "57:memento",
    "egg:acidspray",
    "egg:curse",
    "egg:haze",
    "egg:imprison",
    "egg:lick",
    "egg:meanlook",
    "egg:poweruppunch",
    "egg:scaryface",
    "egg:shadowpunch",
    "egg:shadowsneak",
    "egg:spitup",
    "egg:stockpile",
    "egg:swallow",
    "tm:brickbreak",
    "tm:darkpulse",
    "tm:dig",
    "tm:drainpunch",
    "tm:explosion",
    "tm:facade",
    "tm:fireblast",
    "tm:flamethrower",
    "tm:focusblast",
    "tm:focuspunch",
    "tm:gigadrain",
    "tm:hiddenpower",
    "tm:poisonjab",
    "tm:poweruppunch",
    "tm:protect",
    "tm:raindance",
    "tm:rest",
    "tm:return",
    "tm:rockslide",
    "tm:rocksmash",
    "tm:rocktomb",
    "tm:shadowball",
    "tm:sleeptalk",
    "tm:sludgebomb",
    "tm:sludgewave",
    "tm:strength",
    "tm:substitute",
    "tm:sunnyday",
    "tm:taunt",
    "tm:thief",
    "tm:thunder",
    "tm:thunderbolt",
    "tm:toxic",
    "tm:venoshock",
    "tm:knockoff",
    "tutor:block",
    "tutor:bodyslam",
    "tutor:confide",
    "tutor:firepunch",
    "tutor:gunkshot",
    "tutor:helpinghand",
    "tutor:icepunch",
    "tutor:painsplit",
    "tutor:scaryface",
    "tutor:screech",
    "tutor:snore",
    "tutor:thunderpunch",
    "tutor:venomdrench",
    "tutor:toxicspikes"
  ],
  "preEvolution": "grimer",
  "evolutions": [],
  "forms": [
    {
      "name": "Alola",
      "primaryType": "poison",
      "secondaryType": "dark",
      "maleRatio": 0.5,
      "height": 10,
      "weight": 520,
      "pokedex": [
        "cobblemon.species.muk-alola.desc"
      ],
      "labels": [
        "gen7",
        "alolan_form"
      ],
      "aspects": [
        "alolan"
      ],
      "abilities": [
        "poisontouch",
        "gluttony",
        "h:powerofalchemy"
      ],
      "moves": [
        "1:harden",
        "1:partingshot",
        "1:poisongas",
        "1:pound",
        "1:venomdrench",
        "7:bite",
        "12:disable",
        "15:acidspray",
        "18:poisonfang",
        "26:fling",
        "29:knockoff",
        "32:crunch",
        "37:screech",
        "40:gunkshot",
        "46:acidarmor",
        "52:belch",
        "57:memento",
        "63:suckerpunch",
        "egg:assurance",
        "egg:clearsmog",
        "egg:curse",
        "egg:imprison",
        "egg:meanlook",
        "egg:poweruppunch",
        "egg:pursuit",
        "egg:scaryface",
        "egg:shadowsneak",
        "egg:spite",
        "egg:spitup",
        "egg:stockpile",
        "egg:swallow",
        "tm:brickbreak",
        "tm:darkpulse",
        "tm:dig",
        "tm:drainpunch",
        "tm:explosion",
        "tm:facade",
        "tm:fireblast",
        "tm:flamethrower",
        "tm:focusblast",
        "tm:focuspunch",
        "tm:gigadrain",
        "tm:hiddenpower",
        "tm:poisonjab",
        "tm:poweruppunch",
        "tm:protect",
        "tm:raindance",
        "tm:rest",
        "tm:return",
        "tm:rockpolish",
        "tm:rockslide",
        "tm:rocktomb",
        "tm:shadowball",
        "tm:sleeptalk",
        "tm:sludgebomb",
        "tm:sludgewave",
        "tm:snarl",
        "tm:stoneedge",
        "tm:strength",
        "tm:substitute",
        "tm:sunnyday",
        "tm:taunt",
        "tm:thief",
        "tm:thunder",
        "tm:thunderbolt",
        "tm:toxic",
        "tm:venoshock",
        "tutor:block",
        "tutor:bodyslam",
        "tutor:confide",
        "tutor:crunch",
        "tutor:darkhole",
        "tutor:firepunch",
        "tutor:gastroacid",
        "tutor:gunkshot",
        "tutor:helpinghand",
        "tutor:icepunch",
        "tutor:knockoff",
        "tutor:painsplit",
        "tutor:scaryface",
        "tutor:screech",
        "tutor:snore",
        "tutor:spite",
        "tutor:thunderpunch",
        "tutor:venomdrench"
      ],
      "preEvolution": "grimer alolan",
      "evolutions": [],
      "battleOnly": false
    }
  ]
}