{
  "implemented": true,
  "nationalPokedexNumber": 38,
  "name": "Ninetales",
  "primaryType": "fire",
  "maleRatio": 0.25,
  "height": 11,
  "weight": 199,
  "pokedex": [
    "cobblemon.species.ninetales.desc"
  ],
  "labels": [
    "gen1",
    "kantonian_form"
  ],
  "aspects": [],
  "abilities": [
    "flashfire",
    "h:drought"
  ],
  "eggGroups": [
    "field"
  ],
  "baseStats": {
    "hp": 73,
    "attack": 76,
    "defence": 75,
    "special_attack": 81,
    "special_defence": 100,
    "speed": 100
  },
  "evYield": {
    "hp": 0,
    "attack": 0,
    "defence": 0,
    "special_attack": 0,
    "special_defence": 1,
    "speed": 1
  },
  "baseExperienceYield": 177,
  "experienceGroup": "medium_fast",
  "catchRate": 75,
  "eggCycles": 20,
  "baseFriendship": 50,
  "features": [
    "alolan"
  ],
  "baseScale": 0.8,
  "hitbox": {
    "width": 1.1,
    "height": 1.5,
    "fixed": false
  },
  "behaviour": {
    "resting": {
      "canSleep": true,
      "light": "0-4"
    }
  },
  "drops": {
    "amount": 6,
    "entries": [
      {
        "item": "minecraft:sweet_berries",
        "quantityRange": "2-4"
      },
      {
        "item": "minecraft:charcoal",
        "percentage": 5.0
      },
      {
        "item": "cobblemon:rawst_berry",
        "percentage": 5.0
      }
    ]
  },
  "moves": [
    "1:confuseray",
    "1:flamethrower",
    "1:imprison",
    "1:nastyplot",
    "1:quickattack",
    "1:safeguard",
    "45:healingwish",
    "egg:captivate",
    "egg:disable",
    "egg:extrasensory",
    "egg:feintattack",
    "egg:flail",
    "egg:flareblitz",
    "egg:heatwave",
    "egg:hex",
    "egg:howl",
    "egg:hypnosis",
    "egg:memento",
    "egg:powerswap",
    "egg:secretpower",
    "egg:spite",
    "egg:tailslap",
    "tm:calmmind",
    "tm:darkpulse",
    "tm:dig",
    "tm:energyball",
    "tm:facade",
    "tm:fireblast",
    "tm:flamecharge",
    "tm:flamethrower",
    "tm:hiddenpower",
    "tm:irontail",
    "tm:overheat",
    "tm:protect",
    "tm:psyshock",
    "tm:rest",
    "tm:return",
    "tm:roar",
    "tm:scorchingsands",
    "tm:shadowball",
    "tm:sleeptalk",
    "tm:solarbeam",
    "tm:substitute",
    "tm:sunnyday",
    "tm:toxic",
    "tm:willowisp",
    "tutor:agility",
    "tutor:bodyslam",
    "tutor:celebrate",
    "tutor:confide",
    "tutor:covet",
    "tutor:encore",
    "tutor:faketears",
    "tutor:firespin",
    "tutor:flareblitz",
    "tutor:foulplay",
    "tutor:heatwave",
    "tutor:hex",
    "tutor:laserfocus",
    "tutor:mysticalfire",
    "tutor:nastyplot",
    "tutor:painsplit",
    "tutor:psychup",
    "tutor:roleplay",
    "tutor:snore",
    "tutor:spite",
    "tutor:storedpower",
    "tutor:tailslap",
    "tutor:weatherball",
    "tutor:zenheadbutt"
  ],
  "preEvolution": "vulpix",
  "evolutions": [],
  "forms": [
    {
      "name": "Alola",
      "primaryType": "ice",
      "secondaryType": "fairy",
      "maleRatio": 0.25,
      "height": 11,
      "weight": 199,
      "pokedex": [
        "cobblemon.species.ninetales-alola.desc"
      ],
      "labels": [
        "gen7",
        "alolan_form"
      ],
      "aspects": [
        "alolan"
      ],
      "abilities": [
        "serenegrace",
        "h:snowwarning"
      ],
      "baseStats": {
        "hp": 73,
        "attack": 67,
        "defence": 75,
        "special_attack": 81,
        "special_defence": 100,
        "speed": 109
      },
      "evYield": {
        "hp": 0,
        "attack": 0,
        "defence": 0,
        "special_attack": 0,
        "special_defence": 0,
        "speed": 2
      },
      "drops": {
        "amount": 7,
        "entries": [
          {
            "item": "minecraft:sweet_berries",
            "quantityRange": "2-4"
          },
          {
            "item": "minecraft:snowball",
            "quantityRange": "0-2"
          },
          {
            "item": "cobblemon:babiri_berry",
            "percentage": 5.0
          }
        ]
      },
      "moves": [
        "1:confuseray",
        "1:freezedry",
        "1:icebeam",
        "1:iceshard",
        "1:moonblast",
        "1:nastyplot",
        "1:safeguard",
        "47:frostbreath",
        "80:auroraveil",
        "egg:agility",
        "egg:charm",
        "egg:disable",
        "egg:encore",
        "egg:extrasensory",
        "egg:flail",
        "egg:freezedry",
        "egg:howl",
        "egg:hypnosis",
        "egg:moonblast",
        "egg:powerswap",
        "egg:secretpower",
        "egg:spite",
        "egg:tailslap",
        "tm:blizzard",
        "tm:calmmind",
        "tm:darkpulse",
        "tm:dazzlinggleam",
        "tm:dig",
        "tm:drainingkiss",
        "tm:energyball",
        "tm:facade",
        "tm:frostbreath",
        "tm:snowscape",
        "tm:hiddenpower",
        "tm:icebeam",
        "tm:icywind",
        "tm:irontail",
        "tm:protect",
        "tm:psyshock",
        "tm:raindance",
        "tm:rest",
        "tm:return",
        "tm:roar",
        "tm:sleeptalk",
        "tm:substitute",
        "tm:toxic",
        "tm:tripleaxel",
        "tm:playrough",
        "tutor:agility",
        "tutor:aquatail",
        "tutor:bodyslam",
        "tutor:celebrate",
        "tutor:confide",
        "tutor:covet",
        "tutor:encore",
        "tutor:faketears",
        "tutor:foulplay",
        "tutor:healbell",
        "tutor:hex",
        "tutor:icywind",
        "tutor:laserfocus",
        "tutor:mistyterrain",
        "tutor:nastyplot",
        "tutor:painsplit",
        "tutor:psychup",
        "tutor:roleplay",
        "tutor:snore",
        "tutor:spite",
        "tutor:storedpower",
        "tutor:tailslap",
        "tutor:weatherball",
        "tutor:wonderroom",
        "tutor:zenheadbutt"
      ],
      "preEvolution": "vulpix alolan",
      "evolutions": [],
      "battleOnly": false
    }
  ]
}