{
  "implemented": true,
  "nationalPokedexNumber": 53,
  "name": "Persian",
  "primaryType": "normal",
  "maleRatio": 0.5,
  "height": 10,
  "weight": 320,
  "pokedex": [
    "cobblemon.species.persian.desc"
  ],
  "labels": [
    "gen1",
    "kantonian_form"
  ],
  "aspects": [],
  "abilities": [
    "limber",
    "technician",
    "h:felineprowess"
  ],
  "eggGroups": [
    "field"
  ],
  "baseStats": {
    "hp": 65,
    "attack": 80,
    "defence": 60,
    "special_attack": 60,
    "special_defence": 65,
    "speed": 115
  },
  "evYield": {
    "hp": 0,
    "attack": 0,
    "defence": 0,
    "special_attack": 0,
    "special_defence": 0,
    "speed": 2
  },
  "baseExperienceYield": 154,
  "experienceGroup": "medium_fast",
  "catchRate": 90,
  "eggCycles": 20,
  "baseFriendship": 50,
  "features": [
    "alolan"
  ],
  "baseScale": 0.8,
  "hitbox": {
    "width": 1,
    "height": 1.2,
    "fixed": false
  },
  "behaviour": {
    "resting": {
      "canSleep": true,
      "light": "0-4"
    }
  },
  "drops": {
    "amount": 4,
    "entries": [
      {
        "item": "minecraft:gold_nugget",
        "quantityRange": "0-2"
      },
      {
        "item": "cobblemon:quick_claw",
        "percentage": 5.0
      },
      {
        "item": "cobblemon:pinap_berry",
        "percentage": 5.0
      }
    ]
  },
  "moves": [
    "1:bite",
    "1:fakeout",
    "1:growl",
    "1:playrough",
    "1:scratch",
    "1:swift",
    "1:switcheroo",
    "12:bulletseed",
    "14:furyswipes",
    "17:screech",
    "22:headbutt",
    "25:taunt",
    "28:shockwave",
    "32:powergem",
    "37:slash",
    "44:nastyplot",
    "49:assurance",
    "56:captivate",
    "61:nightslash",
    "65:feint",
    "egg:amnesia",
    "egg:assist",
    "egg:charm",
    "egg:covet",
    "egg:flail",
    "egg:foulplay",
    "egg:hypnosis",
    "egg:irontail",
    "egg:odorsleuth",
    "egg:punishment",
    "egg:snatch",
    "egg:spite",
    "egg:tailwhip",
    "tm:aerialace",
    "tm:bulletseed",
    "tm:cut",
    "tm:darkpulse",
    "tm:dazzlinggleam",
    "tm:dig",
    "tm:facade",
    "tm:flash",
    "tm:hiddenpower",
    "tm:honeclaws",
    "tm:hypervoice",
    "tm:icywind",
    "tm:irontail",
    "tm:protect",
    "tm:raindance",
    "tm:rest",
    "tm:return",
    "tm:roar",
    "tm:shadowball",
    "tm:shadowclaw",
    "tm:sleeptalk",
    "tm:substitute",
    "tm:sunnyday",
    "tm:surf",
    "tm:taunt",
    "tm:thief",
    "tm:thunder",
    "tm:thunderbolt",
    "tm:toxic",
    "tm:trailblaze",
    "tm:uturn",
    "tm:workup",
    "tutor:bodyslam",
    "tutor:confide",
    "tutor:covet",
    "tutor:foulplay",
    "tutor:gunkshot",
    "tutor:hypervoice",
    "tutor:icywind",
    "tutor:knockoff",
    "tutor:lastresort",
    "tutor:nastyplot",
    "tutor:playrough",
    "tutor:powergem",
    "tutor:psychup",
    "tutor:screech",
    "tutor:seedbomb",
    "tutor:snatch",
    "tutor:snore",
    "tutor:spite",
    "tutor:throatchop",
    "tutor:uproar"
  ],
  "preEvolution": "meowth",
  "evolutions": [],
  "forms": [
    {
      "name": "Alola",
      "primaryType": "dark",
      "maleRatio": 0.5,
      "height": 11,
      "weight": 330,
      "pokedex": [
        "cobblemon.species.persian-alola.desc"
      ],
      "labels": [
        "gen7",
        "alolan_form"
      ],
      "aspects": [
        "alolan"
      ],
      "abilities": [
        "furcoat",
        "technician",
        "h:felineprowess"
      ],
      "baseStats": {
        "hp": 65,
        "attack": 60,
        "defence": 60,
        "special_attack": 55,
        "special_defence": 65,
        "speed": 115
      },
      "drops": {
        "amount": 4,
        "entries": [
          {
            "item": "minecraft:gold_nugget",
            "quantityRange": "0-2"
          },
          {
            "item": "cobblemon:quick_claw",
            "percentage": 5.0
          },
          {
            "item": "cobblemon:bluk_berry",
            "percentage": 5.0
          }
        ]
      },
      "moves": [
        "1:bite",
        "1:fakeout",
        "1:growl",
        "1:playrough",
        "1:quash",
        "1:scratch",
        "1:swift",
        "1:switcheroo",
        "14:furyswipes",
        "17:screech",
        "22:feintattack",
        "25:taunt",
        "32:powergem",
        "37:slash",
        "44:nastyplot",
        "49:assurance",
        "56:captivate",
        "61:nightslash",
        "65:feint",
        "69:darkpulse",
        "egg:amnesia",
        "egg:assist",
        "egg:charm",
        "egg:covet",
        "egg:flail",
        "egg:flatter",
        "egg:foulplay",
        "egg:hypnosis",
        "egg:partingshot",
        "egg:punishment",
        "egg:snatch",
        "egg:spite",
        "tm:aerialace",
        "tm:cut",
        "tm:darkpulse",
        "tm:dazzlinggleam",
        "tm:dig",
        "tm:facade",
        "tm:flash",
        "tm:hiddenpower",
        "tm:honeclaws",
        "tm:hypervoice",
        "tm:icywind",
        "tm:irontail",
        "tm:protect",
        "tm:raindance",
        "tm:rest",
        "tm:return",
        "tm:roar",
        "tm:shadowball",
        "tm:shadowclaw",
        "tm:sleeptalk",
        "tm:snarl",
        "tm:substitute",
        "tm:sunnyday",
        "tm:surf",
        "tm:taunt",
        "tm:thief",
        "tm:thunder",
        "tm:thunderbolt",
        "tm:toxic",
        "tm:trailblaze",
        "tm:uturn",
        "tm:workup",
        "tutor:bodyslam",
        "tutor:confide",
        "tutor:covet",
        "tutor:faketears",
        "tutor:foulplay",
        "tutor:gunkshot",
        "tutor:hypervoice",
        "tutor:icywind",
        "tutor:knockoff",
        "tutor:lastresort",
        "tutor:nastyplot",
        "tutor:playrough",
        "tutor:powergem",
        "tutor:psychup",
        "tutor:screech",
        "tutor:seedbomb",
        "tutor:snatch",
        "tutor:snore",
        "tutor:spite",
        "tutor:throatchop",
        "tutor:uproar"
      ],
      "preEvolution": "meowth alolan",
      "evolutions": [],
      "battleOnly": false
    }
  ]
}