{
  "implemented": true,
  "nationalPokedexNumber": 77,
  "name": "Ponyta",
  "primaryType": "fire",
  "maleRatio": 0.5,
  "height": 10,
  "weight": 300,
  "pokedex": [
    "cobblemon.species.ponyta.desc"
  ],
  "labels": [
    "gen1",
    "kantonian_form"
  ],
  "aspects": [],
  "abilities": [
    "runaway",
    "flashfire",
    "h:flamebody"
  ],
  "eggGroups": [
    "field"
  ],
  "baseStats": {
    "hp": 50,
    "attack": 85,
    "defence": 55,
    "special_attack": 65,
    "special_defence": 65,
    "speed": 90
  },
  "evYield": {
    "hp": 0,
    "attack": 0,
    "defence": 0,
    "special_attack": 0,
    "special_defence": 0,
    "speed": 1
  },
  "baseExperienceYield": 82,
  "experienceGroup": "medium_fast",
  "catchRate": 190,
  "eggCycles": 20,
  "baseFriendship": 50,
  "features": [
    "galarian"
  ],
  "baseScale": 1,
  "hitbox": {
    "width": 0.8,
    "height": 1.4,
    "fixed": false
  },
  "behaviour": {
    "moving": {
      "walk": {
        "walkSpeed": 0.3
      }
    },
    "resting": {
      "canSleep": true,
      "light": "0-4"
    }
  },
  "drops": {
    "amount": 3,
    "entries": [
      {
        "item": "minecraft:leather",
        "quantityRange": "0-1"
      },
      {
        "item": "minecraft:blaze_powder",
        "percentage": 2.5
      },
      {
        "item": "cobblemon:shuca_berry",
        "percentage": 2.5
      }
    ]
  },
  "moves": [
    "1:growl",
    "1:quickattack",
    "1:stomp",
    "4:tailwhip",
    "8:flamewheel",
    "12:lowkick",
    "15:willowisp",
    "21:flamecharge",
    "25:firespin",
    "29:takedown",
    "33:inferno",
    "37:agility",
    "41:fireblast",
    "45:bounce",
    "49:flareblitz",
    "egg:captivate",
    "egg:charm",
    "egg:doubleedge",
    "egg:doublekick",
    "egg:flamewheel",
    "egg:highhorsepower",
    "egg:hypnosis",
    "egg:lowkick",
    "egg:morningsun",
    "egg:thrash",
    "tm:cut",
    "tm:facade",
    "tm:fireblast",
    "tm:flamecharge",
    "tm:flamethrower",
    "tm:hiddenpower",
    "tm:irontail",
    "tm:lowkick",
    "tm:overheat",
    "tm:protect",
    "tm:reflect",
    "tm:rest",
    "tm:return",
    "tm:scorchingsands",
    "tm:sleeptalk",
    "tm:solarbeam",
    "tm:solarblade",
    "tm:strength",
    "tm:substitute",
    "tm:sunnyday",
    "tm:toxic",
    "tm:wildcharge",
    "tm:willowisp",
    "tutor:agility",
    "tutor:bodyslam",
    "tutor:bounce",
    "tutor:confide",
    "tutor:firespin",
    "tutor:flareblitz",
    "tutor:heatwave",
    "tutor:highhorsepower",
    "tutor:lowkick",
    "tutor:mysticalfire",
    "tutor:playrough",
    "tutor:snore",
    "tutor:solarblade"
  ],
  "evolutions": [
    {
      "id": "ponyta_rapidash",
      "variant": "level_up",
      "result": "rapidash",
      "consumeHeldItem": false,
      "learnableMoves": [
        "furyattack",
        "smartstrike"
      ],
      "requirements": [
        {
          "variant": "level",
          "minLevel": 40
        }
      ]
    }
  ],
  "forms": [
    {
      "name": "Galar",
      "primaryType": "fire",
      "secondaryType": "fairy",
      "baseStats": {
        "hp": 50,
        "attack": 85,
        "defence": 55,
        "special_attack": 65,
        "special_defence": 65,
        "speed": 90
      },
      "maleRatio": 0.5,
      "height": 8,
      "weight": 240,
      "pokedex": [
        "cobblemon.species.ponyta-galar.desc"
      ],
      "labels": [
        "gen8",
        "galarian_form"
      ],
      "aspects": [
        "galarian"
      ],
      "abilities": [
        "immunity",
        "h:flashfire"
      ],
      "drops": {
        "amount": 2,
        "entries": [
          {
            "item": "minecraft:leather",
            "quantityRange": "0-1"
          },
          {
            "item": "cobblemon:razz_berry",
            "percentage": 2.5
          }
        ]
      },
      "moves": [
        "1:growl",
        "1:stomp",
        "5:tailwhip",
        "8:flamewheel",
        "10:flamecharge",
        "13:willowisp",
        "15:covet",
        "20:agility",
        "35:healpulse",
        "41:takedown",
        "45:playrough",
        "50:flareblitz",
        "55:healingwish",
        "egg:doubleedge",
        "egg:doublekick",
        "egg:hypnosis",
        "egg:morningsun",
        "egg:thrash",
        "tm:calmmind",
        "tm:cut",
        "tm:dazzlinggleam",
        "tm:facade",
        "tm:fireblast",
        "tm:flamecharge",
        "tm:flamethrower",
        "tm:flash",
        "tm:hiddenpower",
        "tm:irontail",
        "tm:lowkick",
        "tm:overheat",
        "tm:protect",
        "tm:psychic",
        "tm:rest",
        "tm:return",
        "tm:sleeptalk",
        "tm:substitute",
        "tm:teleport",
        "tm:toxic",
        "tm:wildcharge",
        "tm:willowisp",
        "tutor:agility",
        "tutor:bodyslam",
        "tutor:bounce",
        "tutor:confide",
        "tutor:highhorsepower",
        "tutor:lowkick",
        "tutor:mysticalfire",
        "tutor:playrough",
        "tutor:snore",
        "tutor:storedpower",
        "tutor:zenheadbutt"
      ],
      "evolutions": [
        {
          "id": "ponyta_rapidashgalar",
          "variant": "level_up",
          "result": "rapidash galarian",
          "consumeHeldItem": false,
          "learnableMoves": [
            "psychocut"
          ],
          "requirements": [
            {
              "variant": "level",
              "minLevel": 40
            }
          ]
        }
      ],
      "battleOnly": false
    }
  ]
}