{
  "implemented": true,
  "nationalPokedexNumber": 26,
  "name": "Raichu",
  "primaryType": "electric",
  "maleRatio": 0.5,
  "height": 8,
  "weight": 300,
  "pokedex": [
    "cobblemon.species.raichu.desc"
  ],
  "labels": [
    "gen1",
    "kantonian_form"
  ],
  "aspects": [],
  "abilities": [
    "static",
    "h:lightningrod"
  ],
  "eggGroups": [
    "field",
    "fairy"
  ],
  "baseStats": {
    "hp": 70,
    "attack": 100,
    "defence": 55,
    "special_attack": 100,
    "special_defence": 80,
    "speed": 110
  },
  "evYield": {
    "hp": 0,
    "attack": 0,
    "defence": 0,
    "special_attack": 0,
    "special_defence": 0,
    "speed": 3
  },
  "baseExperienceYield": 243,
  "experienceGroup": "medium_fast",
  "catchRate": 75,
  "eggCycles": 10,
  "baseFriendship": 50,
  "features": [
    "alolan"
  ],
  "baseScale": 0.75,
  "hitbox": {
    "width": 0.8,
    "height": 1.5,
    "fixed": false
  },
  "behaviour": {
    "resting": {
      "canSleep": true,
      "light": "0-4"
    }
  },
  "drops": {
    "amount": 3,
    "entries": [
      {
        "item": "cobblemon:light_ball",
        "percentage": 10.0
      },
      {
        "item": "cobblemon:thunder_stone",
        "percentage": 10.0
      },
      {
        "item": "cobblemon:oran_berry",
        "percentage": 10.0
      }
    ]
  },
  "moves": [
    "1:babydolleyes",
    "1:fakeout",
    "1:quickattack",
    "1:tailwhip",
    "1:thunderbolt",
    "1:thundershock",
    "1:thunderclap",
    "36:extremespeed",
    "62:zippyzap",
    "egg:bestow",
    "egg:bide",
    "egg:charge",
    "egg:disarmingvoice",
    "egg:doubleslap",
    "egg:electricterrain",
    "egg:encore",
    "egg:endure",
    "egg:fakeout",
    "egg:flail",
    "egg:luckychant",
    "egg:present",
    "egg:reversal",
    "egg:thunderpunch",
    "egg:tickle",
    "egg:wish",
    "tm:brickbreak",
    "tm:calmmind",
    "tm:chargebeam",
    "tm:dig",
    "tm:drainingkiss",
    "tm:electroweb",
    "tm:facade",
    "tm:flash",
    "tm:focusblast",
    "tm:aurasphere",
    "tm:focuspunch",
    "tm:grassknot",
    "tm:hiddenpower",
    "tm:irontail",
    "tm:lightscreen",
    "tm:protect",
    "tm:raindance",
    "tm:reflect",
    "tm:rest",
    "tm:return",
    "tm:risingvoltage",
    "tm:rocksmash",
    "tm:sleeptalk",
    "tm:strength",
    "tm:substitute",
    "tm:surf",
    "tm:thief",
    "tm:thunder",
    "tm:thunderbolt",
    "tm:thunderwave",
    "tm:toxic",
    "tm:trailblaze",
    "tm:voltswitch",
    "tm:wildcharge",
    "tm:hypervoice",
    "tm:alluringvoice",
    "tutor:agility",
    "tutor:bodyslam",
    "tutor:celebrate",
    "tutor:confide",
    "tutor:covet",
    "tutor:electricterrain",
    "tutor:electroball",
    "tutor:electroweb",
    "tutor:encore",
    "tutor:helpinghand",
    "tutor:knockoff",
    "tutor:laserfocus",
    "tutor:magnetrise",
    "tutor:nastyplot",
    "tutor:playrough",
    "tutor:reversal",
    "tutor:signalbeam",
    "tutor:snore",
    "tutor:thunderpunch",
    "tutor:uproar"
  ],
  "preEvolution": "pikachu",
  "evolutions": [],
  "forms": [
    {
      "name": "Alola",
      "primaryType": "electric",
      "secondaryType": "psychic",
      "maleRatio": 0.5,
      "height": 7,
      "weight": 210,
      "pokedex": [
        "cobblemon.species.raichu-alola.desc"
      ],
      "labels": [
        "gen7",
        "alolan_form"
      ],
      "aspects": [
        "alolan"
      ],
      "abilities": [
        "surgesurfer",
        "h:surgesurfer"
      ],
      "baseStats": {
        "hp": 60,
        "attack": 85,
        "defence": 50,
        "special_attack": 95,
        "special_defence": 85,
        "speed": 110
      },
      "hitbox": {
        "width": 0.8,
        "height": 1.6,
        "fixed": false
      },
      "behaviour": {
        "resting": {
          "canSleep": true,
          "light": "0-4"
        },
        "moving": {
          "swim": {
            "canWalkOnWater": true
          }
        }
      },
      "moves": [
        "1:psychic",
        "1:quickattack",
        "1:speedswap",
        "1:thunderbolt",
        "1:thundershock",
        "egg:bestow",
        "egg:bide",
        "egg:charge",
        "egg:disarmingvoice",
        "egg:doubleslap",
        "egg:electricterrain",
        "egg:encore",
        "egg:endure",
        "egg:fakeout",
        "egg:flail",
        "egg:luckychant",
        "egg:present",
        "egg:reversal",
        "egg:thunderpunch",
        "egg:tickle",
        "egg:wish",
        "tm:brickbreak",
        "tm:calmmind",
        "tm:chargebeam",
        "tm:dig",
        "tm:drainingkiss",
        "tm:electroweb",
        "tm:expandingforce",
        "tm:facade",
        "tm:flash",
        "tm:focusblast",
        "tm:aurasphere",
        "tm:focuspunch",
        "tm:futuresight",
        "tm:grassknot",
        "tm:hiddenpower",
        "tm:irontail",
        "tm:lightscreen",
        "tm:protect",
        "tm:psychic",
        "tm:psyshock",
        "tm:raindance",
        "tm:reflect",
        "tm:rest",
        "tm:return",
        "tm:risingvoltage",
        "tm:rocksmash",
        "tm:sleeptalk",
        "tm:strength",
        "tm:substitute",
        "tm:surf",
        "tm:teleport",
        "tm:thief",
        "tm:thunder",
        "tm:thunderbolt",
        "tm:thunderwave",
        "tm:toxic",
        "tm:trailblaze",
        "tm:voltswitch",
        "tm:wildcharge",
        "tm:psychicnoise",
        "tm:alluringvoice",
        "tutor:agility",
        "tutor:bodyslam",
        "tutor:celebrate",
        "tutor:confide",
        "tutor:covet",
        "tutor:electricterrain",
        "tutor:electroball",
        "tutor:electroweb",
        "tutor:encore",
        "tutor:helpinghand",
        "tutor:knockoff",
        "tutor:laserfocus",
        "tutor:magiccoat",
        "tutor:magicroom",
        "tutor:magnetrise",
        "tutor:nastyplot",
        "tutor:playrough",
        "tutor:reversal",
        "tutor:signalbeam",
        "tutor:snore",
        "tutor:storedpower",
        "tutor:thunderpunch",
        "tutor:uproar"
      ],
      "preEvolution": "pikachu",
      "evolutions": [],
      "battleOnly": false
    }
  ]
}