{
  "implemented": true,
  "nationalPokedexNumber": 78,
  "name": "Rapidash",
  "primaryType": "fire",
  "maleRatio": 0.5,
  "height": 17,
  "weight": 950,
  "pokedex": [
    "cobblemon.species.rapidash.desc"
  ],
  "labels": [
    "gen1",
    "kantonian_form"
  ],
  "aspects": [],
  "abilities": [
    "reckless",
    "flashfire",
    "h:blazingsoul"
  ],
  "eggGroups": [
    "field"
  ],
  "baseStats": {
    "hp": 65,
    "attack": 100,
    "defence": 70,
    "special_attack": 80,
    "special_defence": 80,
    "speed": 105
  },
  "evYield": {
    "hp": 0,
    "attack": 0,
    "defence": 0,
    "special_attack": 0,
    "special_defence": 0,
    "speed": 2
  },
  "baseExperienceYield": 175,
  "experienceGroup": "medium_fast",
  "catchRate": 60,
  "eggCycles": 20,
  "baseFriendship": 50,
  "features": [
    "galarian"
  ],
  "baseScale": 1.2,
  "hitbox": {
    "width": 0.9,
    "height": 2,
    "fixed": false
  },
  "behaviour": {
    "resting": {
      "canSleep": true,
      "light": "0-4"
    },
    "moving": {
      "walk": {
        "walkSpeed": 0.35
      }
    }
  },
  "drops": {
    "amount": 4,
    "entries": [
      {
        "item": "minecraft:leather",
        "quantityRange": "0-2"
      },
      {
        "item": "minecraft:blaze_powder",
        "percentage": 5.0
      },
      {
        "item": "cobblemon:shuca_berry",
        "percentage": 5.0
      }
    ]
  },
  "moves": [
    "1:firelash",
    "1:growl",
    "1:lowkick",
    "1:megahorn",
    "1:poisonjab",
    "1:quickattack",
    "1:wildcharge",
    "4:tailwhip",
    "9:ember",
    "13:flamewheel",
    "17:stomp",
    "21:flamecharge",
    "25:firespin",
    "29:takedown",
    "33:inferno",
    "37:agility",
    "41:fireblast",
    "45:bounce",
    "49:flareblitz",
    "55:jumpkick",
    "egg:charm",
    "egg:doubleedge",
    "egg:doublekick",
    "egg:flamewheel",
    "egg:highhorsepower",
    "egg:hypnosis",
    "egg:lowkick",
    "egg:morningsun",
    "egg:thrash",
    "tm:cut",
    "tm:facade",
    "tm:fireblast",
    "tm:flamecharge",
    "tm:flamethrower",
    "tm:hiddenpower",
    "tm:irontail",
    "tm:lowkick",
    "tm:overheat",
    "tm:poisonjab",
    "tm:protect",
    "tm:reflect",
    "tm:rest",
    "tm:return",
    "tm:scorchingsands",
    "tm:sleeptalk",
    "tm:solarbeam",
    "tm:solarblade",
    "tm:strength",
    "tm:substitute",
    "tm:sunnyday",
    "tm:swordsdance",
    "tm:toxic",
    "tm:wildcharge",
    "tm:willowisp",
    "tutor:agility",
    "tutor:batonpass",
    "tutor:bodyslam",
    "tutor:bounce",
    "tutor:confide",
    "tutor:drillrun",
    "tutor:firespin",
    "tutor:flareblitz",
    "tutor:heatwave",
    "tutor:highhorsepower",
    "tutor:lowkick",
    "tutor:megahorn",
    "tutor:mysticalfire",
    "tutor:playrough",
    "tutor:snore",
    "tutor:solarblade",
    "tutor:throatchop"
  ],
  "preEvolution": "ponyta",
  "evolutions": [],
  "forms": [
    {
      "name": "Galar",
      "primaryType": "fire",
      "secondaryType": "fairy",
      "maleRatio": 0.5,
      "height": 17,
      "weight": 800,
      "pokedex": [
        "cobblemon.species.rapidash-galar.desc"
      ],
      "labels": [
        "gen8",
        "galarian_form"
      ],
      "aspects": [
        "galarian"
      ],
      "abilities": [
        "immunity",
        "h:flashfire"
      ],
      "drops": {
        "amount": 3,
        "entries": [
          {
            "item": "minecraft:leather",
            "quantityRange": "0-2"
          },
          {
            "item": "cobblemon:razz_berry",
            "percentage": 5.0
          }
        ]
      },
      "moves": [
        "1:growl",
        "1:hypnosis",
        "1:megahorn",
        "1:quickattack",
        "1:tackle",
        "1:wildcharge",
        "5:tailwhip",
        "10:flamecharge",
        "15:covet",
        "20:agility",
        "25:flamewheel",
        "34:firelash",
        "35:healpulse",
        "43:takedown",
        "49:playrough",
        "50:flareblitz",
        "63:healingwish",
        "egg:doubleedge",
        "egg:doublekick",
        "egg:hypnosis",
        "egg:morningsun",
        "egg:thrash",
        "tm:calmmind",
        "tm:cut",
        "tm:dazzlinggleam",
        "tm:facade",
        "tm:fireblast",
        "tm:flamecharge",
        "tm:flamethrower",
        "tm:flash",
        "tm:hiddenpower",
        "tm:irontail",
        "tm:lowkick",
        "tm:overheat",
        "tm:protect",
        "tm:psychic",
        "tm:rest",
        "tm:return",
        "tm:sleeptalk",
        "tm:substitute",
        "tm:swordsdance",
        "tm:teleport",
        "tm:toxic",
        "tm:trickroom",
        "tm:wildcharge",
        "tm:willowisp",
        "tutor:agility",
        "tutor:batonpass",
        "tutor:bodyslam",
        "tutor:bounce",
        "tutor:confide",
        "tutor:drillrun",
        "tutor:flareblitz",
        "tutor:highhorsepower",
        "tutor:lowkick",
        "tutor:magicroom",
        "tutor:megahorn",
        "tutor:mistyterrain",
        "tutor:mysticalfire",
        "tutor:playrough",
        "tutor:psychicterrain",
        "tutor:psychocut",
        "tutor:snore",
        "tutor:storedpower",
        "tutor:throatchop",
        "tutor:wonderroom",
        "tutor:zenheadbutt"
      ],
      "preEvolution": "ponyta galarian",
      "evolutions": [],
      "battleOnly": false
    }
  ]
}