{
  "implemented": true,
  "nationalPokedexNumber": 20,
  "name": "Raticate",
  "primaryType": "normal",
  "maleRatio": 0.5,
  "height": 7,
  "weight": 185,
  "pokedex": [
    "cobblemon.species.raticate.desc"
  ],
  "labels": [
    "gen1",
    "kantonian_form"
  ],
  "aspects": [],
  "abilities": [
    "runaway",
    "guts",
    "h:hustle"
  ],
  "eggGroups": [
    "field"
  ],
  "baseStats": {
    "hp": 60,
    "attack": 91,
    "defence": 60,
    "special_attack": 50,
    "special_defence": 70,
    "speed": 97
  },
  "evYield": {
    "hp": 0,
    "attack": 0,
    "defence": 0,
    "special_attack": 0,
    "special_defence": 0,
    "speed": 2
  },
  "baseExperienceYield": 145,
  "experienceGroup": "medium_fast",
  "catchRate": 127,
  "eggCycles": 15,
  "baseFriendship": 50,
  "features": [
    "alolan"
  ],
  "baseScale": 0.8,
  "hitbox": {
    "width": 0.7,
    "height": 1.1,
    "fixed": false
  },
  "behaviour": {
    "moving": {
      "walk": {
        "walkSpeed": 0.33
      }
    },
    "resting": {
      "canSleep": true,
      "light": "0-4"
    }
  },
  "drops": {
    "amount": 3,
    "entries": [
      {
        "item": "minecraft:rotten_flesh",
        "quantityRange": "0-2"
      },
      {
        "item": "cobblemon:chilan_berry",
        "percentage": 5.0
      }
    ]
  },
  "moves": [
    "1:quickattack",
    "1:scaryface",
    "1:suckerpunch",
    "1:tackle",
    "1:tailwhip",
    "4:bite",
    "7:focusenergy",
    "10:hyperfang",
    "13:pursuit",
    "19:zenheadbutt",
    "23:crunch",
    "28:return",
    "34:superfang",
    "39:doubleedge",
    "44:endeavor",
    "tm:blizzard",
    "tm:chargebeam",
    "tm:cut",
    "tm:dig",
    "tm:facade",
    "tm:grassknot",
    "tm:hiddenpower",
    "tm:icebeam",
    "tm:icywind",
    "tm:irontail",
    "tm:pluck",
    "tm:protect",
    "tm:raindance",
    "tm:rest",
    "tm:return",
    "tm:roar",
    "tm:rocksmash",
    "tm:shadowball",
    "tm:sleeptalk",
    "tm:sludgebomb",
    "tm:strength",
    "tm:substitute",
    "tm:sunnyday",
    "tm:swordsdance",
    "tm:taunt",
    "tm:thief",
    "tm:thunder",
    "tm:thunderbolt",
    "tm:thunderwave",
    "tm:toxic",
    "tm:uturn",
    "tm:wildcharge",
    "tm:workup",
    "tm:temperflare",
    "tutor:bodyslam",
    "tutor:closecombat",
    "tutor:confide",
    "tutor:covet",
    "tutor:crunch",
    "tutor:endeavor",
    "tutor:focusenergy",
    "tutor:icywind",
    "tutor:lastresort",
    "tutor:psychicfangs",
    "tutor:reversal",
    "tutor:scaryface",
    "tutor:screech",
    "tutor:snore",
    "tutor:stompingtantrum",
    "tutor:superfang",
    "tutor:throatchop",
    "tutor:uproar",
    "tutor:zenheadbutt",
    "egg:bite",
    "egg:counter",
    "egg:finalgambit",
    "egg:flamewheel",
    "egg:furyswipes",
    "egg:mefirst",
    "egg:revenge",
    "egg:reversal",
    "egg:screech",
    "egg:uproar"
  ],
  "preEvolution": "rattata",
  "evolutions": [],
  "forms": [
    {
      "name": "Alola",
      "primaryType": "dark",
      "secondaryType": "normal",
      "maleRatio": 0.5,
      "height": 7,
      "weight": 255,
      "pokedex": [
        "cobblemon.species.raticate-alola.desc"
      ],
      "labels": [
        "gen7",
        "alolan_form"
      ],
      "aspects": [
        "alolan"
      ],
      "abilities": [
        "gluttony",
        "hustle",
        "h:thickfat"
      ],
      "baseStats": {
        "hp": 75,
        "attack": 86,
        "defence": 70,
        "special_attack": 40,
        "special_defence": 80,
        "speed": 77
      },
      "drops": {
        "amount": 3,
        "entries": [
          {
            "item": "minecraft:rotten_flesh",
            "quantityRange": "0-2"
          },
          {
            "item": "cobblemon:pecha_berry",
            "percentage": 5.0
          }
        ]
      },
      "moves": [
        "1:bite",
        "1:feintattack",
        "1:knockoff",
        "1:scaryface",
        "1:tailwhip",
        "4:quickattack",
        "7:focusenergy",
        "10:hyperfang",
        "13:pursuit",
        "19:zenheadbutt",
        "22:swordsdance",
        "24:crunch",
        "29:suckerpunch",
        "34:superfang",
        "39:doubleedge",
        "44:endeavor",
        "tm:blizzard",
        "tm:bulkup",
        "tm:cut",
        "tm:darkpulse",
        "tm:dig",
        "tm:facade",
        "tm:grassknot",
        "tm:hiddenpower",
        "tm:icebeam",
        "tm:icywind",
        "tm:irontail",
        "tm:pluck",
        "tm:protect",
        "tm:raindance",
        "tm:rest",
        "tm:return",
        "tm:roar",
        "tm:shadowball",
        "tm:sleeptalk",
        "tm:sludgebomb",
        "tm:sludgewave",
        "tm:snarl",
        "tm:strength",
        "tm:substitute",
        "tm:sunnyday",
        "tm:swordsdance",
        "tm:taunt",
        "tm:thief",
        "tm:thunder",
        "tm:thunderbolt",
        "tm:thunderwave",
        "tm:toxic",
        "tm:uturn",
        "tm:venoshock",
        "tm:temperflare",
        "tutor:bodyslam",
        "tutor:closecombat",
        "tutor:confide",
        "tutor:covet",
        "tutor:crunch",
        "tutor:endeavor",
        "tutor:focusenergy",
        "tutor:icywind",
        "tutor:knockoff",
        "tutor:lastresort",
        "tutor:psychicfangs",
        "tutor:reversal",
        "tutor:scaryface",
        "tutor:screech",
        "tutor:snatch",
        "tutor:snore",
        "tutor:stompingtantrum",
        "tutor:superfang",
        "tutor:throatchop",
        "tutor:uproar",
        "tutor:zenheadbutt",
        "egg:counter",
        "egg:finalgambit",
        "egg:furyswipes",
        "egg:mefirst",
        "egg:revenge",
        "egg:reversal",
        "egg:snatch",
        "egg:stockpile",
        "egg:swallow",
        "egg:switcheroo",
        "egg:uproar"
      ],
      "preEvolution": "rattata alolan",
      "evolutions": [],
      "battleOnly": false
    }
  ]
}