{
  "implemented": true,
  "nationalPokedexNumber": 19,
  "name": "Rattata",
  "primaryType": "normal",
  "maleRatio": 0.5,
  "height": 3,
  "weight": 35,
  "pokedex": [
    "cobblemon.species.rattata.desc"
  ],
  "labels": [
    "gen1",
    "kantonian_form"
  ],
  "aspects": [],
  "abilities": [
    "runaway",
    "guts",
    "h:hustle"
  ],
  "eggGroups": [
    "field"
  ],
  "baseStats": {
    "hp": 30,
    "attack": 56,
    "defence": 35,
    "special_attack": 25,
    "special_defence": 35,
    "speed": 72
  },
  "evYield": {
    "hp": 0,
    "attack": 0,
    "defence": 0,
    "special_attack": 0,
    "special_defence": 0,
    "speed": 1
  },
  "baseExperienceYield": 51,
  "experienceGroup": "medium_fast",
  "catchRate": 255,
  "eggCycles": 15,
  "baseFriendship": 50,
  "features": [
    "alolan"
  ],
  "baseScale": 0.8,
  "hitbox": {
    "width": 0.6,
    "height": 0.5,
    "fixed": false
  },
  "behaviour": {
    "moving": {
      "walk": {
        "walkSpeed": 0.41
      }
    },
    "resting": {
      "canSleep": true,
      "willSleepOnBed": true,
      "light": "0-4"
    }
  },
  "drops": {
    "amount": 2,
    "entries": [
      {
        "item": "minecraft:rotten_flesh",
        "quantityRange": "0-1"
      },
      {
        "item": "cobblemon:chilan_berry",
        "percentage": 2.5
      }
    ]
  },
  "moves": [
    "1:bite",
    "1:tailwhip",
    "4:quickattack",
    "7:focusenergy",
    "10:hyperfang",
    "13:pursuit",
    "19:assurance",
    "22:crunch",
    "25:suckerpunch",
    "26:return",
    "28:superfang",
    "31:doubleedge",
    "34:endeavor",
    "egg:bite",
    "egg:counter",
    "egg:finalgambit",
    "egg:flamewheel",
    "egg:furyswipes",
    "egg:mefirst",
    "egg:revenge",
    "egg:reversal",
    "egg:screech",
    "egg:uproar",
    "tm:blizzard",
    "tm:chargebeam",
    "tm:cut",
    "tm:dig",
    "tm:facade",
    "tm:grassknot",
    "tm:hiddenpower",
    "tm:icebeam",
    "tm:icywind",
    "tm:irontail",
    "tm:pluck",
    "tm:protect",
    "tm:raindance",
    "tm:rest",
    "tm:return",
    "tm:rocksmash",
    "tm:shadowball",
    "tm:sleeptalk",
    "tm:sludgebomb",
    "tm:substitute",
    "tm:sunnyday",
    "tm:taunt",
    "tm:thief",
    "tm:thunder",
    "tm:thunderbolt",
    "tm:thunderwave",
    "tm:toxic",
    "tm:uturn",
    "tm:wildcharge",
    "tm:workup",
    "tutor:bodyslam",
    "tutor:confide",
    "tutor:covet",
    "tutor:crunch",
    "tutor:endeavor",
    "tutor:focusenergy",
    "tutor:icywind",
    "tutor:lastresort",
    "tutor:reversal",
    "tutor:screech",
    "tutor:snore",
    "tutor:superfang",
    "tutor:uproar",
    "tutor:zenheadbutt"
  ],
  "evolutions": [
    {
      "id": "rattata_raticate",
      "variant": "level_up",
      "result": "raticate",
      "consumeHeldItem": false,
      "learnableMoves": [
        "scaryface"
      ],
      "requirements": [
        {
          "variant": "level",
          "minLevel": 20
        }
      ]
    }
  ],
  "forms": [
    {
      "name": "Alola",
      "primaryType": "dark",
      "secondaryType": "normal",
      "baseStats": {
        "hp": 30,
        "attack": 56,
        "defence": 35,
        "special_attack": 25,
        "special_defence": 35,
        "speed": 72
      },
      "maleRatio": 0.5,
      "height": 3,
      "weight": 38,
      "pokedex": [
        "cobblemon.species.rattata-alola.desc"
      ],
      "labels": [
        "gen7",
        "alolan_form"
      ],
      "aspects": [
        "alolan"
      ],
      "abilities": [
        "gluttony",
        "hustle",
        "h:thickfat"
      ],
      "drops": {
        "amount": 2,
        "entries": [
          {
            "item": "minecraft:rotten_flesh",
            "quantityRange": "0-1"
          },
          {
            "item": "cobblemon:pecha_berry",
            "percentage": 2.5
          }
        ]
      },
      "moves": [
        "1:bite",
        "1:tailwhip",
        "4:quickattack",
        "7:focusenergy",
        "10:hyperfang",
        "13:pursuit",
        "19:assurance",
        "22:crunch",
        "25:suckerpunch",
        "28:superfang",
        "31:doubleedge",
        "34:endeavor",
        "egg:counter",
        "egg:finalgambit",
        "egg:furyswipes",
        "egg:mefirst",
        "egg:revenge",
        "egg:reversal",
        "egg:snatch",
        "egg:stockpile",
        "egg:swallow",
        "egg:switcheroo",
        "egg:uproar",
        "tm:blizzard",
        "tm:cut",
        "tm:darkpulse",
        "tm:dig",
        "tm:facade",
        "tm:grassknot",
        "tm:hiddenpower",
        "tm:icebeam",
        "tm:icywind",
        "tm:irontail",
        "tm:pluck",
        "tm:protect",
        "tm:raindance",
        "tm:rest",
        "tm:return",
        "tm:shadowball",
        "tm:sleeptalk",
        "tm:sludgebomb",
        "tm:snarl",
        "tm:substitute",
        "tm:sunnyday",
        "tm:taunt",
        "tm:thief",
        "tm:thunder",
        "tm:thunderbolt",
        "tm:thunderwave",
        "tm:toxic",
        "tm:uturn",
        "tutor:bodyslam",
        "tutor:confide",
        "tutor:covet",
        "tutor:crunch",
        "tutor:endeavor",
        "tutor:focusenergy",
        "tutor:icywind",
        "tutor:lastresort",
        "tutor:reversal",
        "tutor:screech",
        "tutor:snatch",
        "tutor:snore",
        "tutor:superfang",
        "tutor:uproar",
        "tutor:zenheadbutt"
      ],
      "evolutions": [
        {
          "id": "rattata_raticatealola",
          "variant": "level_up",
          "result": "raticate alolan",
          "consumeHeldItem": false,
          "learnableMoves": [
            "scaryface"
          ],
          "requirements": [
            {
              "variant": "level",
              "minLevel": 20
            },
            {
              "variant": "time_range",
              "range": "night"
            }
          ]
        }
      ],
      "battleOnly": false
    }
  ]
}