{
  "implemented": true,
  "nationalPokedexNumber": 28,
  "name": "Sandslash",
  "primaryType": "ground",
  "maleRatio": 0.5,
  "height": 10,
  "weight": 295,
  "pokedex": [
    "cobblemon.species.sandslash.desc"
  ],
  "labels": [
    "gen1",
    "kantonian_form"
  ],
  "aspects": [],
  "abilities": [
    "sandveil",
    "h:sandrush"
  ],
  "eggGroups": [
    "field"
  ],
  "baseStats": {
    "hp": 75,
    "attack": 110,
    "defence": 120,
    "special_attack": 25,
    "special_defence": 65,
    "speed": 65
  },
  "evYield": {
    "hp": 0,
    "attack": 0,
    "defence": 2,
    "special_attack": 0,
    "special_defence": 0,
    "speed": 0
  },
  "baseExperienceYield": 158,
  "experienceGroup": "medium_fast",
  "catchRate": 90,
  "eggCycles": 20,
  "baseFriendship": 50,
  "features": [
    "alolan"
  ],
  "baseScale": 0.7,
  "hitbox": {
    "width": 1,
    "height": 1.3,
    "fixed": false
  },
  "behaviour": {
    "resting": {
      "canSleep": true,
      "light": "0-4"
    },
    "moving": {
      "swim": {
        "avoidsWater": true
      }
    }
  },
  "drops": {
    "amount": 4,
    "entries": [
      {
        "item": "minecraft:armadillo_scute",
        "quantityRange": "0-2"
      },
      {
        "item": "cobblemon:quick_claw",
        "percentage": 5.0
      },
      {
        "item": "cobblemon:soft_sand",
        "percentage": 5.0
      }
    ]
  },
  "moves": [
    "1:crushclaw",
    "1:poisonsting",
    "1:spikes",
    "1:spikyshield",
    "5:rockthrow",
    "7:rollout",
    "9:rapidspin",
    "11:furycutter",
    "14:magnitude",
    "16:bulldoze",
    "17:swift",
    "20:furyswipes",
    "24:sandtomb",
    "28:slash",
    "33:dig",
    "38:gyroball",
    "43:swordsdance",
    "48:sandstorm",
    "53:earthquake",
    "egg:chipaway",
    "egg:counter",
    "egg:crushclaw",
    "egg:endure",
    "egg:flail",
    "egg:honeclaws",
    "egg:metalclaw",
    "egg:mudshot",
    "egg:nightslash",
    "egg:rapidspin",
    "egg:rockclimb",
    "egg:rototiller",
    "tm:aerialace",
    "tm:brickbreak",
    "tm:bulldoze",
    "tm:cut",
    "tm:dig",
    "tm:earthquake",
    "tm:facade",
    "tm:focusblast",
    "tm:focuspunch",
    "tm:gyroball",
    "tm:hiddenpower",
    "tm:honeclaws",
    "tm:irontail",
    "tm:poisonjab",
    "tm:protect",
    "tm:rest",
    "tm:return",
    "tm:rockclimb",
    "tm:rockslide",
    "tm:rocksmash",
    "tm:rocktomb",
    "tm:sandstorm",
    "tm:scorchingsands",
    "tm:shadowclaw",
    "tm:sleeptalk",
    "tm:spikes",
    "tm:stealthrock",
    "tm:steelroller",
    "tm:stoneedge",
    "tm:strength",
    "tm:substitute",
    "tm:sunnyday",
    "tm:swordsdance",
    "tm:thief",
    "tm:toxic",
    "tm:workup",
    "tm:xscissor",
    "tm:highhorsepower",
    "tutor:agility",
    "tutor:bodyslam",
    "tutor:confide",
    "tutor:covet",
    "tutor:drillrun",
    "tutor:earthpower",
    "tutor:knockoff",
    "tutor:pinmissile",
    "tutor:sandtomb",
    "tutor:snore",
    "tutor:spikes",
    "tutor:stompingtantrum",
    "tutor:superfang",
    "tutor:throatchop"
  ],
  "preEvolution": "sandshrew",
  "evolutions": [],
  "forms": [
    {
      "name": "Alola",
      "primaryType": "ice",
      "secondaryType": "steel",
      "maleRatio": 0.5,
      "height": 12,
      "weight": 550,
      "pokedex": [
        "cobblemon.species.sandslash-alola.desc"
      ],
      "labels": [
        "gen7",
        "alolan_form"
      ],
      "aspects": [
        "alolan"
      ],
      "abilities": [
        "slushrush",
        "h:icescales"
      ],
      "baseStats": {
        "hp": 75,
        "attack": 110,
        "defence": 120,
        "special_attack": 25,
        "special_defence": 65,
        "speed": 65
      },
      "drops": {
        "amount": 4,
        "entries": [
          {
            "item": "minecraft:armadillo_scute",
            "quantityRange": "0-2"
          },
          {
            "item": "cobblemon:quick_claw",
            "percentage": 5.0
          },
          {
            "item": "cobblemon:chople_berry",
            "percentage": 5.0
          }
        ]
      },
      "moves": [
        "1:iceball",
        "1:iceshard",
        "1:iciclecrash",
        "1:iciclespear",
        "1:metalburst",
        "1:slash",
        "1:spikes",
        "1:spikyshield",
        "egg:amnesia",
        "egg:chipaway",
        "egg:counter",
        "egg:crushclaw",
        "egg:curse",
        "egg:endure",
        "egg:honeclaws",
        "egg:iceshard",
        "egg:iciclespear",
        "egg:metalclaw",
        "egg:nightslash",
        "egg:rapidspin",
        "tm:aerialace",
        "tm:blizzard",
        "tm:brickbreak",
        "tm:bulldoze",
        "tm:cut",
        "tm:dig",
        "tm:earthquake",
        "tm:facade",
        "tm:focusblast",
        "tm:focuspunch",
        "tm:frostbreath",
        "tm:gyroball",
        "tm:snowscape",
        "tm:hiddenpower",
        "tm:honeclaws",
        "tm:irontail",
        "tm:leechlife",
        "tm:poisonjab",
        "tm:protect",
        "tm:rest",
        "tm:return",
        "tm:rockclimb",
        "tm:rockslide",
        "tm:rocktomb",
        "tm:shadowclaw",
        "tm:sleeptalk",
        "tm:spikes",
        "tm:stealthrock",
        "tm:steelroller",
        "tm:strength",
        "tm:substitute",
        "tm:sunnyday",
        "tm:swordsdance",
        "tm:thief",
        "tm:toxic",
        "tm:tripleaxel",
        "tm:workup",
        "tm:xscissor",
        "tutor:agility",
        "tutor:aquatail",
        "tutor:bodyslam",
        "tutor:confide",
        "tutor:covet",
        "tutor:drillrun",
        "tutor:icepunch",
        "tutor:iciclespear",
        "tutor:irondefense",
        "tutor:ironhead",
        "tutor:knockoff",
        "tutor:pinmissile",
        "tutor:snore",
        "tutor:spikes",
        "tutor:superfang",
        "tutor:throatchop"
      ],
      "preEvolution": "sandshrew alolan",
      "evolutions": [],
      "battleOnly": false
    }
  ]
}