{
  "implemented": true,
  "nationalPokedexNumber": 27,
  "name": "Sandshrew",
  "primaryType": "ground",
  "maleRatio": 0.5,
  "height": 6,
  "weight": 120,
  "pokedex": [
    "cobblemon.species.sandshrew.desc"
  ],
  "labels": [
    "gen1",
    "kantonian_form"
  ],
  "aspects": [],
  "abilities": [
    "sandveil",
    "h:sandrush"
  ],
  "eggGroups": [
    "field"
  ],
  "baseStats": {
    "hp": 50,
    "attack": 75,
    "defence": 85,
    "special_attack": 20,
    "special_defence": 30,
    "speed": 40
  },
  "evYield": {
    "hp": 0,
    "attack": 0,
    "defence": 1,
    "special_attack": 0,
    "special_defence": 0,
    "speed": 0
  },
  "baseExperienceYield": 60,
  "experienceGroup": "medium_fast",
  "catchRate": 255,
  "eggCycles": 20,
  "baseFriendship": 50,
  "features": [
    "alolan"
  ],
  "baseScale": 0.7,
  "hitbox": {
    "width": 0.8,
    "height": 1,
    "fixed": false
  },
  "behaviour": {
    "moving": {
      "walk": {
        "walkSpeed": 0.29
      },
      "swim": {
        "avoidsWater": true
      }
    },
    "resting": {
      "canSleep": true,
      "light": "0-4"
    }
  },
  "drops": {
    "amount": 3,
    "entries": [
      {
        "item": "minecraft:armadillo_scute",
        "quantityRange": "0-1"
      },
      {
        "item": "cobblemon:quick_claw",
        "percentage": 2.5
      },
      {
        "item": "cobblemon:soft_sand",
        "percentage": 2.5
      }
    ]
  },
  "moves": [
    "1:defensecurl",
    "1:poisonsting",
    "1:scratch",
    "5:rocktomb",
    "7:rollout",
    "9:rapidspin",
    "11:furycutter",
    "14:magnitude",
    "16:bulldoze",
    "17:swift",
    "20:furyswipes",
    "23:sandtomb",
    "26:slash",
    "30:dig",
    "34:gyroball",
    "38:swordsdance",
    "42:sandstorm",
    "46:earthquake",
    "egg:chipaway",
    "egg:counter",
    "egg:crushclaw",
    "egg:endure",
    "egg:flail",
    "egg:honeclaws",
    "egg:metalclaw",
    "egg:mudshot",
    "egg:nightslash",
    "egg:rapidspin",
    "egg:rockclimb",
    "egg:rototiller",
    "tm:aerialace",
    "tm:brickbreak",
    "tm:bulldoze",
    "tm:cut",
    "tm:dig",
    "tm:earthquake",
    "tm:facade",
    "tm:focuspunch",
    "tm:gyroball",
    "tm:hiddenpower",
    "tm:honeclaws",
    "tm:irontail",
    "tm:poisonjab",
    "tm:protect",
    "tm:rest",
    "tm:return",
    "tm:rockclimb",
    "tm:rockslide",
    "tm:rocksmash",
    "tm:rocktomb",
    "tm:sandstorm",
    "tm:scorchingsands",
    "tm:shadowclaw",
    "tm:sleeptalk",
    "tm:stealthrock",
    "tm:steelroller",
    "tm:strength",
    "tm:substitute",
    "tm:sunnyday",
    "tm:swordsdance",
    "tm:thief",
    "tm:toxic",
    "tm:workup",
    "tm:xscissor",
    "tutor:bodyslam",
    "tutor:confide",
    "tutor:covet",
    "tutor:earthpower",
    "tutor:knockoff",
    "tutor:sandtomb",
    "tutor:snore",
    "tutor:stompingtantrum",
    "tutor:superfang",
    "tutor:throatchop",
    "tutor:spikes"
  ],
  "evolutions": [
    {
      "id": "sandshrew_sandslash",
      "variant": "level_up",
      "result": "sandslash",
      "consumeHeldItem": false,
      "learnableMoves": [
        "crushclaw"
      ],
      "requirements": [
        {
          "variant": "level",
          "minLevel": 22
        }
      ]
    }
  ],
  "forms": [
    {
      "name": "Alola",
      "primaryType": "ice",
      "secondaryType": "steel",
      "maleRatio": 0.5,
      "height": 7,
      "weight": 400,
      "pokedex": [
        "cobblemon.species.sandshrew-alola.desc"
      ],
      "labels": [
        "gen7",
        "alolan_form"
      ],
      "aspects": [
        "alolan"
      ],
      "abilities": [
        "snowcloak",
        "h:slushrush"
      ],
      "baseStats": {
        "hp": 50,
        "attack": 75,
        "defence": 90,
        "special_attack": 10,
        "special_defence": 35,
        "speed": 40
      },
      "drops": {
        "amount": 3,
        "entries": [
          {
            "item": "minecraft:armadillo_scute",
            "quantityRange": "0-1"
          },
          {
            "item": "cobblemon:quick_claw",
            "percentage": 2.5
          },
          {
            "item": "cobblemon:chople_berry",
            "percentage": 2.5
          }
        ]
      },
      "moves": [
        "1:defensecurl",
        "1:scratch",
        "3:bide",
        "5:iceshard",
        "7:iceball",
        "11:furycutter",
        "14:metalclaw",
        "17:swift",
        "20:furyswipes",
        "23:irondefense",
        "26:slash",
        "30:ironhead",
        "34:gyroball",
        "38:swordsdance",
        "42:snowscape",
        "egg:amnesia",
        "egg:chipaway",
        "egg:counter",
        "egg:crushclaw",
        "egg:curse",
        "egg:endure",
        "egg:honeclaws",
        "egg:iceshard",
        "egg:iciclespear",
        "egg:metalclaw",
        "egg:nightslash",
        "egg:rapidspin",
        "tm:aerialace",
        "tm:blizzard",
        "tm:brickbreak",
        "tm:bulldoze",
        "tm:cut",
        "tm:dig",
        "tm:earthquake",
        "tm:facade",
        "tm:focuspunch",
        "tm:frostbreath",
        "tm:gyroball",
        "tm:snowscape",
        "tm:hiddenpower",
        "tm:honeclaws",
        "tm:irontail",
        "tm:leechlife",
        "tm:poisonjab",
        "tm:protect",
        "tm:rest",
        "tm:return",
        "tm:rockclimb",
        "tm:rockslide",
        "tm:rocktomb",
        "tm:shadowclaw",
        "tm:sleeptalk",
        "tm:stealthrock",
        "tm:steelroller",
        "tm:strength",
        "tm:substitute",
        "tm:sunnyday",
        "tm:swordsdance",
        "tm:thief",
        "tm:toxic",
        "tm:tripleaxel",
        "tm:workup",
        "tm:xscissor",
        "tutor:aquatail",
        "tutor:bodyslam",
        "tutor:confide",
        "tutor:covet",
        "tutor:icepunch",
        "tutor:irondefense",
        "tutor:ironhead",
        "tutor:knockoff",
        "tutor:snore",
        "tutor:superfang",
        "tutor:throatchop",
        "tutor:spikes"
      ],
      "evolutions": [
        {
          "id": "sandshrew_sandslashalola",
          "variant": "item_interact",
          "result": "sandslash alolan",
          "consumeHeldItem": true,
          "learnableMoves": [
            "iciclespear"
          ],
          "requirements": [],
          "requiredContext": "cobblemon:ice_stone"
        }
      ],
      "battleOnly": false
    }
  ]
}