{
  "implemented": true,
  "nationalPokedexNumber": 79,
  "name": "Slowpoke",
  "primaryType": "water",
  "secondaryType": "psychic",
  "maleRatio": 0.5,
  "height": 12,
  "weight": 360,
  "pokedex": [
    "cobblemon.species.slowpoke.desc"
  ],
  "labels": [
    "gen1",
    "kantonian_form"
  ],
  "aspects": [],
  "abilities": [
    "oblivious",
    "owntempo",
    "h:regenerator"
  ],
  "eggGroups": [
    "monster",
    "water_1"
  ],
  "baseStats": {
    "hp": 90,
    "attack": 65,
    "defence": 65,
    "special_attack": 40,
    "special_defence": 40,
    "speed": 15
  },
  "evYield": {
    "hp": 1,
    "attack": 0,
    "defence": 0,
    "special_attack": 0,
    "special_defence": 0,
    "speed": 0
  },
  "baseExperienceYield": 63,
  "experienceGroup": "medium_fast",
  "catchRate": 190,
  "eggCycles": 20,
  "baseFriendship": 50,
  "features": [
    "galarian"
  ],
  "baseScale": 1,
  "hitbox": {
    "width": 1.2,
    "height": 0.7,
    "fixed": false
  },
  "behaviour": {
    "moving": {
      "swim": {
        "swimSpeed": 0.08,
        "canBreatheUnderwater": true,
        "canSwimInWater": true,
        "canSwimInLava": false
      },
      "walk": {
        "walkSpeed": 0.125
      }
    },
    "resting": {
      "canSleep": true,
      "willSleepOnBed": true,
      "light": "0-16"
    }
  },
  "drops": {
    "amount": 2,
    "entries": [
      {
        "item": "cobblemon:kings_rock",
        "percentage": 2.5
      },
      {
        "item": "cobblemon:chesto_berry",
        "percentage": 2.5
      }
    ]
  },
  "moves": [
    "1:curse",
    "1:tackle",
    "1:yawn",
    "5:growl",
    "9:waterpulse",
    "12:thunderwave",
    "14:psybeam",
    "17:disable",
    "20:icywind",
    "24:headbutt",
    "32:zenheadbutt",
    "36:slackoff",
    "41:amnesia",
    "45:psychic",
    "49:raindance",
    "54:psychup",
    "58:healpulse",
    "egg:belch",
    "egg:bellydrum",
    "egg:block",
    "egg:futuresight",
    "egg:mefirst",
    "egg:mudsport",
    "egg:sleeptalk",
    "egg:snore",
    "egg:stomp",
    "egg:wonderroom",
    "egg:zenheadbutt",
    "tm:blizzard",
    "tm:bulldoze",
    "tm:calmmind",
    "tm:dig",
    "tm:earthquake",
    "tm:expandingforce",
    "tm:facade",
    "tm:fireblast",
    "tm:flamethrower",
    "tm:flash",
    "tm:futuresight",
    "tm:grassknot",
    "tm:snowscape",
    "tm:hiddenpower",
    "tm:icebeam",
    "tm:icywind",
    "tm:irontail",
    "tm:lightscreen",
    "tm:protect",
    "tm:psychic",
    "tm:psyshock",
    "tm:raindance",
    "tm:reflect",
    "tm:rest",
    "tm:return",
    "tm:scald",
    "tm:shadowball",
    "tm:sleeptalk",
    "tm:strength",
    "tm:substitute",
    "tm:sunnyday",
    "tm:surf",
    "tm:teleport",
    "tm:thunderwave",
    "tm:toxic",
    "tm:trickroom",
    "tutor:afteryou",
    "tutor:aquatail",
    "tutor:block",
    "tutor:bodyslam",
    "tutor:confide",
    "tutor:hydropump",
    "tutor:icywind",
    "tutor:liquidation",
    "tutor:magiccoat",
    "tutor:psychicterrain",
    "tutor:psychup",
    "tutor:signalbeam",
    "tutor:snore",
    "tutor:storedpower",
    "tutor:trick",
    "tutor:weatherball",
    "tutor:whirlpool",
    "tutor:wonderroom",
    "tutor:zenheadbutt"
  ],
  "evolutions": [
    {
      "id": "slowpoke_slowbro",
      "variant": "level_up",
      "result": "slowbro",
      "consumeHeldItem": false,
      "learnableMoves": [
        "withdraw"
      ],
      "requirements": [
        {
          "variant": "level",
          "minLevel": 37
        }
      ]
    },
    {
      "id": "slowpoke_slowking",
      "variant": "trade",
      "result": "slowking",
      "consumeHeldItem": true,
      "learnableMoves": [],
      "requirements": [
        {
          "variant": "held_item",
          "itemCondition": "cobblemon:kings_rock"
        }
      ]
    }
  ],
  "forms": [
    {
      "name": "Galar",
      "primaryType": "psychic",
      "maleRatio": 0.5,
      "height": 12,
      "weight": 360,
      "pokedex": [
        "cobblemon.species.slowpoke-galar.desc"
      ],
      "labels": [
        "gen8",
        "galarian_form"
      ],
      "aspects": [
        "galarian"
      ],
      "abilities": [
        "gluttony",
        "owntempo",
        "h:regenerator"
      ],
      "behaviour": {
        "moving": {
          "walk": {
            "walkSpeed": 0.125
          },
          "swim": {
            "swimSpeed": "0.2",
            "canBreatheUnderwater": true,
            "canSwimInWater": true,
            "canSwimInLava": false
          }
        },
        "resting": {
          "canSleep": true,
          "willSleepOnBed": true,
          "light": "0-16"
        }
      },
      "drops": {
        "amount": 2,
        "entries": [
          {
            "item": "cobblemon:galarica_nuts",
            "quantityRange": "0-1"
          },
          {
            "item": "cobblemon:chesto_berry",
            "percentage": 2.5
          }
        ]
      },
      "moves": [
        "1:curse",
        "1:tackle",
        "3:growl",
        "6:acid",
        "9:yawn",
        "12:confusion",
        "15:disable",
        "18:waterpulse",
        "21:headbutt",
        "24:zenheadbutt",
        "27:amnesia",
        "30:surf",
        "33:slackoff",
        "36:psychic",
        "39:psychup",
        "42:raindance",
        "45:healpulse",
        "egg:belch",
        "egg:bellydrum",
        "egg:block",
        "egg:stomp",
        "tm:blizzard",
        "tm:bulldoze",
        "tm:calmmind",
        "tm:dig",
        "tm:earthquake",
        "tm:expandingforce",
        "tm:facade",
        "tm:fireblast",
        "tm:flamethrower",
        "tm:flash",
        "tm:futuresight",
        "tm:grassknot",
        "tm:snowscape",
        "tm:hiddenpower",
        "tm:icebeam",
        "tm:icywind",
        "tm:irontail",
        "tm:lightscreen",
        "tm:poisonjab",
        "tm:protect",
        "tm:psychic",
        "tm:psyshock",
        "tm:raindance",
        "tm:rest",
        "tm:return",
        "tm:scald",
        "tm:shadowball",
        "tm:sleeptalk",
        "tm:sludgebomb",
        "tm:sludgewave",
        "tm:strength",
        "tm:substitute",
        "tm:sunnyday",
        "tm:surf",
        "tm:teleport",
        "tm:thunderwave",
        "tm:toxic",
        "tm:trickroom",
        "tm:venoshock",
        "tutor:afteryou",
        "tutor:aquatail",
        "tutor:block",
        "tutor:bodyslam",
        "tutor:confide",
        "tutor:foulplay",
        "tutor:hydropump",
        "tutor:icywind",
        "tutor:liquidation",
        "tutor:magiccoat",
        "tutor:psychicterrain",
        "tutor:psychup",
        "tutor:signalbeam",
        "tutor:snore",
        "tutor:storedpower",
        "tutor:trick",
        "tutor:weatherball",
        "tutor:whirlpool",
        "tutor:wonderroom",
        "tutor:zenheadbutt"
      ],
      "evolutions": [
        {
          "id": "slowpoke_slowbrogalar",
          "variant": "item_interact",
          "result": "slowbro galarian",
          "consumeHeldItem": true,
          "learnableMoves": [
            "shellsidearm"
          ],
          "requirements": [],
          "requiredContext": "cobblemon:galarica_cuff"
        },
        {
          "id": "slowpoke_slowkinggalar",
          "variant": "item_interact",
          "result": "slowking galarian",
          "consumeHeldItem": true,
          "learnableMoves": [
            "eeriespell"
          ],
          "requirements": [],
          "requiredContext": "cobblemon:galarica_wreath"
        }
      ],
      "battleOnly": false
    }
  ]
}