{
  "implemented": true,
  "nationalPokedexNumber": 80,
  "name": "Slowbro",
  "primaryType": "water",
  "secondaryType": "psychic",
  "maleRatio": 0.5,
  "height": 16,
  "weight": 785,
  "pokedex": [
    "cobblemon.species.slowbro.desc"
  ],
  "labels": [
    "gen1",
    "kantonian_form"
  ],
  "aspects": [],
  "abilities": [
    "oblivious",
    "owntempo",
    "h:regenerator"
  ],
  "eggGroups": [
    "monster",
    "water_1"
  ],
  "baseStats": {
    "hp": 95,
    "attack": 75,
    "defence": 110,
    "special_attack": 100,
    "special_defence": 80,
    "speed": 30
  },
  "evYield": {
    "hp": 0,
    "attack": 0,
    "defence": 2,
    "special_attack": 0,
    "special_defence": 0,
    "speed": 0
  },
  "baseExperienceYield": 172,
  "experienceGroup": "medium_fast",
  "catchRate": 75,
  "eggCycles": 20,
  "baseFriendship": 50,
  "features": [
    "galarian"
  ],
  "baseScale": 1.3,
  "hitbox": {
    "width": 0.8,
    "height": 1.3,
    "fixed": false
  },
  "behaviour": {
    "moving": {
      "swim": {
        "swimSpeed": 0.08,
        "canBreatheUnderwater": true,
        "canSwimInWater": true,
        "canSwimInLava": false
      },
      "walk": {
        "walkSpeed": 0.15
      }
    }
  },
  "drops": {
    "amount": 2,
    "entries": [
      {
        "item": "cobblemon:kings_rock",
        "percentage": 5.0
      },
      {
        "item": "cobblemon:chesto_berry",
        "percentage": 5.0
      }
    ]
  },
  "moves": [
    "1:curse",
    "1:healpulse",
    "1:tackle",
    "1:teleport",
    "1:yawn",
    "5:growl",
    "9:waterpulse",
    "14:confusion",
    "17:disable",
    "20:headbutt",
    "24:icywind",
    "28:psybeam",
    "32:zenheadbutt",
    "36:slackoff",
    "43:amnesia",
    "49:psychic",
    "55:raindance",
    "62:psychup",
    "egg:belch",
    "egg:bellydrum",
    "egg:block",
    "egg:futuresight",
    "egg:mefirst",
    "egg:mudsport",
    "egg:sleeptalk",
    "egg:snore",
    "egg:stomp",
    "egg:wonderroom",
    "egg:zenheadbutt",
    "tm:aerialace",
    "tm:blizzard",
    "tm:bodypress",
    "tm:brickbreak",
    "tm:bulldoze",
    "tm:calmmind",
    "tm:dig",
    "tm:drainpunch",
    "tm:earthquake",
    "tm:expandingforce",
    "tm:facade",
    "tm:fireblast",
    "tm:flamethrower",
    "tm:flash",
    "tm:focusblast",
    "tm:aurasphere",
    "tm:focuspunch",
    "tm:futuresight",
    "tm:grassknot",
    "tm:snowscape",
    "tm:hiddenpower",
    "tm:icebeam",
    "tm:icywind",
    "tm:irontail",
    "tm:lightscreen",
    "tm:protect",
    "tm:psychic",
    "tm:psyshock",
    "tm:raindance",
    "tm:reflect",
    "tm:rest",
    "tm:return",
    "tm:rocksmash",
    "tm:scald",
    "tm:shadowball",
    "tm:sleeptalk",
    "tm:strength",
    "tm:substitute",
    "tm:sunnyday",
    "tm:surf",
    "tm:teleport",
    "tm:thunderwave",
    "tm:toxic",
    "tm:trickroom",
    "tm:psychicnoise",
    "tutor:afteryou",
    "tutor:aquatail",
    "tutor:block",
    "tutor:bodypress",
    "tutor:bodyslam",
    "tutor:confide",
    "tutor:foulplay",
    "tutor:hydropump",
    "tutor:icepunch",
    "tutor:icywind",
    "tutor:irondefense",
    "tutor:liquidation",
    "tutor:magiccoat",
    "tutor:muddywater",
    "tutor:nastyplot",
    "tutor:psychicterrain",
    "tutor:psychup",
    "tutor:razorshell",
    "tutor:signalbeam",
    "tutor:snore",
    "tutor:storedpower",
    "tutor:trick",
    "tutor:weatherball",
    "tutor:whirlpool",
    "tutor:wonderroom",
    "tutor:zenheadbutt"
  ],
  "preEvolution": "slowpoke",
  "evolutions": [],
  "forms": [
    {
      "name": "Mega",
      "primaryType": "water",
      "secondaryType": "psychic",
      "maleRatio": 0.5,
      "height": 20,
      "weight": 1200,
      "pokedex": [
        "cobblemon.species.slowbro-mega.desc"
      ],
      "labels": [
        "gen6",
        "mega"
      ],
      "aspects": [
        "mega"
      ],
      "abilities": [
        "regenerator",
        "regenerator",
        "h:regenerator"
      ],
      "moves": [],
      "baseStats": {
        "hp": 95,
        "attack": 75,
        "defence": 180,
        "special_attack": 130,
        "special_defence": 80,
        "speed": 30
      },
      "baseExperienceYield": 207,
      "dynamaxBlocked": true,
      "behaviour": {
        "moving": {
          "swim": {
            "swimSpeed": "0.2",
            "canBreatheUnderwater": true,
            "canSwimInWater": true,
            "canSwimInLava": false
          },
          "walk": {
            "walkSpeed": 0.15
          }
        }
      },
      "evolutions": [],
      "battleOnly": true
    },
    {
      "name": "Galar",
      "primaryType": "poison",
      "secondaryType": "psychic",
      "maleRatio": 0.5,
      "height": 16,
      "weight": 705,
      "pokedex": [
        "cobblemon.species.slowbro-galar.desc"
      ],
      "labels": [
        "gen8",
        "galarian_form"
      ],
      "aspects": [
        "galarian"
      ],
      "abilities": [
        "quickdraw",
        "owntempo",
        "h:regenerator"
      ],
      "baseStats": {
        "hp": 95,
        "attack": 75,
        "defence": 105,
        "special_attack": 115,
        "special_defence": 70,
        "speed": 30
      },
      "evYield": {
        "hp": 0,
        "attack": 2,
        "defence": 0,
        "special_attack": 0,
        "special_defence": 0,
        "speed": 0
      },
      "behaviour": {
        "moving": {
          "swim": {
            "swimSpeed": "0.2",
            "canBreatheUnderwater": true,
            "canSwimInWater": true,
            "canSwimInLava": false
          },
          "walk": {
            "walkSpeed": 0.15
          }
        }
      },
      "drops": {
        "amount": 3,
        "entries": [
          {
            "item": "cobblemon:galarica_nuts",
            "quantityRange": "0-2"
          },
          {
            "item": "cobblemon:chesto_berry",
            "percentage": 5.0
          }
        ]
      },
      "moves": [
        "1:curse",
        "1:shellsidearm",
        "1:tackle",
        "1:withdraw",
        "3:growl",
        "6:acid",
        "9:yawn",
        "12:confusion",
        "15:disable",
        "18:waterpulse",
        "21:headbutt",
        "24:zenheadbutt",
        "27:amnesia",
        "30:surf",
        "33:slackoff",
        "36:psychic",
        "39:psychup",
        "42:raindance",
        "45:healpulse",
        "egg:belch",
        "egg:bellydrum",
        "egg:block",
        "egg:stomp",
        "tm:aerialace",
        "tm:bodypress",
        "tm:bulldoze",
        "tm:calmmind",
        "tm:drainpunch",
        "tm:earthquake",
        "tm:expandingforce",
        "tm:facade",
        "tm:fireblast",
        "tm:flamethrower",
        "tm:flash",
        "tm:focusblast",
        "tm:aurasphere",
        "tm:futuresight",
        "tm:grassknot",
        "tm:hiddenpower",
        "tm:icebeam",
        "tm:poisonjab",
        "tm:psychic",
        "tm:psyshock",
        "tm:return",
        "tm:scald",
        "tm:sludgebomb",
        "tm:sludgewave",
        "tm:strength",
        "tm:substitute",
        "tm:surf",
        "tm:teleport",
        "tm:toxic",
        "tm:trickroom",
        "tm:venoshock",
        "tutor:afteryou",
        "tutor:aquatail",
        "tutor:block",
        "tutor:bodyslam",
        "tutor:confide",
        "tutor:foulplay",
        "tutor:hydropump",
        "tutor:icepunch",
        "tutor:irondefense",
        "tutor:magiccoat",
        "tutor:nastyplot",
        "tutor:psychicterrain",
        "tutor:psychup",
        "tutor:signalbeam",
        "tutor:snore",
        "tutor:zenheadbutt"
      ],
      "preEvolution": "slowpoke galarian",
      "evolutions": [],
      "battleOnly": false
    }
  ]
}