{
  "implemented": true,
  "nationalPokedexNumber": 128,
  "name": "Tauros",
  "primaryType": "normal",
  "maleRatio": 1,
  "height": 14,
  "weight": 884,
  "pokedex": [
    "cobblemon.species.tauros.desc"
  ],
  "labels": [
    "gen1",
    "kantonian_form"
  ],
  "aspects": [],
  "abilities": [
    "intimidate",
    "angerpoint",
    "h:sheerforce"
  ],
  "eggGroups": [
    "field"
  ],
  "baseStats": {
    "hp": 75,
    "attack": 100,
    "defence": 95,
    "special_attack": 70,
    "special_defence": 70,
    "speed": 110
  },
  "evYield": {
    "hp": 0,
    "attack": 1,
    "defence": 0,
    "special_attack": 0,
    "special_defence": 0,
    "speed": 1
  },
  "baseExperienceYield": 172,
  "experienceGroup": "slow",
  "catchRate": 45,
  "eggCycles": 20,
  "baseFriendship": 50,
  "features": [
    "paldean",
    "bull_breed"
  ],
  "baseScale": 1.3,
  "hitbox": {
    "width": 1.3,
    "height": 1.4,
    "fixed": false
  },
  "drops": {
    "amount": 5,
    "entries": [
      {
        "item": "minecraft:leather",
        "quantityRange": "0-2"
      },
      {
        "item": "minecraft:beef",
        "quantityRange": "1-3"
      }
    ]
  },
  "moves": [
    "1:tackle",
    "3:tailwhip",
    "5:rage",
    "8:hornattack",
    "11:scaryface",
    "15:pursuit",
    "19:rest",
    "24:payback",
    "29:workup",
    "35:ragingbull",
    "41:zenheadbutt",
    "48:swagger",
    "55:thrash",
    "63:doubleedge",
    "71:gigaimpact",
    "76:headcharge",
    "egg:curse",
    "egg:endeavor",
    "tm:blizzard",
    "tm:bulldoze",
    "tm:cut",
    "tm:earthquake",
    "tm:facade",
    "tm:fireblast",
    "tm:flamethrower",
    "tm:hiddenpower",
    "tm:icebeam",
    "tm:icywind",
    "tm:irontail",
    "tm:protect",
    "tm:raindance",
    "tm:rest",
    "tm:return",
    "tm:rockclimb",
    "tm:rockslide",
    "tm:rocksmash",
    "tm:rocktomb",
    "tm:sandstorm",
    "tm:sleeptalk",
    "tm:solarbeam",
    "tm:stoneedge",
    "tm:strength",
    "tm:substitute",
    "tm:sunnyday",
    "tm:surf",
    "tm:thunder",
    "tm:thunderbolt",
    "tm:toxic",
    "tm:trailblaze",
    "tm:wildcharge",
    "tm:workup",
    "tutor:bodyslam",
    "tutor:closecombat",
    "tutor:confide",
    "tutor:endeavor",
    "tutor:flareblitz",
    "tutor:helpinghand",
    "tutor:highhorsepower",
    "tutor:icywind",
    "tutor:ironhead",
    "tutor:megahorn",
    "tutor:outrage",
    "tutor:playrough",
    "tutor:reversal",
    "tutor:roleplay",
    "tutor:scaryface",
    "tutor:snore",
    "tutor:spite",
    "tutor:stompingtantrum",
    "tutor:throatchop",
    "tutor:uproar",
    "tutor:whirlpool",
    "tutor:zenheadbutt"
  ],
  "evolutions": [],
  "forms": [
    {
      "name": "Paldea-Combat",
      "primaryType": "fighting",
      "maleRatio": 1,
      "height": 14,
      "weight": 1150,
      "pokedex": [
        "cobblemon.species.tauros-paldeacombat.desc"
      ],
      "labels": [
        "gen9",
        "paldean_form"
      ],
      "aspects": [
        "paldean"
      ],
      "abilities": [
        "intimidate",
        "angerpoint",
        "h:sheerforce"
      ],
      "baseStats": {
        "hp": 75,
        "attack": 110,
        "defence": 105,
        "special_attack": 60,
        "special_defence": 70,
        "speed": 100
      },
      "evYield": {
        "hp": 0,
        "attack": 2,
        "defence": 0,
        "special_attack": 0,
        "special_defence": 0,
        "speed": 0
      },
      "moves": [
        "1:tackle",
        "1:tailwhip",
        "5:workup",
        "11:assurance",
        "15:pursuit",
        "17:doublekick",
        "19:headbutt",
        "24:scaryface",
        "29:zenheadbutt",
        "35:ragingbull",
        "40:rest",
        "45:swagger",
        "50:thrash",
        "55:doubleedge",
        "60:closecombat",
        "egg:curse",
        "egg:endeavor",
        "tm:bodypress",
        "tm:bulkup",
        "tm:bulldoze",
        "tm:dig",
        "tm:earthquake",
        "tm:facade",
        "tm:hiddenpower",
        "tm:protect",
        "tm:raindance",
        "tm:rest",
        "tm:return",
        "tm:rockslide",
        "tm:rocktomb",
        "tm:sandstorm",
        "tm:sleeptalk",
        "tm:stoneedge",
        "tm:substitute",
        "tm:sunnyday",
        "tm:surf",
        "tm:thief",
        "tm:toxic",
        "tm:trailblaze",
        "tm:wildcharge",
        "tm:workup",
        "tm:highhorsepower",
        "tm:lowkick",
        "tm:brickbreak",
        "tutor:bodypress",
        "tutor:bodyslam",
        "tutor:closecombat",
        "tutor:confide",
        "tutor:drillrun",
        "tutor:endeavor",
        "tutor:ironhead",
        "tutor:outrage",
        "tutor:reversal",
        "tutor:scaryface",
        "tutor:stompingtantrum",
        "tutor:zenheadbutt"
      ],
      "evolutions": [],
      "battleOnly": false
    },
    {
      "name": "Paldea-Blaze",
      "primaryType": "fire",
      "secondaryType": "fighting",
      "maleRatio": 1,
      "height": 14,
      "weight": 850,
      "pokedex": [
        "cobblemon.species.tauros-paldeablaze.desc"
      ],
      "labels": [
        "gen9",
        "paldean_form"
      ],
      "aspects": [
        "blaze-breed",
        "paldean"
      ],
      "abilities": [
        "intimidate",
        "angerpoint",
        "h:gluttony"
      ],
      "baseStats": {
        "hp": 75,
        "attack": 110,
        "defence": 105,
        "special_attack": 60,
        "special_defence": 70,
        "speed": 100
      },
      "evYield": {
        "hp": 0,
        "attack": 2,
        "defence": 0,
        "special_attack": 0,
        "special_defence": 0,
        "speed": 0
      },
      "moves": [
        "1:tackle",
        "1:tailwhip",
        "5:workup",
        "11:flamecharge",
        "15:pursuit",
        "17:doublekick",
        "19:headbutt",
        "24:scaryface",
        "29:zenheadbutt",
        "35:ragingbull",
        "40:rest",
        "45:swagger",
        "50:thrash",
        "55:flareblitz",
        "60:closecombat",
        "egg:curse",
        "egg:endeavor",
        "tm:bodypress",
        "tm:bulkup",
        "tm:bulldoze",
        "tm:dig",
        "tm:earthquake",
        "tm:facade",
        "tm:fireblast",
        "tm:flamecharge",
        "tm:flamethrower",
        "tm:hiddenpower",
        "tm:overheat",
        "tm:protect",
        "tm:raindance",
        "tm:rest",
        "tm:return",
        "tm:rockslide",
        "tm:rocktomb",
        "tm:sandstorm",
        "tm:sleeptalk",
        "tm:stoneedge",
        "tm:substitute",
        "tm:sunnyday",
        "tm:thief",
        "tm:toxic",
        "tm:trailblaze",
        "tm:wildcharge",
        "tm:willowisp",
        "tm:workup",
        "tm:highhorsepower",
        "tm:lowkick",
        "tm:brickbreak",
        "tm:temperflare",
        "tutor:bodypress",
        "tutor:bodyslam",
        "tutor:closecombat",
        "tutor:confide",
        "tutor:drillrun",
        "tutor:endeavor",
        "tutor:flareblitz",
        "tutor:ironhead",
        "tutor:outrage",
        "tutor:reversal",
        "tutor:scaryface",
        "tutor:stompingtantrum",
        "tutor:zenheadbutt"
      ],
      "evolutions": [],
      "battleOnly": false
    },
    {
      "name": "Paldea-Aqua",
      "primaryType": "water",
      "secondaryType": "fighting",
      "maleRatio": 1,
      "height": 14,
      "weight": 1100,
      "pokedex": [
        "cobblemon.species.tauros-paldeaaqua.desc"
      ],
      "labels": [
        "gen9",
        "paldean_form"
      ],
      "aspects": [
        "paldean",
        "aqua-breed"
      ],
      "abilities": [
        "intimidate",
        "angerpoint",
        "h:gluttony"
      ],
      "baseStats": {
        "hp": 75,
        "attack": 110,
        "defence": 105,
        "special_attack": 60,
        "special_defence": 70,
        "speed": 100
      },
      "evYield": {
        "hp": 0,
        "attack": 2,
        "defence": 0,
        "special_attack": 0,
        "special_defence": 0,
        "speed": 0
      },
      "moves": [
        "1:tackle",
        "1:tailwhip",
        "5:workup",
        "11:aquajet",
        "15:pursuit",
        "17:doublekick",
        "19:headbutt",
        "24:scaryface",
        "29:zenheadbutt",
        "35:ragingbull",
        "40:rest",
        "45:swagger",
        "50:thrash",
        "55:wavecrash",
        "60:closecombat",
        "egg:curse",
        "egg:endeavor",
        "tm:bodypress",
        "tm:bulkup",
        "tm:bulldoze",
        "tm:dig",
        "tm:earthquake",
        "tm:facade",
        "tm:hiddenpower",
        "tm:protect",
        "tm:raindance",
        "tm:rest",
        "tm:return",
        "tm:rockslide",
        "tm:rocktomb",
        "tm:sandstorm",
        "tm:sleeptalk",
        "tm:stoneedge",
        "tm:substitute",
        "tm:surf",
        "tm:thief",
        "tm:toxic",
        "tm:trailblaze",
        "tm:wildcharge",
        "tm:workup",
        "tm:highhorsepower",
        "tm:lowkick",
        "tm:brickbreak",
        "tutor:bodypress",
        "tutor:bodyslam",
        "tutor:closecombat",
        "tutor:confide",
        "tutor:drillrun",
        "tutor:endeavor",
        "tutor:hydropump",
        "tutor:ironhead",
        "tutor:liquidation",
        "tutor:outrage",
        "tutor:reversal",
        "tutor:scaryface",
        "tutor:stompingtantrum",
        "tutor:zenheadbutt"
      ],
      "evolutions": [],
      "battleOnly": false
    }
  ]
}