{
  "implemented": true,
  "nationalPokedexNumber": 100,
  "name": "Voltorb",
  "primaryType": "electric",
  "maleRatio": -1,
  "height": 5,
  "weight": 104,
  "pokedex": [
    "cobblemon.species.voltorb.desc"
  ],
  "labels": [
    "gen1",
    "kantonian_form"
  ],
  "aspects": [],
  "abilities": [
    "soundproof",
    "static",
    "h:galvanize"
  ],
  "eggGroups": [
    "mineral"
  ],
  "baseStats": {
    "hp": 40,
    "attack": 30,
    "defence": 50,
    "special_attack": 55,
    "special_defence": 55,
    "speed": 100
  },
  "evYield": {
    "hp": 0,
    "attack": 0,
    "defence": 0,
    "special_attack": 0,
    "special_defence": 0,
    "speed": 1
  },
  "baseExperienceYield": 66,
  "experienceGroup": "medium_fast",
  "catchRate": 190,
  "eggCycles": 20,
  "baseFriendship": 50,
  "features": [
    "hisuian"
  ],
  "baseScale": 0.9,
  "hitbox": {
    "width": 0.7,
    "height": 0.7,
    "fixed": false
  },
  "behaviour": {
    "moving": {
      "swim": {
        "avoidsWater": true,
        "canSwimInWater": false
      }
    }
  },
  "drops": {
    "amount": 1,
    "entries": [
      {
        "item": "minecraft:gunpowder",
        "quantityRange": "0-1"
      }
    ]
  },
  "moves": [
    "1:charge",
    "1:tackle",
    "4:sonicboom",
    "6:eerieimpulse",
    "9:shockwave",
    "11:rollout",
    "13:screech",
    "16:chargebeam",
    "20:swift",
    "22:electroball",
    "26:selfdestruct",
    "29:lightscreen",
    "34:magnetrise",
    "37:discharge",
    "41:explosion",
    "46:gyroball",
    "48:mirrorcoat",
    "57:courtchange",
    "egg:metalsound",
    "egg:recycle",
    "tm:chargebeam",
    "tm:explosion",
    "tm:facade",
    "tm:flash",
    "tm:flashcannon",
    "tm:gyroball",
    "tm:hiddenpower",
    "tm:lightscreen",
    "tm:protect",
    "tm:raindance",
    "tm:reflect",
    "tm:rest",
    "tm:return",
    "tm:risingvoltage",
    "tm:sleeptalk",
    "tm:substitute",
    "tm:taunt",
    "tm:teleport",
    "tm:thief",
    "tm:thunder",
    "tm:thunderbolt",
    "tm:thunderwave",
    "tm:toxic",
    "tm:voltswitch",
    "tm:wildcharge",
    "tutor:agility",
    "tutor:confide",
    "tutor:electroball",
    "tutor:foulplay",
    "tutor:magiccoat",
    "tutor:magnetrise",
    "tutor:screech",
    "tutor:signalbeam",
    "tutor:snore"
  ],
  "evolutions": [
    {
      "id": "voltorb_electrode",
      "variant": "level_up",
      "result": "electrode",
      "consumeHeldItem": false,
      "learnableMoves": [],
      "requirements": [
        {
          "variant": "level",
          "minLevel": 30
        }
      ]
    }
  ],
  "forms": [
    {
      "name": "Hisui",
      "abilities": [
        "soundproof",
        "static",
        "h:reckless"
      ],
      "primaryType": "electric",
      "secondaryType": "grass",
      "maleRatio": -1,
      "height": 5,
      "weight": 130,
      "pokedex": [
        "cobblemon.species.voltorb-hisui.desc"
      ],
      "labels": [
        "gen8a",
        "hisuian_form"
      ],
      "aspects": [
        "hisuian"
      ],
      "drops": {
        "amount": 3,
        "entries": [
          {
            "item": "minecraft:gunpowder",
            "quantityRange": "0-1"
          },
          {
            "item": "cobblemon:red_apricorn",
            "quantityRange": "0-1"
          },
          {
            "item": "cobblemon:cheri_berry",
            "percentage": 2.5
          }
        ]
      },
      "moves": [
        "1:absorb",
        "1:charge",
        "1:tackle",
        "1:thundershock",
        "4:sonicboom",
        "6:eerieimpulse",
        "9:shockwave",
        "11:magicalleaf",
        "13:screech",
        "16:chargebeam",
        "19:swift",
        "22:electroball",
        "24:selfdestruct",
        "27:megadrain",
        "29:lightscreen",
        "33:magnetrise",
        "36:discharge",
        "40:explosion",
        "44:gigadrain",
        "48:mirrorcoat",
        "60:courtchange",
        "egg:leechseed",
        "egg:recycle",
        "egg:worryseed",
        "tm:bulletseed",
        "tm:chargebeam",
        "tm:energyball",
        "tm:explosion",
        "tm:facade",
        "tm:flash",
        "tm:flashcannon",
        "tm:gigadrain",
        "tm:grassknot",
        "tm:gyroball",
        "tm:hiddenpower",
        "tm:hypervoice",
        "tm:lightscreen",
        "tm:protect",
        "tm:raindance",
        "tm:reflect",
        "tm:rest",
        "tm:return",
        "tm:risingvoltage",
        "tm:sleeptalk",
        "tm:solarbeam",
        "tm:substitute",
        "tm:taunt",
        "tm:teleport",
        "tm:thief",
        "tm:thunder",
        "tm:thunderbolt",
        "tm:thunderwave",
        "tm:toxic",
        "tm:voltswitch",
        "tm:wildcharge",
        "tutor:foulplay",
        "tutor:leafstorm",
        "tutor:magnetrise",
        "tutor:seedbomb",
        "tutor:signalbeam",
        "tutor:weatherball"
      ],
      "evolutions": [
        {
          "id": "voltorb_electrodehisui",
          "variant": "item_interact",
          "result": "electrode hisuian",
          "consumeHeldItem": true,
          "learnableMoves": [
            "chloroblast"
          ],
          "requirements": [],
          "requiredContext": "cobblemon:leaf_stone"
        }
      ],
      "battleOnly": false
    }
  ]
}