{
  "implemented": true,
  "nationalPokedexNumber": 37,
  "name": "Vulpix",
  "primaryType": "fire",
  "maleRatio": 0.25,
  "height": 6,
  "weight": 99,
  "pokedex": [
    "cobblemon.species.vulpix.desc"
  ],
  "labels": [
    "gen1",
    "kantonian_form"
  ],
  "aspects": [], 
  "abilities": [
    "flashfire",
    "h:drought"
  ],
  "eggGroups": [
    "field"
  ],
  "baseStats": {
    "hp": 38,
    "attack": 41,
    "defence": 40,
    "special_attack": 50,
    "special_defence": 65,
    "speed": 65
  },
  "evYield": {
    "hp": 0,
    "attack": 0,
    "defence": 0,
    "special_attack": 0,
    "special_defence": 0,
    "speed": 1
  },
  "baseExperienceYield": 60,
  "experienceGroup": "medium_fast",
  "catchRate": 190,
  "eggCycles": 20,
  "baseFriendship": 50,
  "features": [
    "alolan"
  ],
  "baseScale": 0.7,
  "hitbox": {
    "width": 0.9,
    "height": 1.1,
    "fixed": false
  },
  "behaviour": {
    "resting": {
      "canSleep": true,
      "willSleepOnBed": true,
      "light": "0-4"
    }
  },
  "drops": {
    "amount": 5,
    "entries": [
      {
        "item": "minecraft:sweet_berries",
        "quantityRange": "1-3"
      },
      {
        "item": "minecraft:charcoal",
        "percentage": 2.5
      },
      {
        "item": "cobblemon:rawst_berry",
        "percentage": 2.5
      }
    ]
  },
  "moves": [
    "1:incinerate",
    "1:psybeam",
    "4:tailwhip",
    "7:roar",
    "9:babydolleyes",
    "10:quickattack",
    "12:confuseray",
    "15:firespin",
    "18:payback",
    "20:willowisp",
    "23:feintattack",
    "26:hex",
    "28:flameburst",
    "31:extrasensory",
    "34:safeguard",
    "36:flamethrower",
    "39:imprison",
    "42:fireblast",
    "44:grudge",
    "47:captivate",
    "50:inferno",
    "egg:captivate",
    "egg:disable",
    "egg:extrasensory",
    "egg:feintattack",
    "egg:flail",
    "egg:flareblitz",
    "egg:heatwave",
    "egg:hex",
    "egg:howl",
    "egg:hypnosis",
    "egg:memento",
    "egg:powerswap",
    "egg:secretpower",
    "egg:spite",
    "egg:tailslap",
    "tm:darkpulse",
    "tm:dig",
    "tm:energyball",
    "tm:facade",
    "tm:fireblast",
    "tm:flamecharge",
    "tm:flamethrower",
    "tm:hiddenpower",
    "tm:irontail",
    "tm:overheat",
    "tm:protect",
    "tm:rest",
    "tm:return",
    "tm:roar",
    "tm:scorchingsands",
    "tm:sleeptalk",
    "tm:substitute",
    "tm:sunnyday",
    "tm:toxic",
    "tm:willowisp",
    "tutor:agility",
    "tutor:bodyslam",
    "tutor:celebrate",
    "tutor:confide",
    "tutor:covet",
    "tutor:encore",
    "tutor:firespin",
    "tutor:flareblitz",
    "tutor:foulplay",
    "tutor:heatwave",
    "tutor:hex",
    "tutor:mysticalfire",
    "tutor:painsplit",
    "tutor:psychup",
    "tutor:roleplay",
    "tutor:snore",
    "tutor:spite",
    "tutor:tailslap",
    "tutor:weatherball",
    "tutor:zenheadbutt"
  ],
  "evolutions": [
    {
      "id": "vulpix_ninetales",
      "variant": "item_interact",
      "result": "ninetales",
      "consumeHeldItem": true,
      "learnableMoves": [],
      "requirements": [],
      "requiredContext": "cobblemon:fire_stone"
    }
  ],
  "forms": [
    {
      "name": "Alola",
      "primaryType": "ice",
      "maleRatio": 0.25,
      "height": 6,
      "weight": 99,
      "pokedex": [
        "cobblemon.species.vulpix-alola.desc"
      ],
      "labels": [
        "gen7",
        "alolan_form"
      ],
      "aspects": [
        "alolan"
      ],
      "abilities": [
        "snowcloak",
        "h:snowwarning"
      ],
      "drops": {
        "amount": 5,
        "entries": [
          {
            "item": "minecraft:sweet_berries",
            "quantityRange": "1-3"
          },
          {
            "item": "minecraft:snowball",
            "quantityRange": "0-1"
          },
          {
            "item": "cobblemon:babiri_berry",
            "percentage": 2.5
          }
        ]
      },
      "moves": [
        "1:powdersnow",
        "4:tailwhip",
        "7:roar",
        "9:babydolleyes",
        "10:iceshard",
        "12:confuseray",
        "15:icywind",
        "18:dazzlinggleam",
        "20:mist",
        "23:extrasensory",
        "26:hex",
        "28:freezedry",
        "34:safeguard",
        "36:icebeam",
        "39:imprison",
        "42:blizzard",
        "44:grudge",
        "47:captivate",
        "egg:agility",
        "egg:charm",
        "egg:disable",
        "egg:encore",
        "egg:extrasensory",
        "egg:flail",
        "egg:freezedry",
        "egg:howl",
        "egg:hypnosis",
        "egg:moonblast",
        "egg:powerswap",
        "egg:secretpower",
        "egg:spite",
        "egg:tailslap",
        "tm:blizzard",
        "tm:darkpulse",
        "tm:dig",
        "tm:drainingkiss",
        "tm:energyball",
        "tm:facade",
        "tm:frostbreath",
        "tm:snowscape",
        "tm:hiddenpower",
        "tm:icebeam",
        "tm:icywind",
        "tm:irontail",
        "tm:protect",
        "tm:raindance",
        "tm:rest",
        "tm:return",
        "tm:roar",
        "tm:sleeptalk",
        "tm:substitute",
        "tm:toxic",
        "tm:playrough",
        "tutor:agility",
        "tutor:aquatail",
        "tutor:bodyslam",
        "tutor:celebrate",
        "tutor:confide",
        "tutor:covet",
        "tutor:encore",
        "tutor:foulplay",
        "tutor:healbell",
        "tutor:hex",
        "tutor:icywind",
        "tutor:painsplit",
        "tutor:psychup",
        "tutor:roleplay",
        "tutor:snore",
        "tutor:spite",
        "tutor:tailslap",
        "tutor:weatherball",
        "tutor:zenheadbutt"
      ],
      "evolutions": [
        {
          "id": "vulpix_ninetalesalola",
          "variant": "item_interact",
          "result": "ninetales alolan",
          "consumeHeldItem": true,
          "learnableMoves": [
            "dazzlinggleam"
          ],
          "requirements": [],
          "requiredContext": "cobblemon:ice_stone"
        }
      ],
      "battleOnly": false
    }
  ]
}