{
  "implemented": true,
  "nationalPokedexNumber": 110,
  "name": "Weezing",
  "primaryType": "poison",
  "maleRatio": 0.5,
  "height": 12,
  "weight": 95,
  "pokedex": [
    "cobblemon.species.weezing.desc"
  ],
  "labels": [
    "gen1",
    "kantonian_form"
  ],
  "aspects": [],
  "abilities": [
    "levitate",
    "neutralizinggas",
    "h:toxicdebris"
  ],
  "eggGroups": [
    "amorphous"
  ],
  "baseStats": {
    "hp": 65,
    "attack": 90,
    "defence": 120,
    "special_attack": 85,
    "special_defence": 70,
    "speed": 60
  },
  "evYield": {
    "hp": 0,
    "attack": 0,
    "defence": 2,
    "special_attack": 0,
    "special_defence": 0,
    "speed": 0
  },
  "baseExperienceYield": 172,
  "experienceGroup": "medium_fast",
  "catchRate": 60,
  "eggCycles": 20,
  "baseFriendship": 50,
  "features": [
    "galarian"
  ],
  "baseScale": 1.2,
  "hitbox": {
    "width": 1.3,
    "height": 1.4,
    "fixed": false
  },
  "behaviour": {
    "moving": {
      "fly": {
        "canFly": true
      }
    }
  },
  "drops": {
    "amount": 2,
    "entries": [
      {
        "item": "cobblemon:black_sludge",
        "percentage": 5.0
      },
      {
        "item": "cobblemon:smoke_ball",
        "percentage": 5.0
      }
    ]
  },
  "moves": [
    "1:doublehit",
    "1:poisongas",
    "1:smog",
    "1:tackle",
    "12:assurance",
    "15:clearsmog",
    "18:sludge",
    "23:selfdestruct",
    "26:haze",
    "29:gyroball",
    "34:sludgebomb",
    "40:explosion",
    "46:destinybond",
    "51:belch",
    "57:memento",
    "egg:curse",
    "egg:destinybond",
    "egg:grudge",
    "egg:painsplit",
    "egg:psybeam",
    "egg:psywave",
    "egg:screech",
    "egg:spite",
    "egg:spitup",
    "egg:stockpile",
    "egg:swallow",
    "egg:toxicspikes",
    "egg:venomdrench",
    "tm:darkpulse",
    "tm:explosion",
    "tm:facade",
    "tm:fireblast",
    "tm:flamethrower",
    "tm:flash",
    "tm:fly",
    "tm:gyroball",
    "tm:hiddenpower",
    "tm:protect",
    "tm:raindance",
    "tm:rest",
    "tm:return",
    "tm:shadowball",
    "tm:sleeptalk",
    "tm:sludgebomb",
    "tm:sludgewave",
    "tm:substitute",
    "tm:sunnyday",
    "tm:taunt",
    "tm:thief",
    "tm:thunder",
    "tm:thunderbolt",
    "tm:toxic",
    "tm:venoshock",
    "tm:willowisp",
    "tm:gunkshot",
    "tutor:confide",
    "tutor:heatwave",
    "tutor:painsplit",
    "tutor:screech",
    "tutor:snore",
    "tutor:spite",
    "tutor:toxicspikes",
    "tutor:uproar",
    "tutor:venomdrench"
  ],
  "preEvolution": "koffing",
  "evolutions": [],
  "forms": [
    {
      "name": "Galar",
      "primaryType": "poison",
      "secondaryType": "fairy",
      "baseStats": {
        "hp": 65,
        "attack": 90,
        "defence": 120,
        "special_attack": 85,
        "special_defence": 70,
        "speed": 60
      },
      "maleRatio": 0.5,
      "height": 30,
      "weight": 160,
      "pokedex": [
        "cobblemon.species.weezing-galar.desc"
      ],
      "labels": [
        "gen8",
        "galarian_form"
      ],
      "aspects": [
        "galarian"
      ],
      "abilities": [
        "levitate",
        "neutralizinggas",
        "h:mistysurge"
      ],
      "drops": {
        "amount": 3,
        "entries": [
          {
            "item": "cobblemon:black_sludge",
            "percentage": 5.0
          },
          {
            "item": "cobblemon:payapa_berry",
            "percentage": 5.0
          },
          {
            "item": "cobblemon:smoke_ball",
            "percentage": 5.0
          }
        ]
      },
      "moves": [
        "1:aromaticmist",
        "1:defog",
        "1:doublehit",
        "1:fairywind",
        "1:haze",
        "1:heatwave",
        "1:poisongas",
        "1:strangesteam",
        "1:tackle",
        "4:smog",
        "12:clearsmog",
        "16:assurance",
        "20:sludge",
        "24:aromatherapy",
        "28:selfdestruct",
        "32:sludgebomb",
        "38:toxic",
        "44:belch",
        "50:explosion",
        "56:memento",
        "62:destinybond",
        "68:mistyterrain",
        "egg:curse",
        "egg:destinybond",
        "egg:grudge",
        "egg:painsplit",
        "egg:psybeam",
        "egg:psywave",
        "egg:screech",
        "egg:spite",
        "egg:spitup",
        "egg:stockpile",
        "egg:swallow",
        "egg:toxicspikes",
        "egg:venomdrench",
        "tm:darkpulse",
        "tm:dazzlinggleam",
        "tm:defog",
        "tm:explosion",
        "tm:facade",
        "tm:fireblast",
        "tm:flamethrower",
        "tm:fly",
        "tm:gyroball",
        "tm:hiddenpower",
        "tm:mistyexplosion",
        "tm:overheat",
        "tm:protect",
        "tm:raindance",
        "tm:rest",
        "tm:return",
        "tm:shadowball",
        "tm:sleeptalk",
        "tm:sludgebomb",
        "tm:sludgewave",
        "tm:substitute",
        "tm:sunnyday",
        "tm:taunt",
        "tm:thief",
        "tm:thunder",
        "tm:thunderbolt",
        "tm:toxic",
        "tm:venoshock",
        "tm:willowisp",
        "tm:gunkshot",
        "tutor:confide",
        "tutor:heatwave",
        "tutor:mistyterrain",
        "tutor:painsplit",
        "tutor:playrough",
        "tutor:screech",
        "tutor:snore",
        "tutor:spite",
        "tutor:toxicspikes",
        "tutor:uproar",
        "tutor:venomdrench",
        "tutor:wonderroom"
      ],
      "preEvolution": "koffing",
      "evolutions": [],
      "battleOnly": false
    }
  ]
}