{
  "implemented": true,
  "nationalPokedexNumber": 145,
  "name": "Zapdos",
  "primaryType": "electric",
  "secondaryType": "flying",
  "maleRatio": -1,
  "height": 16,
  "weight": 526,
  "pokedex": [
    "cobblemon.species.zapdos.desc"
  ],
  "labels": [
    "gen1",
    "legendary",
    "kantonian_form"
  ],
  "aspects": [],
  "abilities": [
    "pressure",
    "h:static"
  ],
  "eggGroups": [
    "undiscovered"
  ],
  "baseStats": {
    "hp": 90,
    "attack": 90,
    "defence": 85,
    "special_attack": 125,
    "special_defence": 90,
    "speed": 100
  },
  "evYield": {
    "hp": 0,
    "attack": 0,
    "defence": 0,
    "special_attack": 3,
    "special_defence": 0,
    "speed": 0
  },
  "baseExperienceYield": 290,
  "experienceGroup": "slow",
  "catchRate": 3,
  "eggCycles": 80,
  "baseFriendship": 35,
  "features": [
    "galarian"
  ],
  "baseScale": 1.5,
  "hitbox": {
    "width": 1.2,
    "height": 1.6,
    "fixed": false
  },
  "behaviour": {
    "moving": {
      "fly": {
        "canFly": true
      }
    }
  },
  "drops": {
    "amount": 6,
    "entries": [
      {
        "item": "minecraft:feather",
        "quantityRange": "2-4"
      },
      {
        "item": "minecraft:chicken"
      },
      {
        "item": "cobblemon:magnet"
      }
    ]
  },
  "moves": [
    "1:boltbeak",
    "1:peck",
    "8:thunderwave",
    "15:detect",
    "22:pluck",
    "29:ancientpower",
    "36:charge",
    "43:agility",
    "50:discharge",
    "57:raindance",
    "64:lightscreen",
    "71:drillpeck",
    "78:thunder",
    "85:roost",
    "92:magneticflux",
    "99:zapcannon",
    "tm:aerialace",
    "tm:bravebird",
    "tm:chargebeam",
    "tm:defog",
    "tm:dualwingbeat",
    "tm:facade",
    "tm:flash",
    "tm:fly",
    "tm:snowscape",
    "tm:hiddenpower",
    "tm:lightscreen",
    "tm:pluck",
    "tm:protect",
    "tm:raindance",
    "tm:reflect",
    "tm:rest",
    "tm:return",
    "tm:risingvoltage",
    "tm:roar",
    "tm:rocksmash",
    "tm:roost",
    "tm:sandstorm",
    "tm:sleeptalk",
    "tm:steelwing",
    "tm:substitute",
    "tm:sunnyday",
    "tm:thunder",
    "tm:thunderbolt",
    "tm:thunderwave",
    "tm:toxic",
    "tm:uturn",
    "tm:voltswitch",
    "tm:wildcharge",
    "tm:supercellslam",
    "tutor:agility",
    "tutor:airslash",
    "tutor:batonpass",
    "tutor:bravebird",
    "tutor:confide",
    "tutor:heatwave",
    "tutor:hurricane",
    "tutor:laserfocus",
    "tutor:signalbeam",
    "tutor:skyattack",
    "tutor:snore",
    "tutor:tailwind",
    "tutor:weatherball"
  ],
  "evolutions": [],
  "forms": [
    {
      "name": "Galar",
      "primaryType": "fighting",
      "secondaryType": "flying",
      "maleRatio": -1,
      "height": 16,
      "weight": 582,
      "pokedex": [
        "cobblemon.species.zapdos-galar.desc"
      ],
      "labels": [
        "gen8",
        "legendary",
        "galarian_form"
      ],
      "aspects": [
        "galarian"
      ],
      "abilities": [
        "defiant",
        "h:defiant"
      ],
      "baseStats": {
        "hp": 90,
        "attack": 125,
        "defence": 90,
        "special_attack": 85,
        "special_defence": 90,
        "speed": 100
      },
      "evYield": {
        "hp": 0,
        "attack": 3,
        "defence": 0,
        "special_attack": 0,
        "special_defence": 0,
        "speed": 0
      },
      "eggCycles": 120,
      "drops": {
        "amount": 6,
        "entries": [
          {
            "item": "minecraft:feather",
            "quantityRange": "2-4"
          },
          {
            "item": "minecraft:chicken"
          },
          {
            "item": "cobblemon:razor_claw"
          }
        ]
      },
      "moves": [
        "1:focusenergy",
        "1:peck",
        "1:tailwind",
        "5:rocksmash",
        "10:lightscreen",
        "15:pluck",
        "20:agility",
        "25:ancientpower",
        "30:brickbreak",
        "35:drillpeck",
        "40:quickguard",
        "45:thunderouskick",
        "50:bulkup",
        "55:counter",
        "60:detect",
        "65:closecombat",
        "70:reversal",
        "tm:aerialace",
        "tm:bravebird",
        "tm:brickbreak",
        "tm:bulkup",
        "tm:coaching",
        "tm:dig",
        "tm:dualwingbeat",
        "tm:facade",
        "tm:fly",
        "tm:hypervoice",
        "tm:lightscreen",
        "tm:lowkick",
        "tm:protect",
        "tm:rest",
        "tm:roost",
        "tm:sleeptalk",
        "tm:steelwing",
        "tm:substitute",
        "tm:superpower",
        "tm:taunt",
        "tm:toxic",
        "tm:trailblaze",
        "tm:uturn",
        "tm:hiddenpower",
        "tm:knockoff",
        "tutor:blazekick",
        "tutor:bravebird",
        "tutor:closecombat",
        "tutor:confide",
        "tutor:laserfocus",
        "tutor:lowkick",
        "tutor:signalbeam",
        "tutor:skyattack",
        "tutor:stompingtantrum",
        "tutor:tailwind"
      ],
      "evolutions": [],
      "battleOnly": false
    }
  ]
}