{
  "nationalPokedexNumber": 531,
  "name": "Audino",
  "primaryType": "normal",
  "maleRatio": 0.5,
  "height": 11,
  "weight": 310,
  "pokedex": [
    "cobblemon.species.audino.desc"
  ],
  "labels": [
    "gen5"
  ],
  "aspects": [],
  "abilities": [
    "regenerator",
    "h:regenerator"
  ],
  "eggGroups": [
    "fairy"
  ],
  "baseStats": {
    "hp": 103,
    "attack": 60,
    "defence": 86,
    "special_attack": 60,
    "special_defence": 86,
    "speed": 50
  },
  "evYield": {
    "hp": 2,
    "attack": 0,
    "defence": 0,
    "special_attack": 0,
    "special_defence": 0,
    "speed": 0
  },
  "baseExperienceYield": 390,
  "experienceGroup": "fast",
  "catchRate": 255,
  "eggCycles": 20,
  "baseFriendship": 50,
  "baseScale": 1,
  "hitbox": {
    "width": 1,
    "height": 1,
    "fixed": false
  },
  "drops": {
    "amount": 2,
    "entries": [
      {
        "item": "cobblemon:oran_berry",
        "percentage": 5.0
      },
      {
        "item": "cobblemon:fairy_feather",
        "percentage": 5.0
      }
    ]
  },
  "moves": [
    "1:growl",
    "1:helpinghand",
    "1:hypervoice",
    "1:lastresort",
    "1:mistyterrain",
    "1:playnice",
    "1:pound",
    "5:babydolleyes",
    "9:refresh",
    "13:disarmingvoice",
    "17:doubleslap",
    "21:attract",
    "25:secretpower",
    "29:entrainment",
    "33:takedown",
    "37:healpulse",
    "41:afteryou",
    "45:simplebeam",
    "49:doubleedge",
    "53:wish",
    "65:moonblast",
    "egg:amnesia",
    "egg:bestow",
    "egg:drainingkiss",
    "egg:encore",
    "egg:healbell",
    "egg:healingwish",
    "egg:luckychant",
    "egg:sleeptalk",
    "egg:sweetkiss",
    "egg:wish",
    "egg:yawn",
    "tm:blizzard",
    "tm:calmmind",
    "tm:chargebeam",
    "tm:dazzlinggleam",
    "tm:dig",
    "tm:drainingkiss",
    "tm:drainpunch",
    "tm:facade",
    "tm:fireblast",
    "tm:flamethrower",
    "tm:flash",
    "tm:focuspunch",
    "tm:grassknot",
    "tm:hiddenpower",
    "tm:hypervoice",
    "tm:icebeam",
    "tm:icywind",
    "tm:irontail",
    "tm:lightscreen",
    "tm:lowkick",
    "tm:poweruppunch",
    "tm:protect",
    "tm:psychic",
    "tm:psyshock",
    "tm:raindance",
    "tm:reflect",
    "tm:rest",
    "tm:return",
    "tm:shadowball",
    "tm:sleeptalk",
    "tm:solarbeam",
    "tm:substitute",
    "tm:sunnyday",
    "tm:surf",
    "tm:teleport",
    "tm:thunder",
    "tm:thunderbolt",
    "tm:thunderwave",
    "tm:toxic",
    "tm:trickroom",
    "tm:wildcharge",
    "tm:workup",
    "tutor:afteryou",
    "tutor:bodyslam",
    "tutor:confide",
    "tutor:covet",
    "tutor:encore",
    "tutor:firepunch",
    "tutor:gravity",
    "tutor:healbell",
    "tutor:helpinghand",
    "tutor:hypervoice",
    "tutor:icepunch",
    "tutor:icywind",
    "tutor:knockoff",
    "tutor:laserfocus",
    "tutor:lastresort",
    "tutor:lowkick",
    "tutor:magiccoat",
    "tutor:mistyterrain",
    "tutor:painsplit",
    "tutor:psychup",
    "tutor:roleplay",
    "tutor:signalbeam",
    "tutor:snatch",
    "tutor:snore",
    "tutor:stompingtantrum",
    "tutor:throatchop",
    "tutor:thunderpunch",
    "tutor:uproar",
    "tutor:zenheadbutt"
  ],
  "evolutions": [],
  "forms": [
    {
      "name": "Mega",
      "primaryType": "normal",
      "secondaryType": "fairy",
      "maleRatio": 0.5,
      "height": 15,
      "weight": 320,
      "pokedex": [
        "cobblemon.species.audino-mega.desc"
      ],
      "labels": [
        "gen6",
        "mega"
      ],
      "aspects": [
        "mega"
      ],
      "abilities": [
        "regenerator",
        "h:regenerator"
      ],
      "baseStats": {
        "hp": 103,
        "attack": 60,
        "defence": 126,
        "special_attack": 80,
        "special_defence": 126,
        "speed": 50
      },
      "baseExperienceYield": 425,
      "dynamaxBlocked": true,
      "evolutions": [],
      "battleOnly": true
    }
  ]
}