{
  "implemented": true,
  "nationalPokedexNumber": 550,
  "name": "Basculin",
  "primaryType": "water",
  "maleRatio": 0.5,
  "height": 10,
  "weight": 180,
  "pokedex": [
    "cobblemon.species.basculin.desc"
  ],
  "labels": [
    "gen5",
    "unovan_form"
  ],
  "aspects": [
    "redstriped"
  ],
  "abilities": [
    "reckless",
    "adaptability",
    "h:moldbreaker"
  ],
  "eggGroups": [
    "water_2"
  ],
  "baseStats": {
    "hp": 70,
    "attack": 92,
    "defence": 65,
    "special_attack": 80,
    "special_defence": 55,
    "speed": 98
  },
  "evYield": {
    "hp": 0,
    "attack": 0,
    "defence": 0,
    "special_attack": 0,
    "special_defence": 0,
    "speed": 2
  },
  "baseExperienceYield": 161,
  "experienceGroup": "medium_fast",
  "catchRate": 190,
  "eggCycles": 40,
  "baseFriendship": 50,
  "baseScale": 1,
  "hitbox": {
    "width": 1.18,
    "height": 0.95,
    "fixed": false
  },
  "behaviour": {
    "moving": {
      "canLook": false,
      "walk": {
        "avoidsLand": true
      },
      "swim": {
        "swimSpeed": 0.1,
        "canBreatheUnderwater": true,
        "canSwimInWater": true,
        "canSwimInLava": false
      }
    }
  },
  "drops": {
    "amount": 3,
    "entries": [
      {
        "item": "minecraft:salmon"
      },
      {
        "item": "minecraft:bone_meal",
        "percentage": 5.0
      },
      {
        "item": "cobblemon:deep_sea_tooth",
        "percentage": 5.0
      }
    ]
  },
  "moves": [
    "1:tackle",
    "1:tailwhip",
    "1:watergun",
    "3:uproar",
    "5:headbutt",
    "7:bite",
    "9:aquajet",
    "11:chipaway",
    "14:takedown",
    "17:crunch",
    "20:aquatail",
    "26:doubleedge",
    "30:scaryface",
    "34:flail",
    "38:finalgambit",
    "42:aquafang",
    "46:headsmash",
    "49:waterfall",
    "55:wavecrash",
    "egg:agility",
    "egg:brine",
    "egg:bubblebeam",
    "egg:endeavor",
    "egg:headsmash",
    "egg:muddywater",
    "egg:mudshot",
    "egg:rage",
    "egg:revenge",
    "egg:swift",
    "egg:whirlpool",
    "tm:cut",
    "tm:facade",
    "tm:flipturn",
    "tm:snowscape",
    "tm:hiddenpower",
    "tm:icebeam",
    "tm:icywind",
    "tm:protect",
    "tm:raindance",
    "tm:rest",
    "tm:return",
    "tm:scald",
    "tm:scaleshot",
    "tm:sleeptalk",
    "tm:substitute",
    "tm:superpower",
    "tm:surf",
    "tm:taunt",
    "tm:toxic",
    "tm:waterfall",
    "tutor:agility",
    "tutor:aquatail",
    "tutor:bounce",
    "tutor:confide",
    "tutor:crunch",
    "tutor:endeavor",
    "tutor:hydropump",
    "tutor:icefang",
    "tutor:icywind",
    "tutor:liquidation",
    "tutor:muddywater",
    "tutor:psychicfangs",
    "tutor:reversal",
    "tutor:scaryface",
    "tutor:snore",
    "tutor:superpower",
    "tutor:uproar",
    "tutor:whirlpool",
    "tutor:zenheadbutt"
  ],
  "evolutions": [],
  "forms": [
    {
      "name": "Blue-Striped",
      "primaryType": "water",
      "maleRatio": 0.5,
      "height": 10,
      "weight": 180,
      "pokedex": [
        "cobblemon.species.basculin-bluestriped.desc"
      ],
      "labels": [
        "gen5"
      ],
      "aspects": [
        "bluestriped"
      ],
      "abilities": [
        "rockhead",
        "adaptability",
        "h:moldbreaker"
      ],
      "evolutions": [],
      "battleOnly": false
    },
    {
      "name": "White-Striped",
      "primaryType": "water",
      "maleRatio": 0.5,
      "height": 10,
      "weight": 180,
      "pokedex": [
        "cobblemon.species.basculin-whitestriped.desc"
      ],
      "labels": [
        "gen8a",
        "hisuian_form"
      ],
      "aspects": [
        "whitestriped"
      ],
      "abilities": [
        "rattled",
        "adaptability",
        "h:moldbreaker"
      ],
      "moves": [
        "1:tailwhip",
        "1:watergun",
        "4:tackle",
        "8:flail",
        "12:aquajet",
        "16:bite",
        "20:scaryface",
        "24:headbutt",
        "28:soak",
        "32:crunch",
        "36:takedown",
        "40:uproar",
        "44:wavecrash",
        "48:thrash",
        "52:doubleedge",
        "56:headsmash",
        "egg:endeavor",
        "egg:lastrespects",
        "tm:agility",
        "tm:blizzard",
        "tm:chillingwater",
        "tm:crunch",
        "tm:doubleedge",
        "tm:endeavor",
        "tm:endure",
        "tm:facade",
        "tm:flipturn",
        "tm:hydropump",
        "tm:icebeam",
        "tm:icefang",
        "tm:icywind",
        "tm:liquidation",
        "tm:muddywater",
        "tm:mudshot",
        "tm:protect",
        "tm:psychicfangs",
        "tm:raindance",
        "tm:rest",
        "tm:scaleshot",
        "tm:scaryface",
        "tm:sleeptalk",
        "tm:snowscape",
        "tm:substitute",
        "tm:surf",
        "tm:swift",
        "tm:takedown",
        "tm:terablast",
        "tm:uproar",
        "tm:waterfall",
        "tm:waterpulse",
        "tm:whirlpool",
        "tm:zenheadbutt"
      ],
      "evolutions": [
        {
          "id": "basculin_basculegion",
          "variant": "level_up",
          "result": "basculegion male",
          "consumeHeldItem": false,
          "learnableMoves": [],
          "requirements": [
            {
              "variant": "recoil",
              "amount": 294
            }
          ]
        },
        {
          "id": "basculin_basculegionf",
          "variant": "level_up",
          "result": "basculegion female",
          "consumeHeldItem": false,
          "learnableMoves": [],
          "requirements": [
            {
              "variant": "recoil",
              "amount": 294
            }
          ]
        }
      ],
      "battleOnly": false
    }
  ]
}