{
  "implemented": true,
  "nationalPokedexNumber": 628,
  "name": "Braviary",
  "primaryType": "normal",
  "secondaryType": "flying",
  "maleRatio": 1,
  "height": 15,
  "weight": 410,
  "pokedex": [
    "cobblemon.species.braviary.desc"
  ],
  "labels": [
    "gen5",
    "unovan_form"
  ],
  "aspects": [],
  "abilities": [
    "frisk",
    "sheerforce",
    "h:defiant"
  ],
  "eggGroups": [
    "flying"
  ],
  "baseStats": {
    "hp": 100,
    "attack": 123,
    "defence": 75,
    "special_attack": 57,
    "special_defence": 75,
    "speed": 80
  },
  "evYield": {
    "hp": 0,
    "attack": 2,
    "defence": 0,
    "special_attack": 0,
    "special_defence": 0,
    "speed": 0
  },
  "baseExperienceYield": 179,
  "experienceGroup": "slow",
  "catchRate": 60,
  "eggCycles": 20,
  "baseFriendship": 50,
  "features": [
    "hisuian"
  ],
  "baseScale": 0.8,
  "hitbox": {
    "width": 1.2,
    "height": 2.25,
    "fixed": false
  },
  "behaviour": {
    "moving": {
      "fly": {
        "canFly": true
      }
    }
  },
  "drops": {
    "amount": 5,
    "entries": [
      {
        "item": "minecraft:feather",
        "quantityRange": "0-2"
      },
      {
        "item": "minecraft:chicken"
      },
      {
        "item": "cobblemon:sharp_beak",
        "percentage": 2.5
      },
      {
        "item": "cobblemon:razz_berry",
        "percentage": 5.0
      }
    ]
  },
  "moves": [
    "1:bravebird",
    "1:furyattack",
    "1:leer",
    "1:peck",
    "1:quickattack",
    "1:superpower",
    "1:thrash",
    "1:whirlwind",
    "1:wingattack",
    "14:honeclaws",
    "19:scaryface",
    "23:dualwingbeat",
    "28:slash",
    "32:defog",
    "37:tailwind",
    "41:drillpeck",
    "46:crushclaw",
    "48:skydrop",
    "54:doubleedge",
    "tm:aerialace",
    "tm:bravebird",
    "tm:bulkup",
    "tm:cut",
    "tm:defog",
    "tm:dualwingbeat",
    "tm:facade",
    "tm:fly",
    "tm:hiddenpower",
    "tm:honeclaws",
    "tm:pluck",
    "tm:protect",
    "tm:raindance",
    "tm:rest",
    "tm:return",
    "tm:rockslide",
    "tm:rocksmash",
    "tm:rocktomb",
    "tm:roost",
    "tm:shadowclaw",
    "tm:sleeptalk",
    "tm:steelwing",
    "tm:strength",
    "tm:substitute",
    "tm:sunnyday",
    "tm:superpower",
    "tm:thunderwave",
    "tm:toxic",
    "tm:uturn",
    "tm:workup",
    "tutor:agility",
    "tutor:airslash",
    "tutor:bravebird",
    "tutor:closecombat",
    "tutor:confide",
    "tutor:heatwave",
    "tutor:hurricane",
    "tutor:ironhead",
    "tutor:laserfocus",
    "tutor:scaryface",
    "tutor:skyattack",
    "tutor:snore",
    "tutor:superpower",
    "tutor:tailwind",
    "tutor:zenheadbutt"
  ],
  "preEvolution": "rufflet",
  "evolutions": [],
  "forms": [
    {
      "name": "Hisui",
      "primaryType": "psychic",
      "secondaryType": "flying",
      "maleRatio": 1,
      "height": 17,
      "weight": 434,
      "pokedex": [
        "cobblemon.species.braviary-hisui.desc"
      ],
      "labels": [
        "gen8a",
        "hisuian_form"
      ],
      "aspects": [
        "hisuian"
      ],
      "abilities": [
        "frisk",
        "sheerforce",
        "h:tintedlens"
      ],
      "baseStats": {
        "hp": 115,
        "attack": 58,
        "defence": 80,
        "special_attack": 112,
        "special_defence": 80,
        "speed": 65
      },
      "evYield": {
        "hp": 0,
        "attack": 0,
        "defence": 0,
        "special_attack": 2,
        "special_defence": 0,
        "speed": 0
      },
      "drops": {
        "amount": 5,
        "entries": [
          {
            "item": "minecraft:feather",
            "quantityRange": "0-2"
          },
          {
            "item": "minecraft:chicken"
          },
          {
            "item": "cobblemon:sharp_beak",
            "percentage": 2.5
          },
          {
            "item": "cobblemon:wepear_berry",
            "percentage": 5.0
          }
        ]
      },
      "moves": [
        "1:aircutter",
        "1:airslash",
        "1:esperwing",
        "1:leer",
        "1:peck",
        "1:psychic",
        "1:whirlwind",
        "1:quickattack",
        "5:furyattack",
        "10:wingattack",
        "14:honeclaws",
        "19:scaryface",
        "23:dualwingbeat",
        "28:slash",
        "32:defog",
        "37:tailwind",
        "41:hurricane",
        "46:psyshock",
        "50:heatwave",
        "55:calmmind",
        "63:focusblast",
        "tm:aerialace",
        "tm:bravebird",
        "tm:calmmind",
        "tm:cosmicpower",
        "tm:defog",
        "tm:dualwingbeat",
        "tm:expandingforce",
        "tm:facade",
        "tm:flash",
        "tm:fly",
        "tm:focusblast",
        "tm:futuresight",
        "tm:grassknot",
        "tm:hiddenpower",
        "tm:honeclaws",
        "tm:lightscreen",
        "tm:pluck",
        "tm:protect",
        "tm:psychic",
        "tm:psyshock",
        "tm:raindance",
        "tm:reflect",
        "tm:rest",
        "tm:return",
        "tm:roost",
        "tm:shadowball",
        "tm:shadowclaw",
        "tm:sleeptalk",
        "tm:steelwing",
        "tm:strength",
        "tm:substitute",
        "tm:sunnyday",
        "tm:superpower",
        "tm:teleport",
        "tm:toxic",
        "tm:trickroom",
        "tm:uturn",
        "tm:workup",
        "tm:vacuumwave",
        "tm:psychicnoise",
        "tm:aurasphere",
        "tutor:airslash",
        "tutor:closecombat",
        "tutor:heatwave",
        "tutor:hurricane",
        "tutor:ironhead",
        "tutor:psychocut",
        "tutor:signalbeam",
        "tutor:skyattack",
        "tutor:storedpower",
        "tutor:trick",
        "tutor:zenheadbutt"
      ],
      "preEvolution": "rufflet",
      "evolutions": [],
      "battleOnly": false
    }
  ]
}