{
  "implemented": true,
  "nationalPokedexNumber": 555,
  "name": "Darmanitan",
  "primaryType": "fire",
  "maleRatio": 0.5,
  "height": 13,
  "weight": 929,
  "pokedex": [
    "cobblemon.species.darmanitan.desc"
  ],
  "labels": [
    "gen5",
    "unovan_form"
  ],
  "aspects": [
    "standard-mode"
  ],
  "abilities": [
    "sheerforce",
    "h:zenmode"
  ],
  "eggGroups": [
    "field"
  ],
  "baseStats": {
    "hp": 105,
    "attack": 140,
    "defence": 55,
    "special_attack": 30,
    "special_defence": 55,
    "speed": 95
  },
  "evYield": {
    "hp": 0,
    "attack": 2,
    "defence": 0,
    "special_attack": 0,
    "special_defence": 0,
    "speed": 0
  },
  "baseExperienceYield": 168,
  "experienceGroup": "medium_slow",
  "catchRate": 60,
  "eggCycles": 20,
  "baseFriendship": 50,
  "features": [
    "galarian",
    "zen_mode"
  ],
  "baseScale": 1,
  "hitbox": {
    "width": 1.8,
    "height": 1.8,
    "fixed": false
  },
  "behaviour": {
    "resting": {
      "canSleep": true,
      "light": "0-4"
    },
    "moving": {
      "walk": {
        "walkSpeed": 0.3
      }
    }
  },
  "drops": {
    "amount": 1,
    "entries": [
      {
        "item": "cobblemon:rawst_berry",
        "percentage": 5.0
      }
    ]
  },
  "moves": [
    "1:hammerarm",
    "1:incinerate",
    "1:rage",
    "1:rollout",
    "1:tackle",
    "11:firefang",
    "14:headbutt",
    "17:swagger",
    "19:facade",
    "22:firepunch",
    "25:workup",
    "27:thrash",
    "30:bellydrum",
    "33:flareblitz",
    "39:taunt",
    "47:superpower",
    "54:overheat",
    "egg:encore",
    "egg:endure",
    "egg:extrasensory",
    "egg:flamewheel",
    "egg:focusenergy",
    "egg:focuspunch",
    "egg:hammerarm",
    "egg:sleeptalk",
    "egg:snatch",
    "egg:takedown",
    "egg:yawn",
    "tm:bodypress",
    "tm:brickbreak",
    "tm:bulkup",
    "tm:bulldoze",
    "tm:dig",
    "tm:earthquake",
    "tm:expandingforce",
    "tm:facade",
    "tm:fireblast",
    "tm:flamecharge",
    "tm:flamethrower",
    "tm:focusblast",
    "tm:focuspunch",
    "tm:futuresight",
    "tm:grassknot",
    "tm:gyroball",
    "tm:hiddenpower",
    "tm:overheat",
    "tm:poweruppunch",
    "tm:protect",
    "tm:psychic",
    "tm:rest",
    "tm:return",
    "tm:roar",
    "tm:rockslide",
    "tm:rocksmash",
    "tm:rocktomb",
    "tm:scorchingsands",
    "tm:sleeptalk",
    "tm:solarbeam",
    "tm:stoneedge",
    "tm:strength",
    "tm:substitute",
    "tm:sunnyday",
    "tm:superpower",
    "tm:taunt",
    "tm:teleport",
    "tm:thief",
    "tm:toxic",
    "tm:trickroom",
    "tm:uturn",
    "tm:willowisp",
    "tm:workup",
    "tutor:bodypress",
    "tutor:bodyslam",
    "tutor:confide",
    "tutor:encore",
    "tutor:endeavor",
    "tutor:firefang",
    "tutor:firepunch",
    "tutor:firespin",
    "tutor:flareblitz",
    "tutor:focusenergy",
    "tutor:heatwave",
    "tutor:irondefense",
    "tutor:ironhead",
    "tutor:laserfocus",
    "tutor:mysticalfire",
    "tutor:reversal",
    "tutor:snatch",
    "tutor:snore",
    "tutor:superpower",
    "tutor:trick",
    "tutor:uproar",
    "tutor:zenheadbutt"
  ],
  "preEvolution": "darumaka",
  "evolutions": [],
  "forms": [
    {
      "name": "Zen",
      "primaryType": "fire",
      "secondaryType": "psychic",
      "maleRatio": 0.5,
      "height": 13,
      "weight": 929,
      "pokedex": [
        "cobblemon.species.darmanitan-zen.desc"
      ],
      "labels": [
        "gen5"
      ],
      "aspects": [
        "zen-mode"
      ],
      "baseStats": {
        "hp": 105,
        "attack": 30,
        "defence": 105,
        "special_attack": 140,
        "special_defence": 105,
        "speed": 55
      },
      "evYield": {
        "hp": 0,
        "attack": 0,
        "defence": 0,
        "special_attack": 2,
        "special_defence": 0,
        "speed": 0
      },
      "baseExperienceYield": 189,
      "hitbox": {
        "width": 1.3,
        "height": 1.5,
        "fixed": false
      },
      "evolutions": [],
      "battleOnly": true
    },
    {
      "name": "Galar",
      "primaryType": "ice",
      "maleRatio": 0.5,
      "height": 17,
      "weight": 1200,
      "pokedex": [
        "cobblemon.species.darmanitan-galar.desc"
      ],
      "labels": [
        "gen8",
        "galarian_form"
      ],
      "aspects": [
        "standard-mode",
        "galarian"
      ],
      "abilities": [
        "gorillatactics",
        "h:zenmode"
      ],
      "drops": {
        "amount": 2,
        "entries": [
          {
            "item": "cobblemon:ice_stone",
            "percentage": 5.0
          },
          {
            "item": "cobblemon:occa_berry",
            "percentage": 5.0
          }
        ]
      },
      "moves": [
        "1:iciclecrash",
        "1:powdersnow",
        "1:tackle",
        "4:taunt",
        "8:bite",
        "12:avalanche",
        "16:workup",
        "20:icefang",
        "24:headbutt",
        "28:icepunch",
        "32:uproar",
        "38:bellydrum",
        "44:blizzard",
        "50:thrash",
        "56:superpower",
        "100:icehammer",
        "egg:flamewheel",
        "egg:focuspunch",
        "egg:freezedry",
        "egg:hammerarm",
        "egg:incinerate",
        "egg:poweruppunch",
        "egg:takedown",
        "egg:yawn",
        "tm:blizzard",
        "tm:bodypress",
        "tm:brickbreak",
        "tm:bulkup",
        "tm:bulldoze",
        "tm:dig",
        "tm:earthquake",
        "tm:facade",
        "tm:fireblast",
        "tm:flamethrower",
        "tm:focusblast",
        "tm:aurasphere",
        "tm:frostbreath",
        "tm:grassknot",
        "tm:gyroball",
        "tm:hiddenpower",
        "tm:icebeam",
        "tm:overheat",
        "tm:poweruppunch",
        "tm:protect",
        "tm:psychic",
        "tm:rest",
        "tm:return",
        "tm:rockslide",
        "tm:rocktomb",
        "tm:sleeptalk",
        "tm:stoneedge",
        "tm:substitute",
        "tm:sunnyday",
        "tm:superpower",
        "tm:taunt",
        "tm:thief",
        "tm:toxic",
        "tm:uturn",
        "tm:workup",
        "tutor:bodypress",
        "tutor:bodyslam",
        "tutor:confide",
        "tutor:encore",
        "tutor:endeavor",
        "tutor:firefang",
        "tutor:firepunch",
        "tutor:firespin",
        "tutor:flareblitz",
        "tutor:focusenergy",
        "tutor:heatwave",
        "tutor:icefang",
        "tutor:icepunch",
        "tutor:irondefense",
        "tutor:ironhead",
        "tutor:laserfocus",
        "tutor:reversal",
        "tutor:snatch",
        "tutor:snore",
        "tutor:superpower",
        "tutor:uproar",
        "tutor:zenheadbutt"
      ],
      "preEvolution": "darumaka galarian",
      "evolutions": [],
      "battleOnly": false
    },
    {
      "name": "Galar-Zen",
      "primaryType": "ice",
      "secondaryType": "fire",
      "maleRatio": 0.5,
      "height": 17,
      "weight": 1200,
      "pokedex": [
        "cobblemon.species.darmanitan-galarzen.desc"
      ],
      "labels": [
        "gen8",
        "galarian_form"
      ],
      "aspects": [
        "galarian",
        "zen-mode"
      ],
      "abilities": [
        "gorillatactics",
        "h:zenmode"
      ],
      "baseStats": {
        "hp": 105,
        "attack": 160,
        "defence": 55,
        "special_attack": 30,
        "special_defence": 55,
        "speed": 135
      },
      "evYield": {
        "hp": 0,
        "attack": 0,
        "defence": 0,
        "special_attack": 2,
        "special_defence": 0,
        "speed": 0
      },
      "baseExperienceYield": 189,
      "evolutions": [],
      "battleOnly": true,
      "drops": {
        "amount": 2,
        "entries": [
          {
            "item": "cobblemon:ice_stone",
            "percentage": 5.0
          },
          {
            "item": "cobblemon:occa_berry",
            "percentage": 5.0
          }
        ]
      }
    }
  ]
}