{
  "implemented": true,
  "nationalPokedexNumber": 554,
  "name": "Darumaka",
  "primaryType": "fire",
  "maleRatio": 0.5,
  "height": 6,
  "weight": 375,
  "pokedex": [
    "cobblemon.species.darumaka.desc"
  ],
  "labels": [
    "gen5",
    "unovan_form"
  ],
  "aspects": [],
  "abilities": [
    "hustle",
    "h:innerfocus"
  ],
  "eggGroups": [
    "field"
  ],
  "baseStats": {
    "hp": 70,
    "attack": 90,
    "defence": 45,
    "special_attack": 15,
    "special_defence": 45,
    "speed": 50
  },
  "evYield": {
    "hp": 0,
    "attack": 1,
    "defence": 0,
    "special_attack": 0,
    "special_defence": 0,
    "speed": 0
  },
  "baseExperienceYield": 63,
  "experienceGroup": "medium_slow",
  "catchRate": 120,
  "eggCycles": 20,
  "baseFriendship": 50,
  "features": [
    "galarian"
  ],
  "baseScale": 1,
  "hitbox": {
    "width": 0.7,
    "height": 0.83,
    "fixed": false
  },
  "behaviour": {
    "resting": {
      "canSleep": true,
      "light": "0-4"
    },
    "moving": {
      "walk": {
        "walkSpeed": 0.2
      }
    }
  },
  "drops": {
    "amount": 1,
    "entries": [
      {
        "item": "cobblemon:rawst_berry",
        "percentage": 2.5
      }
    ]
  },
  "moves": [
    "1:tackle",
    "3:rollout",
    "6:incinerate",
    "9:rage",
    "11:firefang",
    "14:headbutt",
    "17:uproar",
    "19:facade",
    "22:firepunch",
    "25:workup",
    "27:thrash",
    "30:bellydrum",
    "33:flareblitz",
    "35:taunt",
    "39:superpower",
    "42:overheat",
    "egg:encore",
    "egg:endure",
    "egg:extrasensory",
    "egg:flamewheel",
    "egg:focusenergy",
    "egg:focuspunch",
    "egg:hammerarm",
    "egg:sleeptalk",
    "egg:snatch",
    "egg:takedown",
    "egg:yawn",
    "tm:brickbreak",
    "tm:dig",
    "tm:facade",
    "tm:fireblast",
    "tm:flamecharge",
    "tm:flamethrower",
    "tm:focuspunch",
    "tm:grassknot",
    "tm:gyroball",
    "tm:hiddenpower",
    "tm:overheat",
    "tm:poweruppunch",
    "tm:protect",
    "tm:rest",
    "tm:return",
    "tm:roar",
    "tm:rockslide",
    "tm:rocksmash",
    "tm:rocktomb",
    "tm:scorchingsands",
    "tm:sleeptalk",
    "tm:solarbeam",
    "tm:strength",
    "tm:substitute",
    "tm:sunnyday",
    "tm:superpower",
    "tm:taunt",
    "tm:thief",
    "tm:toxic",
    "tm:uturn",
    "tm:willowisp",
    "tm:workup",
    "tutor:confide",
    "tutor:encore",
    "tutor:endeavor",
    "tutor:firefang",
    "tutor:firepunch",
    "tutor:firespin",
    "tutor:flareblitz",
    "tutor:focusenergy",
    "tutor:heatwave",
    "tutor:snatch",
    "tutor:snore",
    "tutor:superpower",
    "tutor:uproar",
    "tutor:zenheadbutt"
  ],
  "evolutions": [
    {
      "id": "darumaka_darmanitan",
      "variant": "level_up",
      "result": "darmanitan blazing_mode=standard",
      "consumeHeldItem": false,
      "learnableMoves": [
        "hammerarm"
      ],
      "requirements": [
        {
          "variant": "level",
          "minLevel": 35
        }
      ]
    }
  ],
  "forms": [
    {
      "name": "Galar",
      "primaryType": "ice",
      "maleRatio": 0.5,
      "height": 7,
      "weight": 400,
      "pokedex": [
        "cobblemon.species.darumaka-galar.desc"
      ],
      "labels": [
        "gen8",
        "galarian_form"
      ],
      "aspects": [
        "galarian"
      ],
      "drops": {
        "amount": 2,
        "entries": [
          {
            "item": "cobblemon:ice_stone",
            "percentage": 2.5
          },
          {
            "item": "cobblemon:occa_berry",
            "percentage": 2.5
          }
        ]
      },
      "moves": [
        "1:powdersnow",
        "1:tackle",
        "4:taunt",
        "8:bite",
        "12:avalanche",
        "16:workup",
        "20:icefang",
        "24:headbutt",
        "28:icepunch",
        "32:uproar",
        "36:bellydrum",
        "40:blizzard",
        "44:thrash",
        "48:superpower",
        "egg:flamewheel",
        "egg:focuspunch",
        "egg:freezedry",
        "egg:hammerarm",
        "egg:incinerate",
        "egg:poweruppunch",
        "egg:takedown",
        "egg:yawn",
        "tm:blizzard",
        "tm:brickbreak",
        "tm:dig",
        "tm:facade",
        "tm:fireblast",
        "tm:flamethrower",
        "tm:frostbreath",
        "tm:grassknot",
        "tm:gyroball",
        "tm:hiddenpower",
        "tm:icebeam",
        "tm:overheat",
        "tm:poweruppunch",
        "tm:protect",
        "tm:rest",
        "tm:return",
        "tm:rockslide",
        "tm:rocktomb",
        "tm:sleeptalk",
        "tm:substitute",
        "tm:sunnyday",
        "tm:superpower",
        "tm:taunt",
        "tm:thief",
        "tm:toxic",
        "tm:uturn",
        "tm:workup",
        "tutor:confide",
        "tutor:encore",
        "tutor:endeavor",
        "tutor:firefang",
        "tutor:firepunch",
        "tutor:firespin",
        "tutor:flareblitz",
        "tutor:focusenergy",
        "tutor:heatwave",
        "tutor:icefang",
        "tutor:icepunch",
        "tutor:snatch",
        "tutor:snore",
        "tutor:superpower",
        "tutor:uproar",
        "tutor:zenheadbutt"
      ],
      "evolutions": [
        {
          "id": "darumaka_darmanitangalar",
          "variant": "item_interact",
          "result": "darmanitan blazing_mode=standard galarian",
          "consumeHeldItem": true,
          "learnableMoves": [
            "iciclecrash"
          ],
          "requirements": [],
          "requiredContext": "cobblemon:ice_stone"
        }
      ],
      "battleOnly": false
    }
  ]
}