{
  "nationalPokedexNumber": 646,
  "name": "Kyurem",
  "primaryType": "dragon",
  "secondaryType": "ice",
  "maleRatio": -1,
  "height": 30,
  "weight": 3250,
  "pokedex": [
    "cobblemon.species.kyurem.desc"
  ],
  "labels": [
    "gen5",
    "legendary",
    "restricted"
  ],
  "aspects": [],
  "abilities": [
    "pressure",
    "h:pressure"
  ],
  "eggGroups": [
    "undiscovered"
  ],
  "baseStats": {
    "hp": 125,
    "attack": 130,
    "defence": 90,
    "special_attack": 130,
    "special_defence": 90,
    "speed": 95
  },
  "evYield": {
    "hp": 1,
    "attack": 1,
    "defence": 0,
    "special_attack": 1,
    "special_defence": 0,
    "speed": 0
  },
  "baseExperienceYield": 330,
  "experienceGroup": "slow",
  "catchRate": 3,
  "eggCycles": 120,
  "baseFriendship": 0,
  "baseScale": 0.8,
  "hitbox": {
    "width": 3.5,
    "height": 3.5,
    "fixed": false
  },
  "moves": [
    "1:dragonrage",
    "1:freezedry",
    "1:icywind",
    "8:imprison",
    "15:ancientpower",
    "22:icebeam",
    "29:dragonbreath",
    "36:slash",
    "43:scaryface",
    "50:glaciate",
    "57:dragonpulse",
    "64:nobleroar",
    "71:endeavor",
    "78:blizzard",
    "85:outrage",
    "92:hypervoice",
    "tm:blizzard",
    "tm:bodypress",
    "tm:cut",
    "tm:dracobarrage",
    "tm:dragonclaw",
    "tm:dragondance",
    "tm:dragonpulse",
    "tm:dragontail",
    "tm:dualwingbeat",
    "tm:facade",
    "tm:flashcannon",
    "tm:fly",
    "tm:focusblast",
    "tm:aurasphere",
    "tm:frostbreath",
    "tm:snowscape",
    "tm:hiddenpower",
    "tm:honeclaws",
    "tm:hypervoice",
    "tm:icebeam",
    "tm:icywind",
    "tm:lightscreen",
    "tm:protect",
    "tm:psychic",
    "tm:raindance",
    "tm:reflect",
    "tm:rest",
    "tm:return",
    "tm:rockslide",
    "tm:rocksmash",
    "tm:rocktomb",
    "tm:roost",
    "tm:scaleshot",
    "tm:shadowball",
    "tm:shadowclaw",
    "tm:sleeptalk",
    "tm:steelwing",
    "tm:stoneedge",
    "tm:strength",
    "tm:substitute",
    "tm:sunnyday",
    "tm:toxic",
    "tutor:bodypress",
    "tutor:breakingswipe",
    "tutor:confide",
    "tutor:dracometeor",
    "tutor:dragondance",
    "tutor:earthpower",
    "tutor:endeavor",
    "tutor:helpinghand",
    "tutor:hypervoice",
    "tutor:icepunch",
    "tutor:iciclespear",
    "tutor:icywind",
    "tutor:ironhead",
    "tutor:laserfocus",
    "tutor:outrage",
    "tutor:scaryface",
    "tutor:signalbeam",
    "tutor:snore",
    "tutor:weatherball",
    "tutor:zenheadbutt"
  ],
  "evolutions": [],
  "forms": [
    {
      "name": "White",
      "primaryType": "dragon",
      "secondaryType": "ice",
      "maleRatio": -1,
      "height": 36,
      "weight": 3250,
      "pokedex": [
        "cobblemon.species.kyurem-white.desc"
      ],
      "labels": [
        "gen5",
        "legendary",
        "restricted"
      ],
      "aspects": [
        "white-fusion"
      ],
      "abilities": [
        "turboblaze",
        "h:turboblaze"
      ],
      "baseStats": {
        "hp": 125,
        "attack": 120,
        "defence": 90,
        "special_attack": 170,
        "special_defence": 100,
        "speed": 95
      },
      "evYield": {
        "hp": 0,
        "attack": 0,
        "defence": 0,
        "special_attack": 3,
        "special_defence": 0,
        "speed": 0
      },
      "baseExperienceYield": 350,
      "moves": [
        "1:dragonrage",
        "1:freezedry",
        "1:icywind",
        "8:imprison",
        "15:ancientpower",
        "22:icebeam",
        "29:dragonbreath",
        "36:slash",
        "form_change:fusionflare",
        "form_change:iceburn",
        "57:dragonpulse",
        "64:nobleroar",
        "71:endeavor",
        "78:blizzard",
        "85:outrage",
        "92:hypervoice",
        "tm:blizzard",
        "tm:bodypress",
        "tm:cut",
        "tm:dracobarrage",
        "tm:dragonclaw",
        "tm:dragondance",
        "tm:dragonpulse",
        "tm:dragontail",
        "tm:dualwingbeat",
        "tm:facade",
        "tm:flashcannon",
        "tm:fly",
        "tm:focusblast",
        "tm:aurasphere",
        "tm:frostbreath",
        "tm:snowscape",
        "tm:hiddenpower",
        "tm:honeclaws",
        "tm:hypervoice",
        "tm:icebeam",
        "tm:icywind",
        "tm:lightscreen",
        "tm:protect",
        "tm:psychic",
        "tm:raindance",
        "tm:reflect",
        "tm:rest",
        "tm:return",
        "tm:rockslide",
        "tm:rocksmash",
        "tm:rocktomb",
        "tm:roost",
        "tm:scaleshot",
        "tm:shadowball",
        "tm:shadowclaw",
        "tm:sleeptalk",
        "tm:steelwing",
        "tm:stoneedge",
        "tm:strength",
        "tm:substitute",
        "tm:sunnyday",
        "tm:toxic",
        "tutor:bodypress",
        "tutor:breakingswipe",
        "tutor:confide",
        "tutor:dragondance",
        "tutor:earthpower",
        "tutor:endeavor",
        "tutor:helpinghand",
        "tutor:hypervoice",
        "tutor:icepunch",
        "tutor:iciclespear",
        "tutor:icywind",
        "tutor:ironhead",
        "tutor:laserfocus",
        "tutor:outrage",
        "tutor:scaryface",
        "tutor:signalbeam",
        "tutor:snore",
        "tutor:weatherball",
        "tutor:zenheadbutt"
      ],
      "evolutions": [],
      "battleOnly": false
    },
    {
      "name": "Black",
      "primaryType": "dragon",
      "secondaryType": "ice",
      "maleRatio": -1,
      "height": 33,
      "weight": 3250,
      "pokedex": [
        "cobblemon.species.kyurem-black.desc"
      ],
      "labels": [
        "gen5",
        "legendary",
        "restricted"
      ],
      "aspects": [
        "black-fusion"
      ],
      "abilities": [
        "teravolt",
        "h:teravolt"
      ],
      "baseStats": {
        "hp": 125,
        "attack": 170,
        "defence": 100,
        "special_attack": 120,
        "special_defence": 90,
        "speed": 95
      },
      "evYield": {
        "hp": 0,
        "attack": 3,
        "defence": 0,
        "special_attack": 0,
        "special_defence": 0,
        "speed": 0
      },
      "baseExperienceYield": 350,
      "moves": [
        "1:dragonrage",
        "1:freezedry",
        "1:icywind",
        "8:imprison",
        "15:ancientpower",
        "22:icebeam",
        "29:dragonbreath",
        "36:slash",
        "form_change:fusionbolt",
        "form_change:freezeshock",
        "57:dragonpulse",
        "64:nobleroar",
        "71:endeavor",
        "78:blizzard",
        "85:outrage",
        "92:hypervoice",
        "tm:blizzard",
        "tm:bodypress",
        "tm:cut",
        "tm:dracobarrage",
        "tm:dragonclaw",
        "tm:dragondance",
        "tm:dragonpulse",
        "tm:dragontail",
        "tm:dualwingbeat",
        "tm:facade",
        "tm:flashcannon",
        "tm:fly",
        "tm:focusblast",
        "tm:aurasphere",
        "tm:frostbreath",
        "tm:snowscape",
        "tm:hiddenpower",
        "tm:honeclaws",
        "tm:hypervoice",
        "tm:icebeam",
        "tm:icywind",
        "tm:lightscreen",
        "tm:protect",
        "tm:psychic",
        "tm:raindance",
        "tm:reflect",
        "tm:rest",
        "tm:return",
        "tm:rockslide",
        "tm:rocksmash",
        "tm:rocktomb",
        "tm:roost",
        "tm:scaleshot",
        "tm:shadowball",
        "tm:shadowclaw",
        "tm:sleeptalk",
        "tm:steelwing",
        "tm:stoneedge",
        "tm:strength",
        "tm:substitute",
        "tm:sunnyday",
        "tm:toxic",
        "tutor:bodypress",
        "tutor:breakingswipe",
        "tutor:confide",
        "tutor:dragondance",
        "tutor:earthpower",
        "tutor:endeavor",
        "tutor:helpinghand",
        "tutor:hypervoice",
        "tutor:icepunch",
        "tutor:iciclespear",
        "tutor:icywind",
        "tutor:ironhead",
        "tutor:laserfocus",
        "tutor:outrage",
        "tutor:scaryface",
        "tutor:signalbeam",
        "tutor:snore",
        "tutor:weatherball",
        "tutor:zenheadbutt"
      ],
      "evolutions": [],
      "battleOnly": false
    }
  ]
}
