{
  "implemented": true,
  "nationalPokedexNumber": 549,
  "name": "Lilligant",
  "primaryType": "grass",
  "maleRatio": 0,
  "height": 11,
  "weight": 163,
  "pokedex": [
    "cobblemon.species.lilligant.desc"
  ],
  "labels": [
    "gen5",
    "unovan_form"
  ],
  "aspects": [],
  "abilities": [
    "chlorophyll",
    "owntempo",
    "h:leafguard"
  ],
  "eggGroups": [
    "grass"
  ],
  "baseStats": {
    "hp": 70,
    "attack": 60,
    "defence": 75,
    "special_attack": 110,
    "special_defence": 75,
    "speed": 90
  },
  "evYield": {
    "hp": 0,
    "attack": 0,
    "defence": 0,
    "special_attack": 2,
    "special_defence": 0,
    "speed": 0
  },
  "baseExperienceYield": 168,
  "experienceGroup": "medium_fast",
  "catchRate": 75,
  "eggCycles": 20,
  "baseFriendship": 50,
  "features": [
    "hisuian"
  ],
  "baseScale": 0.6,
  "hitbox": {
    "width": 1.1,
    "height": 2.3,
    "fixed": false
  },
  "drops": {
    "amount": 3,
    "entries": [
      {
        "item": "cobblemon:revival_herb",
        "percentage": 5.0
      },
      {
        "item": "cobblemon:persim_berry",
        "percentage": 5.0
      },
      {
        "item": "cobblemon:absorb_bulb",
        "percentage": 5.0
      }
    ]
  },
  "moves": [
    "1:babydolleyes",
    "1:growth",
    "1:leechseed",
    "1:megadrain",
    "1:synthesis",
    "10:teeterdance",
    "18:sleeppowder",
    "28:quiverdance",
    "33:recover",
    "46:petaldance",
    "50:petalblizzard",
    "54:chloroblast",
    "65:appleacid",
    "70:seedflare",
    "egg:bide",
    "egg:charm",
    "egg:encore",
    "egg:endure",
    "egg:grasswhistle",
    "egg:healingwish",
    "egg:ingrain",
    "egg:naturalgift",
    "egg:sweetscent",
    "egg:worryseed",
    "tm:cut",
    "tm:energyball",
    "tm:facade",
    "tm:flash",
    "tm:gigadrain",
    "tm:grassknot",
    "tm:grassyglide",
    "tm:hiddenpower",
    "tm:lightscreen",
    "tm:protect",
    "tm:rest",
    "tm:return",
    "tm:sleeptalk",
    "tm:solarbeam",
    "tm:solarblade",
    "tm:substitute",
    "tm:sunnyday",
    "tm:swordsdance",
    "tm:toxic",
    "tm:trailblaze",
    "tutor:afteryou",
    "tutor:confide",
    "tutor:covet",
    "tutor:encore",
    "tutor:grassyterrain",
    "tutor:healbell",
    "tutor:helpinghand",
    "tutor:laserfocus",
    "tutor:leafblade",
    "tutor:leafstorm",
    "tutor:pollenpuff",
    "tutor:powergem",
    "tutor:roleplay",
    "tutor:seedbomb",
    "tutor:snore",
    "tutor:solarblade",
    "tutor:synthesis",
    "tutor:worryseed",
    "tutor:weatherball"
  ],
  "preEvolution": "petilil",
  "evolutions": [],
  "forms": [
    {
      "name": "Hisui",
      "primaryType": "grass",
      "secondaryType": "fighting",
      "maleRatio": 0,
      "height": 12,
      "weight": 192,
      "pokedex": [
        "cobblemon.species.lilligant-hisui.desc"
      ],
      "labels": [
        "gen8a",
        "hisuian_form"
      ],
      "aspects": [
        "hisuian"
      ],
      "abilities": [
        "chlorophyll",
        "hustle",
        "h:leafguard"
      ],
      "baseStats": {
        "hp": 70,
        "attack": 105,
        "defence": 75,
        "special_attack": 50,
        "special_defence": 75,
        "speed": 105
      },
      "evYield": {
        "hp": 0,
        "attack": 1,
        "defence": 0,
        "special_attack": 0,
        "special_defence": 0,
        "speed": 1
      },
      "baseScale": 0.8,
      "hitbox": {
        "width": 0.5,
        "height": 2.1,
        "fixed": false
      },
      "drops": {
        "amount": 2,
        "entries": [
          {
            "item": "cobblemon:revival_herb",
            "percentage": 5.0
          },
          {
            "item": "cobblemon:coba_berry",
            "percentage": 5.0
          }
        ]
      },
      "moves": [
        "1:babydolleyes",
        "1:brickbreak",
        "1:growth",
        "1:leechseed",
        "1:megadrain",
        "1:synthesis",
        "10:teeterdance",
        "18:sleeppowder",
        "26:energyball",
        "33:recover",
        "38:drainpunch",
        "46:leafblade",
        "50:petalblizzard",
        "60:closecombat",
        "64:victorydance",
        "egg:bide",
        "egg:charm",
        "egg:encore",
        "egg:endure",
        "egg:grasswhistle",
        "egg:healingwish",
        "egg:ingrain",
        "egg:naturalgift",
        "egg:sweetscent",
        "egg:worryseed",
        "tm:aerialace",
        "tm:brickbreak",
        "tm:bulkup",
        "tm:bulletseed",
        "tm:drainpunch",
        "tm:energyball",
        "tm:facade",
        "tm:focusblast",
        "tm:focuspunch",
        "tm:gigadrain",
        "tm:grassknot",
        "tm:grassyglide",
        "tm:hiddenpower",
        "tm:icespinner",
        "tm:lowkick",
        "tm:lowsweep",
        "tm:poweruppunch",
        "tm:protect",
        "tm:rest",
        "tm:return",
        "tm:rockslide",
        "tm:rocksmash",
        "tm:rocktomb",
        "tm:sleeptalk",
        "tm:solarbeam",
        "tm:solarblade",
        "tm:stoneedge",
        "tm:strength",
        "tm:substitute",
        "tm:sunnyday",
        "tm:superpower",
        "tm:toxic",
        "tm:trailblaze",
        "tm:vacuumwave",
        "tutor:aurasphere",
        "tutor:closecombat",
        "tutor:knockoff",
        "tutor:leafblade",
        "tutor:leafstorm",
        "tutor:lowkick",
        "tutor:seedbomb",
        "tutor:thunderpunch"
      ],
      "preEvolution": "petilil",
      "evolutions": [],
      "battleOnly": false
    }
  ]
}