{
  "implemented": true,
  "nationalPokedexNumber": 503,
  "name": "Samurott",
  "primaryType": "water",
  "secondaryType": "steel",
  "maleRatio": 0.875,
  "height": 15,
  "weight": 946,
  "pokedex": [
    "cobblemon.species.samurott.desc"
  ],
  "labels": [
    "gen5",
    "unovan_form"
  ],
  "aspects": [],
  "abilities": [
    "torrent",
    "shellarmor",
    "h:sharpness"
  ],
  "eggGroups": [
    "field"
  ],
  "baseStats": {
    "hp": 95,
    "attack": 108,
    "defence": 85,
    "special_attack": 95,
    "special_defence": 70,
    "speed": 90
  },
  "evYield": {
    "hp": 0,
    "attack": 0,
    "defence": 0,
    "special_attack": 3,
    "special_defence": 0,
    "speed": 0
  },
  "baseExperienceYield": 264,
  "experienceGroup": "medium_slow",
  "catchRate": 45,
  "eggCycles": 20,
  "baseFriendship": 50,
  "features": [
    "hisuian"
  ],
  "baseScale": 0.8,
  "hitbox": {
    "width": 1.6,
    "height": 2.2,
    "fixed": false
  },
  "behaviour": {
    "resting": {
      "canSleep": true,
      "light": "0-4"
    },
    "moving": {
      "swim": {
        "canBreatheUnderwater": true
      }
    }
  },
  "drops": {
    "amount": 2,
    "entries": [
      {
        "item": "cobblemon:mystic_water",
        "percentage": 25.0
      },
      {
        "item": "cobblemon:shell_bell",
        "percentage": 25.0
      }
    ]
  },
  "moves": [
    "1:aquajet",
    "1:megahorn",
    "1:slash",
    "1:smartstrike",
    "1:tackle",
    "1:watersport",
    "5:tailwhip",
    "7:watergun",
    "13:focusenergy",
    "18:knockoff",
    "21:furycutter",
    "26:scald",
    "28:airslash",
    "34:detect",
    "39:encore",
    "46:aquatail",
    "49:retaliate",
    "51:swordsdance",
    "54:hydropump",
    "56:sacredsword",
    "59:razorshell",
    "80:shellsmash",
    "egg:airslash",
    "egg:aquacutter",
    "egg:assurance",
    "egg:brine",
    "egg:copycat",
    "egg:detect",
    "egg:nightslash",
    "egg:sacredsword",
    "egg:screech",
    "egg:trumpcard",
    "tm:aerialace",
    "tm:blizzard",
    "tm:cut",
    "tm:dig",
    "tm:dragontail",
    "tm:facade",
    "tm:flashcannon",
    "tm:flipturn",
    "tm:grassknot",
    "tm:snowscape",
    "tm:hiddenpower",
    "tm:icebeam",
    "tm:icywind",
    "tm:irontail",
    "tm:protect",
    "tm:raindance",
    "tm:rest",
    "tm:return",
    "tm:rocksmash",
    "tm:scald",
    "tm:sleeptalk",
    "tm:steelbeam",
    "tm:strength",
    "tm:substitute",
    "tm:superpower",
    "tm:surf",
    "tm:swordsdance",
    "tm:taunt",
    "tm:toxic",
    "tm:waterfall",
    "tm:workup",
    "tm:xscissor",
    "tutor:airslash",
    "tutor:aquatail",
    "tutor:block",
    "tutor:confide",
    "tutor:covet",
    "tutor:encore",
    "tutor:focusenergy",
    "tutor:helpinghand",
    "tutor:hydrocannon",
    "tutor:hydropump",
    "tutor:icywind",
    "tutor:ironhead",
    "tutor:knockoff",
    "tutor:liquidation",
    "tutor:megahorn",
    "tutor:razorshell",
    "tutor:screech",
    "tutor:snore",
    "tutor:superpower",
    "tutor:waterpledge",
    "tutor:vacuumwave"
  ],
  "preEvolution": "dewott",
  "evolutions": [],
  "forms": [
    {
      "name": "Hisui",
      "primaryType": "water",
      "secondaryType": "dark",
      "maleRatio": 0.875,
      "height": 15,
      "weight": 582,
      "pokedex": [
        "cobblemon.species.samurott-hisui.desc"
      ],
      "labels": [
        "gen8a",
        "hisuian_form"
      ],
      "aspects": [
        "hisuian"
      ],
      "abilities": [
        "torrent",
        "shellarmor",
        "h:sharpness"
      ],
      "baseStats": {
        "hp": 95,
        "attack": 108,
        "defence": 85,
        "special_attack": 95,
        "special_defence": 70,
        "speed": 90
      },
      "evYield": {
        "hp": 0,
        "attack": 3,
        "defence": 0,
        "special_attack": 0,
        "special_defence": 0,
        "speed": 0
      },
      "baseScale": 0.75,
      "moves": [
        "1:aquajet",
        "1:ceaselessedge",
        "1:megahorn",
        "1:slash",
        "1:tackle",
        "1:watersport",
        "5:tailwhip",
        "7:watergun",
        "13:focusenergy",
        "18:knockoff",
        "21:furycutter",
        "26:scald",
        "28:airslash",
        "39:encore",
        "43:nightslash",
        "46:aquatail",
        "48:darkpulse",
        "51:retaliate",
        "54:swordsdance",
        "56:suckerpunch",
        "59:sacredsword",
        "62:razorshell",
        "80:shellsmash",
        "tm:aerialace",
        "tm:blizzard",
        "tm:brickbreak",
        "tm:cut",
        "tm:darkpulse",
        "tm:dragontail",
        "tm:facade",
        "tm:flipturn",
        "tm:snowscape",
        "tm:hiddenpower",
        "tm:icebeam",
        "tm:icywind",
        "tm:irontail",
        "tm:protect",
        "tm:raindance",
        "tm:rest",
        "tm:return",
        "tm:scald",
        "tm:sleeptalk",
        "tm:strength",
        "tm:substitute",
        "tm:surf",
        "tm:swordsdance",
        "tm:taunt",
        "tm:thief",
        "tm:toxic",
        "tm:waterfall",
        "tm:xscissor",
        "tutor:aquatail",
        "tutor:crosspoison",
        "tutor:crunch",
        "tutor:foulplay",
        "tutor:hydrocannon",
        "tutor:hydropump",
        "tutor:icywind",
        "tutor:knockoff",
        "tutor:liquidation",
        "tutor:megahorn",
        "tutor:muddywater",
        "tutor:psychocut",
        "tutor:throatchop",
        "tutor:vacuumwave"
      ],
      "preEvolution": "dewott",
      "evolutions": [],
      "battleOnly": false
    }
  ]
}