{
  "nationalPokedexNumber": 618,
  "name": "Stunfisk",
  "primaryType": "ground",
  "secondaryType": "electric",
  "maleRatio": 0.5,
  "height": 7,
  "weight": 110,
  "pokedex": [
    "cobblemon.species.stunfisk.desc"
  ],
  "labels": [
    "gen5",
    "unovan_form"
  ],
  "aspects": [],
  "abilities": [
    "static",
    "waterabsorb",
    "h:sandveil"
  ],
  "eggGroups": [
    "water_1",
    "amorphous"
  ],
  "baseStats": {
    "hp": 109,
    "attack": 66,
    "defence": 84,
    "special_attack": 81,
    "special_defence": 99,
    "speed": 32
  },
  "evYield": {
    "hp": 2,
    "attack": 0,
    "defence": 0,
    "special_attack": 0,
    "special_defence": 0,
    "speed": 0
  },
  "baseExperienceYield": 165,
  "experienceGroup": "medium_fast",
  "catchRate": 75,
  "eggCycles": 20,
  "baseFriendship": 70,
  "features": [
    "galarian"
  ],
  "baseScale": 1,
  "hitbox": {
    "width": 1,
    "height": 1,
    "fixed": false
  },
  "behaviour": {
    "moving": {
      "swim": {
        "canSwimInWater": true,
        "canSwimInLava": false,
        "canBreatheUnderwater": true,
        "swimSpeed": "0.2"
      }
    }
  },
  "drops": {
    "amount": 3,
    "entries": [
      {
        "item": "minecraft:mud",
        "quantityRange": "0-2"
      },
      {
        "item": "cobblemon:passho_berry",
        "percentage": 5.0
      }
    ]
  },
  "moves": [
    "1:flail",
    "1:mudslap",
    "1:mudsport",
    "1:tackle",
    "1:watergun",
    "5:bide",
    "9:thundershock",
    "13:mudshot",
    "17:camouflage",
    "21:mudbomb",
    "25:discharge",
    "30:endure",
    "35:bounce",
    "40:muddywater",
    "45:thunderbolt",
    "50:earthpower",
    "egg:astonish",
    "egg:curse",
    "egg:earthpower",
    "egg:eerieimpulse",
    "egg:mefirst",
    "egg:painsplit",
    "egg:reflecttype",
    "egg:shockwave",
    "egg:sleeptalk",
    "egg:spark",
    "egg:spite",
    "egg:yawn",
    "tm:bulldoze",
    "tm:dig",
    "tm:earthquake",
    "tm:electroweb",
    "tm:facade",
    "tm:flash",
    "tm:hiddenpower",
    "tm:protect",
    "tm:raindance",
    "tm:rest",
    "tm:return",
    "tm:risingvoltage",
    "tm:rockslide",
    "tm:rocktomb",
    "tm:sandstorm",
    "tm:scald",
    "tm:sleeptalk",
    "tm:sludgebomb",
    "tm:sludgewave",
    "tm:stealthrock",
    "tm:stoneedge",
    "tm:substitute",
    "tm:surf",
    "tm:thunder",
    "tm:thunderbolt",
    "tm:thunderwave",
    "tm:toxic",
    "tm:voltswitch",
    "tutor:aquatail",
    "tutor:bounce",
    "tutor:confide",
    "tutor:earthpower",
    "tutor:electricterrain",
    "tutor:electroweb",
    "tutor:endeavor",
    "tutor:foulplay",
    "tutor:magnetrise",
    "tutor:muddywater",
    "tutor:painsplit",
    "tutor:snore",
    "tutor:spite",
    "tutor:stompingtantrum",
    "tutor:uproar"
  ],
  "evolutions": [],
  "forms": [
    {
      "name": "Galar",
      "primaryType": "ground",
      "secondaryType": "steel",
      "maleRatio": 0.5,
      "height": 7,
      "weight": 205,
      "pokedex": [
        "cobblemon.species.stunfisk-galar.desc"
      ],
      "labels": [
        "gen8",
        "galarian_form"
      ],
      "aspects": [
        "galarian"
      ],
      "abilities": [
        "filter",
        "h:ironbarbs"
      ],
      "baseStats": {
        "hp": 109,
        "attack": 81,
        "defence": 99,
        "special_attack": 66,
        "special_defence": 84,
        "speed": 32
      },
      "baseFriendship": 50,
      "moves": [
        "1:metalclaw",
        "1:mudslap",
        "1:tackle",
        "1:watergun",
        "5:endure",
        "10:mudshot",
        "15:revenge",
        "20:metalsound",
        "25:suckerpunch",
        "30:irondefense",
        "35:bounce",
        "40:muddywater",
        "45:snaptrap",
        "50:flail",
        "egg:aquatail",
        "egg:astonish",
        "egg:bind",
        "egg:counter",
        "egg:curse",
        "egg:painsplit",
        "egg:reflecttype",
        "egg:spite",
        "egg:yawn",
        "tm:bulldoze",
        "tm:dig",
        "tm:earthquake",
        "tm:facade",
        "tm:flashcannon",
        "tm:hiddenpower",
        "tm:protect",
        "tm:raindance",
        "tm:rest",
        "tm:return",
        "tm:rockslide",
        "tm:rocktomb",
        "tm:sandstorm",
        "tm:scald",
        "tm:sleeptalk",
        "tm:sludgebomb",
        "tm:sludgewave",
        "tm:stealthrock",
        "tm:steelbeam",
        "tm:stoneedge",
        "tm:substitute",
        "tm:surf",
        "tm:terrainpulse",
        "tm:thunderwave",
        "tm:toxic",
        "tutor:aquatail",
        "tutor:bounce",
        "tutor:confide",
        "tutor:crunch",
        "tutor:earthpower",
        "tutor:endeavor",
        "tutor:foulplay",
        "tutor:icefang",
        "tutor:irondefense",
        "tutor:magnetrise",
        "tutor:muddywater",
        "tutor:painsplit",
        "tutor:screech",
        "tutor:snore",
        "tutor:spite",
        "tutor:stompingtantrum",
        "tutor:uproar"
      ],
      "evolutions": [],
      "battleOnly": false
    }
  ]
}