{
  "implemented": true,
  "nationalPokedexNumber": 562,
  "name": "Yamask",
  "primaryType": "ghost",
  "maleRatio": 0.5,
  "height": 5,
  "weight": 15,
  "pokedex": [
    "cobblemon.species.yamask.desc"
  ],
  "labels": [
    "gen5",
    "unovan_form"
  ],
  "aspects": [],
  "abilities": [
    "mummy",
    "h:shadowshield"
  ],
  "eggGroups": [
    "mineral",
    "amorphous"
  ],
  "baseStats": {
    "hp": 38,
    "attack": 30,
    "defence": 85,
    "special_attack": 55,
    "special_defence": 65,
    "speed": 30
  },
  "evYield": {
    "hp": 0,
    "attack": 0,
    "defence": 1,
    "special_attack": 0,
    "special_defence": 0,
    "speed": 0
  },
  "baseExperienceYield": 61,
  "experienceGroup": "medium_fast",
  "catchRate": 190,
  "eggCycles": 25,
  "baseFriendship": 50,
  "features": [
    "galarian"
  ],
  "baseScale": 0.5,
  "hitbox": {
    "width": 1,
    "height": 1.4,
    "fixed": false
  },
  "behaviour": {
    "resting": {
      "canSleep": true,
      "willSleepOnBed": true,
      "light": "0-4"
    },
    "moving": {
      "fly": {
        "canFly": true
      }
    }
  },
  "drops": {
    "amount": 1,
    "entries": [
      {
        "item": "cobblemon:spell_tag",
        "percentage": 2.5
      }
    ]
  },
  "moves": [
    "1:astonish",
    "1:protect",
    "5:disable",
    "9:haze",
    "13:nightshade",
    "16:hex",
    "21:willowisp",
    "25:ominouswind",
    "29:curse",
    "33:guardsplit",
    "33:powersplit",
    "37:shadowball",
    "41:grudge",
    "45:meanlook",
    "49:destinybond",
    "egg:craftyshield",
    "egg:disable",
    "egg:endure",
    "egg:faketears",
    "egg:healblock",
    "egg:imprison",
    "egg:memento",
    "egg:nastyplot",
    "egg:nightmare",
    "egg:toxicspikes",
    "tm:calmmind",
    "tm:darkpulse",
    "tm:energyball",
    "tm:facade",
    "tm:flash",
    "tm:hiddenpower",
    "tm:poltergeist",
    "tm:protect",
    "tm:psychic",
    "tm:raindance",
    "tm:rest",
    "tm:return",
    "tm:shadowball",
    "tm:sleeptalk",
    "tm:substitute",
    "tm:thief",
    "tm:toxic",
    "tm:trickroom",
    "tm:willowisp",
    "tutor:afteryou",
    "tutor:block",
    "tutor:confide",
    "tutor:faketears",
    "tutor:hex",
    "tutor:irondefense",
    "tutor:knockoff",
    "tutor:magiccoat",
    "tutor:nastyplot",
    "tutor:painsplit",
    "tutor:psychup",
    "tutor:roleplay",
    "tutor:snatch",
    "tutor:snore",
    "tutor:spite",
    "tutor:toxicspikes",
    "tutor:trick",
    "tutor:wonderroom",
    "tutor:zenheadbutt"
  ],
  "evolutions": [
    {
      "id": "yamask_cofagrigus",
      "variant": "level_up",
      "result": "cofagrigus",
      "consumeHeldItem": false,
      "learnableMoves": [
        "scaryface",
        "shadowclaw"
      ],
      "requirements": [
        {
          "variant": "level",
          "minLevel": 34
        }
      ]
    }
  ],
  "forms": [
    {
      "name": "Galar",
      "primaryType": "ground",
      "secondaryType": "ghost",
      "maleRatio": 0.5,
      "height": 5,
      "weight": 15,
      "pokedex": [
        "cobblemon.species.yamask-galar.desc"
      ],
      "labels": [
        "gen8",
        "galarian_form"
      ],
      "aspects": [
        "galarian"
      ],
      "abilities": [
        "wanderingspirit",
        "h:shadowshield"
      ],
      "baseStats": {
        "hp": 38,
        "attack": 55,
        "defence": 85,
        "special_attack": 30,
        "special_defence": 65,
        "speed": 30
      },
      "drops": {
        "amount": 1,
        "entries": [
          {
            "item": "cobblemon:kasib_berry",
            "percentage": 2.5
          }
        ]
      },
      "moves": [
        "1:magnitude",
        "1:protect",
        "1:shadowsneak",
        "4:haze",
        "8:nightshade",
        "12:disable",
        "14:willowisp",
        "16:brutalswing",
        "20:craftyshield",
        "24:hex",
        "28:meanlook",
        "32:slam",
        "36:curse",
        "40:shadowball",
        "44:earthquake",
        "48:guardsplit",
        "48:powersplit",
        "52:destinybond",
        "egg:memento",
        "tm:calmmind",
        "tm:darkpulse",
        "tm:earthquake",
        "tm:energyball",
        "tm:facade",
        "tm:hiddenpower",
        "tm:poltergeist",
        "tm:protect",
        "tm:psychic",
        "tm:raindance",
        "tm:rest",
        "tm:return",
        "tm:rockslide",
        "tm:rocktomb",
        "tm:sandstorm",
        "tm:shadowball",
        "tm:sleeptalk",
        "tm:substitute",
        "tm:thief",
        "tm:toxic",
        "tm:trickroom",
        "tutor:afteryou",
        "tutor:block",
        "tutor:confide",
        "tutor:earthpower",
        "tutor:faketears",
        "tutor:hex",
        "tutor:irondefense",
        "tutor:knockoff",
        "tutor:magiccoat",
        "tutor:nastyplot",
        "tutor:painsplit",
        "tutor:psychup",
        "tutor:roleplay",
        "tutor:snatch",
        "tutor:snore",
        "tutor:spite",
        "tutor:toxicspikes",
        "tutor:trick",
        "tutor:wonderroom",
        "tutor:zenheadbutt"
      ],
      "evolutions": [
        {
          "id": "yamask_runerigus",
          "variant": "level_up",
          "result": "runerigus",
          "consumeHeldItem": false,
          "learnableMoves": [
            "shadowclaw"
          ],
          "requirements": [
            {
              "variant": "level",
              "minLevel": 0
            },
            {
              "variant": "damage_taken",
              "amount": 49
            },
            {
              "variant": "biome",
              "biomeCondition": "#cobblemon:is_sandy"
            }
          ]
        }
      ],
      "battleOnly": false
    }
  ]
}