{
  "implemented": true,
  "nationalPokedexNumber": 571,
  "name": "Zoroark",
  "primaryType": "dark",
  "maleRatio": 0.875,
  "height": 16,
  "weight": 811,
  "pokedex": [
    "cobblemon.species.zoroark.desc"
  ],
  "labels": [
    "gen5",
    "unovan_form"
  ],
  "aspects": [],
  "abilities": [
    "illusion",
    "h:illusion"
  ],
  "eggGroups": [
    "field"
  ],
  "baseStats": {
    "hp": 60,
    "attack": 105,
    "defence": 60,
    "special_attack": 120,
    "special_defence": 60,
    "speed": 105
  },
  "evYield": {
    "hp": 0,
    "attack": 0,
    "defence": 0,
    "special_attack": 2,
    "special_defence": 0,
    "speed": 0
  },
  "baseExperienceYield": 179,
  "experienceGroup": "medium_slow",
  "catchRate": 45,
  "eggCycles": 20,
  "baseFriendship": 50,
  "features": [
    "hisuian"
  ],
  "baseScale": 0.65,
  "hitbox": {
    "width": 1.3,
    "height": 2.9,
    "fixed": false
  },
  "drops": {
    "amount": 5,
    "entries": [
      {
        "item": "minecraft:sweet_berries",
        "quantityRange": "2-4"
      },
      {
        "item": "cobblemon:roseli_berry",
        "percentage": 5.0
      }
    ]
  },
  "moves": [
    "1:honeclaws",
    "1:imprison",
    "1:leer",
    "1:nightdaze",
    "1:nightslash",
    "1:pursuit",
    "1:scratch",
    "1:uturn",
    "13:furyswipes",
    "17:feintattack",
    "21:scaryface",
    "25:taunt",
    "29:foulplay",
    "34:torment",
    "39:agility",
    "44:embargo",
    "49:punishment",
    "54:nastyplot",
    "egg:captivate",
    "egg:copycat",
    "egg:counter",
    "egg:darkpulse",
    "egg:detect",
    "egg:extrasensory",
    "egg:memento",
    "egg:snatch",
    "egg:suckerpunch",
    "tm:aerialace",
    "tm:calmmind",
    "tm:cut",
    "tm:darkpulse",
    "tm:dig",
    "tm:facade",
    "tm:flamethrower",
    "tm:focusblast",
    "tm:aurasphere",
    "tm:grassknot",
    "tm:hiddenpower",
    "tm:honeclaws",
    "tm:hypervoice",
    "tm:lowkick",
    "tm:lowsweep",
    "tm:protect",
    "tm:raindance",
    "tm:rest",
    "tm:return",
    "tm:roar",
    "tm:rocksmash",
    "tm:shadowball",
    "tm:shadowclaw",
    "tm:sleeptalk",
    "tm:sludgebomb",
    "tm:snarl",
    "tm:substitute",
    "tm:sunnyday",
    "tm:swordsdance",
    "tm:taunt",
    "tm:thief",
    "tm:toxic",
    "tm:uturn",
    "tutor:agility",
    "tutor:bounce",
    "tutor:confide",
    "tutor:covet",
    "tutor:darkhole",
    "tutor:encore",
    "tutor:faketears",
    "tutor:foulplay",
    "tutor:hex",
    "tutor:hypervoice",
    "tutor:knockoff",
    "tutor:laserfocus",
    "tutor:lowkick",
    "tutor:nastyplot",
    "tutor:psychup",
    "tutor:scaryface",
    "tutor:snatch",
    "tutor:snore",
    "tutor:spite",
    "tutor:throatchop",
    "tutor:trick",
    "tutor:uproar"
  ],
  "preEvolution": "zorua",
  "evolutions": [],
  "forms": [
    {
      "name": "Hisui",
      "primaryType": "normal",
      "secondaryType": "ghost",
      "maleRatio": 0.875,
      "height": 16,
      "weight": 730,
      "pokedex": [
        "cobblemon.species.zoroark-hisui.desc"
      ],
      "labels": [
        "gen8a",
        "hisuian_form"
      ],
      "aspects": [
        "hisuian"
      ],
      "baseStats": {
        "hp": 55,
        "attack": 100,
        "defence": 60,
        "special_attack": 125,
        "special_defence": 60,
        "speed": 110
      },
      "baseScale": 0.85,
      "hitbox": {
        "width": 1.3,
        "height": 3.3,
        "fixed": false
      },
      "drops": {
        "amount": 5,
        "entries": [
          {
            "item": "minecraft:sweet_berries",
            "quantityRange": "2-4"
          },
          {
            "item": "cobblemon:colbur_berry",
            "percentage": 5.0
          }
        ]
      },
      "moves": [
        "1:bittermalice",
        "1:destinybond",
        "1:honeclaws",
        "1:imprison",
        "1:leer",
        "1:phantomforce",
        "1:scratch",
        "1:uturn",
        "5:lick",
        "13:furyswipes",
        "17:hex",
        "21:scaryface",
        "25:taunt",
        "29:slash",
        "34:torment",
        "39:agility",
        "42:shadowclaw",
        "44:embargo",
        "49:doublehit",
        "54:nastyplot",
        "68:doubleedge",
        "egg:captivate",
        "egg:copycat",
        "egg:counter",
        "egg:detect",
        "egg:memento",
        "egg:shadowball",
        "egg:shadowsneak",
        "egg:snatch",
        "egg:willowisp",
        "tm:aerialace",
        "tm:calmmind",
        "tm:cut",
        "tm:facade",
        "tm:flamethrower",
        "tm:focusblast",
        "tm:aurasphere",
        "tm:frostbreath",
        "tm:hiddenpower",
        "tm:honeclaws",
        "tm:hypervoice",
        "tm:lowkick",
        "tm:poltergeist",
        "tm:protect",
        "tm:raindance",
        "tm:rest",
        "tm:return",
        "tm:roar",
        "tm:shadowball",
        "tm:shadowclaw",
        "tm:sleeptalk",
        "tm:sludgebomb",
        "tm:substitute",
        "tm:sunnyday",
        "tm:swordsdance",
        "tm:taunt",
        "tm:thief",
        "tm:thunderwave",
        "tm:toxic",
        "tm:uturn",
        "tm:willowisp",
        "tutor:encore",
        "tutor:foulplay",
        "tutor:hex",
        "tutor:knockoff",
        "tutor:lowkick",
        "tutor:nastyplot",
        "tutor:painsplit",
        "tutor:phantomforce",
        "tutor:snore",
        "tutor:trick"
      ],
      "preEvolution": "zorua hisuian",
      "evolutions": [],
      "battleOnly": false
    }
  ]
}