{
  "implemented": true,
  "nationalPokedexNumber": 570,
  "name": "Zorua",
  "primaryType": "dark",
  "maleRatio": 0.875,
  "height": 7,
  "weight": 125,
  "pokedex": [
    "cobblemon.species.zorua.desc"
  ],
  "labels": [
    "gen5",
    "unovan_form"
  ],
  "aspects": [],
  "abilities": [
    "illusion",
    "h:illusion"
  ],
  "eggGroups": [
    "field"
  ],
  "baseStats": {
    "hp": 40,
    "attack": 65,
    "defence": 40,
    "special_attack": 80,
    "special_defence": 40,
    "speed": 65
  },
  "evYield": {
    "hp": 0,
    "attack": 0,
    "defence": 0,
    "special_attack": 1,
    "special_defence": 0,
    "speed": 0
  },
  "baseExperienceYield": 66,
  "experienceGroup": "medium_slow",
  "catchRate": 75,
  "eggCycles": 25,
  "baseFriendship": 50,
  "features": [
    "hisuian"
  ],
  "shoulderMountable": true,
  "baseScale": 0.75,
  "hitbox": {
    "width": 0.6,
    "height": 1,
    "fixed": false
  },
  "drops": {
    "amount": 4,
    "entries": [
      {
        "item": "minecraft:sweet_berries",
        "quantityRange": "1-3"
      },
      {
        "item": "cobblemon:colbur_berry",
        "percentage": 2.5
      }
    ]
  },
  "moves": [
    "1:leer",
    "1:scratch",
    "5:pursuit",
    "9:faketears",
    "13:furyswipes",
    "17:feintattack",
    "21:scaryface",
    "25:taunt",
    "29:foulplay",
    "33:torment",
    "37:agility",
    "41:embargo",
    "45:punishment",
    "49:nastyplot",
    "53:imprison",
    "57:nightdaze",
    "egg:captivate",
    "egg:copycat",
    "egg:counter",
    "egg:darkpulse",
    "egg:detect",
    "egg:extrasensory",
    "egg:memento",
    "egg:snatch",
    "egg:suckerpunch",
    "tm:aerialace",
    "tm:calmmind",
    "tm:cut",
    "tm:darkpulse",
    "tm:dig",
    "tm:facade",
    "tm:grassknot",
    "tm:hiddenpower",
    "tm:honeclaws",
    "tm:hypervoice",
    "tm:protect",
    "tm:raindance",
    "tm:rest",
    "tm:return",
    "tm:roar",
    "tm:shadowball",
    "tm:sleeptalk",
    "tm:sludgebomb",
    "tm:snarl",
    "tm:substitute",
    "tm:sunnyday",
    "tm:swordsdance",
    "tm:taunt",
    "tm:thief",
    "tm:toxic",
    "tm:uturn",
    "tutor:agility",
    "tutor:bounce",
    "tutor:confide",
    "tutor:covet",
    "tutor:faketears",
    "tutor:foulplay",
    "tutor:hex",
    "tutor:hypervoice",
    "tutor:knockoff",
    "tutor:nastyplot",
    "tutor:psychup",
    "tutor:scaryface",
    "tutor:snatch",
    "tutor:snore",
    "tutor:spite",
    "tutor:trick",
    "tutor:uproar"
  ],
  "evolutions": [
    {
      "id": "zorua_zoroark",
      "variant": "level_up",
      "result": "zoroark",
      "consumeHeldItem": false,
      "learnableMoves": [
        "nightslash"
      ],
      "requirements": [
        {
          "variant": "level",
          "minLevel": 30
        }
      ]
    }
  ],
  "forms": [
    {
      "name": "Hisui",
      "primaryType": "normal",
      "secondaryType": "ghost",
      "maleRatio": 0.875,
      "height": 7,
      "weight": 125,
      "pokedex": [
        "cobblemon.species.zorua-hisui.desc"
      ],
      "labels": [
        "gen8a",
        "hisuian_form"
      ],
      "aspects": [
        "hisuian"
      ],
      "baseStats": {
        "hp": 35,
        "attack": 60,
        "defence": 40,
        "special_attack": 85,
        "special_defence": 40,
        "speed": 70
      },
      "moves": [
        "1:leer",
        "1:scratch",
        "5:lick",
        "9:faketears",
        "13:furyswipes",
        "17:hex",
        "21:scaryface",
        "25:taunt",
        "29:slash",
        "33:torment",
        "37:agility",
        "41:embargo",
        "49:doublehit",
        "49:nastyplot",
        "53:imprison",
        "57:destinybond",
        "egg:captivate",
        "egg:copycat",
        "egg:counter",
        "egg:detect",
        "egg:memento",
        "egg:shadowball",
        "egg:shadowsneak",
        "egg:snatch",
        "egg:willowisp",
        "tm:aerialace",
        "tm:calmmind",
        "tm:cut",
        "tm:facade",
        "tm:flamethrower",
        "tm:focusblast",
        "tm:aurasphere",
        "tm:frostbreath",
        "tm:hiddenpower",
        "tm:honeclaws",
        "tm:hypervoice",
        "tm:poltergeist",
        "tm:protect",
        "tm:raindance",
        "tm:rest",
        "tm:return",
        "tm:roar",
        "tm:shadowball",
        "tm:shadowclaw",
        "tm:sleeptalk",
        "tm:sludgebomb",
        "tm:substitute",
        "tm:sunnyday",
        "tm:swordsdance",
        "tm:taunt",
        "tm:thief",
        "tm:thunderwave",
        "tm:toxic",
        "tm:uturn",
        "tm:willowisp",
        "tutor:foulplay",
        "tutor:hex",
        "tutor:knockoff",
        "tutor:nastyplot",
        "tutor:painsplit",
        "tutor:phantomforce",
        "tutor:snore",
        "tutor:trick"
      ],
      "evolutions": [
        {
          "id": "zorua_zoroarkhisui",
          "variant": "level_up",
          "result": "zoroark hisuian",
          "consumeHeldItem": false,
          "learnableMoves": [
            "shadowclaw"
          ],
          "requirements": [
            {
              "variant": "level",
              "minLevel": 30
            }
          ]
        }
      ],
      "battleOnly": false
    }
  ]
}