{
  "target": "cobblemon:ariados",
  "abilities": [
    "swarm",
    "noguard",
    "h:sniper"
  ],
  "baseStats": {
    "hp": 70,
    "attack": 95,
    "defence": 70,
    "special_attack": 60,
    "special_defence": 70,
    "speed": 70
  },
  "moves": [
    "1:absorb",
    "1:bugbite",
    "1:constrict",
    "1:fellstinger",
    "1:poisonsting",
    "1:stickyweb",
    "1:stringshot",
    "1:swordsdance",
    "1:venomdrench",
    "8:infestation",
    "12:scaryface",
    "15:nightshade",
    "19:shadowsneak",
    "22:poisonfang",
    "26:suckerpunch",
    "30:spiderweb",
    "34:pinmissile",
    "37:crosspoison",
    "42:poisonjab",
    "46:gunkshot",
    "49:megahorn",
    "63:toxicthread",
    "egg:disable",
    "egg:electroweb",
    "egg:lunge",
    "egg:megahorn",
    "egg:nightslash",
    "egg:psybeam",
    "egg:pursuit",
    "egg:ragepowder",
    "egg:signalbeam",
    "egg:sonicboom",
    "egg:toxicspikes",
    "egg:twineedle",
    "tm:dig",
    "tm:electroweb",
    "tm:facade",
    "tm:flash",
    "tm:gigadrain",
    "tm:hiddenpower",
    "tm:honeclaws",
    "tm:leechlife",
    "tm:poisonjab",
    "tm:protect",
    "tm:psychic",
    "tm:rest",
    "tm:return",
    "tm:sleeptalk",
    "tm:sludgebomb",
    "tm:solarbeam",
    "tm:substitute",
    "tm:sunnyday",
    "tm:swordsdance",
    "tm:thief",
    "tm:toxic",
    "tm:venoshock",
    "tm:xscissor",
    "tutor:agility",
    "tutor:batonpass",
    "tutor:bodyslam",
    "tutor:bounce",
    "tutor:bugbite",
    "tutor:bugbuzz",
    "tutor:confide",
    "tutor:crosspoison",
    "tutor:electroweb",
    "tutor:focusenergy",
    "tutor:foulplay",
    "tutor:gunkshot",
    "tutor:megahorn",
    "tutor:pinmissile",
    "tutor:scaryface",
    "tutor:screech",
    "tutor:signalbeam",
    "tutor:snore",
    "tutor:stompingtantrum",
    "tutor:throatchop",
    "tutor:toxicspikes",
    "tutor:venomdrench"
  ]
}