{
  "target": "cobblemon:bayleef",
  "abilities": [
    "overgrow",
    "h:leafguard"
  ],
  "baseStats": {
    "hp": 60,
    "attack": 62,
    "defence": 80,
    "special_attack": 63,
    "special_defence": 80,
    "speed": 60
  },
  "moves": [
    "1:growl",
    "1:megadrain",
    "1:poisonpowder",
    "1:tackle",
    "6:razorleaf",
    "10:flash",
    "12:synthesis",
    "18:reflect",
    "22:magicalleaf",
    "26:naturalgift",
    "32:sweetscent",
    "36:lightscreen",
    "40:bodyslam",
    "46:safeguard",
    "50:aromatherapy",
    "54:solarbeam",
    "egg:ancientpower",
    "egg:aromatherapy",
    "egg:bodyslam",
    "egg:counter",
    "egg:flail",
    "egg:grasswhistle",
    "egg:grassyterrain",
    "egg:healpulse",
    "egg:ingrain",
    "egg:leafstorm",
    "egg:leechseed",
    "egg:naturepower",
    "egg:refresh",
    "egg:vinewhip",
    "tm:bulletseed",
    "tm:cut",
    "tm:energyball",
    "tm:facade",
    "tm:flash",
    "tm:gigadrain",
    "tm:grassknot",
    "tm:grassyglide",
    "tm:hiddenpower",
    "tm:irontail",
    "tm:lightscreen",
    "tm:protect",
    "tm:reflect",
    "tm:rest",
    "tm:return",
    "tm:rocksmash",
    "tm:sleeptalk",
    "tm:solarbeam",
    "tm:solarblade",
    "tm:strength",
    "tm:substitute",
    "tm:sunnyday",
    "tm:swordsdance",
    "tm:toxic",
    "tm:workup",
    "tutor:bodyslam",
    "tutor:confide",
    "tutor:grasspledge",
    "tutor:grassyterrain",
    "tutor:laserfocus",
    "tutor:leafstorm",
    "tutor:magiccoat",
    "tutor:pollenpuff",
    "tutor:seedbomb",
    "tutor:snore",
    "tutor:solarblade",
    "tutor:synthesis",
    "tutor:worryseed"
  ]
}