{
  "target": "cobblemon:bellossom",
  "primaryType": "grass",
  "secondaryType": "fairy",
  "abilities": [
    "chlorophyll"
  ],
  "baseStats": {
    "hp": 25,
    "attack": 20,
    "defence": 15,
    "special_attack": 105,
    "special_defence": 55,
    "speed": 90
  },
  "moves": [
    "1:leafblade",
    "1:leafstorm",
    "1:magicalleaf",
    "1:megadrain",
    "1:moonblast",
    "1:stunspore",
    "1:sunnyday",
    "1:sweetscent",
    "39:petalblizzard",
    "49:petaldance",
    "59:quiverdance",
    "64:fierydance",
    "67:strengthsap",
    "egg:afteryou",
    "egg:charm",
    "egg:flail",
    "egg:ingrain",
    "egg:leechseed",
    "egg:naturepower",
    "egg:razorleaf",
    "egg:secretpower",
    "egg:synthesis",
    "egg:teeterdance",
    "egg:tickle",
    "tm:bulletseed",
    "tm:cut",
    "tm:dazzlinggleam",
    "tm:drainpunch",
    "tm:energyball",
    "tm:facade",
    "tm:flash",
    "tm:gigadrain",
    "tm:grassknot",
    "tm:grassyglide",
    "tm:hiddenpower",
    "tm:protect",
    "tm:reflect",
    "tm:rest",
    "tm:return",
    "tm:sleeptalk",
    "tm:sludgebomb",
    "tm:solarbeam",
    "tm:solarblade",
    "tm:substitute",
    "tm:sunnyday",
    "tm:swordsdance",
    "tm:toxic",
    "tm:venoshock",
    "tutor:afteryou",
    "tutor:batonpass",
    "tutor:confide",
    "tutor:gastroacid",
    "tutor:grassyterrain",
    "tutor:helpinghand",
    "tutor:laserfocus",
    "tutor:leafblade",
    "tutor:leafstorm",
    "tutor:playrough",
    "tutor:seedbomb",
    "tutor:snore",
    "tutor:synthesis",
    "tutor:uproar",
    "tutor:worryseed"
  ]
}