{
  "target": "cobblemon:blissey",
  "abilities": [
    "naturalcure",
    "serenegrace"
  ],
  "baseStats": {
    "hp": 255,
    "attack": 10,
    "defence": 10,
    "special_attack": 75,
    "special_defence": 135,
    "speed": 55
  },
  "moves": [
    "1:defensecurl",
    "1:doubleedge",
    "1:growl",
    "1:pound",
    "5:tailwhip",
    "9:refresh",
    "12:doubleslap",
    "16:softboiled",
    "20:bestow",
    "23:babydolleyes",
    "27:takedown",
    "31:sing",
    "34:fling",
    "39:healpulse",
    "44:eggbomb",
    "50:lightscreen",
    "57:healingwish",
    "egg:aromatherapy",
    "egg:counter",
    "egg:endure",
    "egg:gravity",
    "egg:healbell",
    "egg:helpinghand",
    "egg:metronome",
    "egg:mudbomb",
    "egg:present",
    "egg:seismictoss",
    "egg:wish",
    "tm:blizzard",
    "tm:brickbreak",
    "tm:bulldoze",
    "tm:calmmind",
    "tm:chargebeam",
    "tm:dazzlinggleam",
    "tm:drainpunch",
    "tm:earthquake",
    "tm:facade",
    "tm:fireblast",
    "tm:flamethrower",
    "tm:flash",
    "tm:focusblast",
    "tm:aurasphere",
    "tm:focuspunch",
    "tm:grassknot",
    "tm:snowscape",
    "tm:hiddenpower",
    "tm:hypervoice",
    "tm:icebeam",
    "tm:icywind",
    "tm:irontail",
    "tm:lightscreen",
    "tm:poweruppunch",
    "tm:protect",
    "tm:psychic",
    "tm:raindance",
    "tm:reflect",
    "tm:rest",
    "tm:return",
    "tm:rockclimb",
    "tm:rockslide",
    "tm:rocksmash",
    "tm:rocktomb",
    "tm:sandstorm",
    "tm:shadowball",
    "tm:sleeptalk",
    "tm:solarbeam",
    "tm:stealthrock",
    "tm:strength",
    "tm:substitute",
    "tm:sunnyday",
    "tm:teleport",
    "tm:thunder",
    "tm:thunderbolt",
    "tm:thunderwave",
    "tm:toxic",
    "tm:trailblaze",
    "tm:wildcharge",
    "tm:workup",
    "tutor:block",
    "tutor:bodyslam",
    "tutor:confide",
    "tutor:covet",
    "tutor:endeavor",
    "tutor:firepunch",
    "tutor:gravity",
    "tutor:healbell",
    "tutor:helpinghand",
    "tutor:hypervoice",
    "tutor:icepunch",
    "tutor:icywind",
    "tutor:laserfocus",
    "tutor:lastresort",
    "tutor:psychup",
    "tutor:snatch",
    "tutor:snore",
    "tutor:stompingtantrum",
    "tutor:storedpower",
    "tutor:thunderpunch",
    "tutor:uproar",
    "tutor:zenheadbutt"
  ]
}