{
  "target": "cobblemon:celebi",
  "abilities": [
    "naturalcure"
  ],
  "baseStats": {
    "hp": 100,
    "attack": 100,
    "defence": 100,
    "special_attack": 100,
    "special_defence": 100,
    "speed": 100
  },
  "moves": [
    "1:confusion",
    "1:healbell",
    "1:leechseed",
    "1:recover",
    "10:safeguard",
    "19:magicalleaf",
    "28:ancientpower",
    "34:luminacrash",
    "46:naturalgift",
    "55:healblock",
    "64:futuresight",
    "73:healingwish",
    "82:leafstorm",
    "91:perishsong",
    "tm:aerialace",
    "tm:calmmind",
    "tm:chargebeam",
    "tm:cut",
    "tm:dazzlinggleam",
    "tm:dualwingbeat",
    "tm:energyball",
    "tm:expandingforce",
    "tm:facade",
    "tm:flash",
    "tm:futuresight",
    "tm:gigadrain",
    "tm:grassknot",
    "tm:grassyglide",
    "tm:hiddenpower",
    "tm:lightscreen",
    "tm:protect",
    "tm:psychic",
    "tm:raindance",
    "tm:reflect",
    "tm:rest",
    "tm:return",
    "tm:sandstorm",
    "tm:shadowball",
    "tm:sleeptalk",
    "tm:solarbeam",
    "tm:solarblade",
    "tm:stealthrock",
    "tm:substitute",
    "tm:sunnyday",
    "tm:swordsdance",
    "tm:teleport",
    "tm:thunderwave",
    "tm:trickroom",
    "tm:uturn",
    "tutor:aurasphere",
    "tutor:batonpass",
    "tutor:confide",
    "tutor:earthpower",
    "tutor:grassyterrain",
    "tutor:healbell",
    "tutor:helpinghand",
    "tutor:laserfocus",
    "tutor:lastresort",
    "tutor:leafblade",
    "tutor:leafstorm",
    "tutor:magiccoat",
    "tutor:magicroom",
    "tutor:nastyplot",
    "tutor:pollenpuff",
    "tutor:psychicterrain",
    "tutor:psychocut",
    "tutor:psychup",
    "tutor:seedbomb",
    "tutor:signalbeam",
    "tutor:snore",
    "tutor:solarblade",
    "tutor:synthesis",
    "tutor:trick",
    "tutor:uproar",
    "tutor:weatherball",
    "tutor:wonderroom",
    "tutor:worryseed",
    "tutor:zenheadbutt"
  ]
}