{
  "target": "cobblemon:chikorita",
  "abilities": [
    "overgrow",
    "h:leafguard"
  ],
  "baseStats": {
    "hp": 45,
    "attack": 49,
    "defence": 65,
    "special_attack": 49,
    "special_defence": 65,
    "speed": 45
  },
  "moves": [
    "1:growl",
    "1:tackle",
    "6:razorleaf",
    "8:poisonpowder",
    "10:flash",
    "12:synthesis",
    "15:reflect",
    "20:magicalleaf",
    "23:naturalgift",
    "28:sweetscent",
    "31:lightscreen",
    "34:bodyslam",
    "39:safeguard",
    "42:aromatherapy",
    "45:solarbeam",
    "egg:ancientpower",
    "egg:aromatherapy",
    "egg:bodyslam",
    "egg:counter",
    "egg:flail",
    "egg:grasswhistle",
    "egg:grassyterrain",
    "egg:healpulse",
    "egg:ingrain",
    "egg:leafstorm",
    "egg:leechseed",
    "egg:naturepower",
    "egg:refresh",
    "egg:vinewhip",
    "tm:bulletseed",
    "tm:cut",
    "tm:energyball",
    "tm:facade",
    "tm:flash",
    "tm:gigadrain",
    "tm:grassknot",
    "tm:grassyglide",
    "tm:hiddenpower",
    "tm:irontail",
    "tm:lightscreen",
    "tm:protect",
    "tm:reflect",
    "tm:rest",
    "tm:return",
    "tm:sleeptalk",
    "tm:solarbeam",
    "tm:solarblade",
    "tm:substitute",
    "tm:sunnyday",
    "tm:swordsdance",
    "tm:toxic",
    "tm:workup",
    "tutor:bodyslam",
    "tutor:confide",
    "tutor:grasspledge",
    "tutor:grassyterrain",
    "tutor:leafstorm",
    "tutor:magiccoat",
    "tutor:pollenpuff",
    "tutor:seedbomb",
    "tutor:snore",
    "tutor:solarblade",
    "tutor:synthesis",
    "tutor:worryseed"
  ]
}