{
  "target": "cobblemon:chinchou",
  "abilities": [
    "voltabsorb",
    "illuminate",
    "h:waterabsorb"
  ],
  "baseStats": {
    "hp": 75,
    "attack": 38,
    "defence": 38,
    "special_attack": 56,
    "special_defence": 56,
    "speed": 67
  },
  "moves": [
    "1:bubble",
    "1:supersonic",
    "6:thunderwave",
    "9:electroball",
    "12:shockwave",
    "17:confuseray",
    "20:bubblebeam",
    "23:spark",
    "28:signalbeam",
    "31:scald",
    "34:discharge",
    "39:paraboliccharge",
    "42:aquaring",
    "45:hydropump",
    "47:iondeluge",
    "50:charge",
    "egg:agility",
    "egg:amnesia",
    "egg:brine",
    "egg:flail",
    "egg:mist",
    "egg:psybeam",
    "egg:screech",
    "egg:shockwave",
    "egg:soak",
    "egg:waterpulse",
    "egg:whirlpool",
    "tm:blizzard",
    "tm:chargebeam",
    "tm:dazzlinggleam",
    "tm:facade",
    "tm:flash",
    "tm:flipturn",
    "tm:snowscape",
    "tm:hiddenpower",
    "tm:icebeam",
    "tm:icywind",
    "tm:protect",
    "tm:raindance",
    "tm:rest",
    "tm:return",
    "tm:risingvoltage",
    "tm:scald",
    "tm:sleeptalk",
    "tm:substitute",
    "tm:surf",
    "tm:thunder",
    "tm:thunderbolt",
    "tm:thunderwave",
    "tm:toxic",
    "tm:voltswitch",
    "tm:waterfall",
    "tm:wildcharge",
    "tutor:agility",
    "tutor:bounce",
    "tutor:confide",
    "tutor:electroball",
    "tutor:healbell",
    "tutor:hydropump",
    "tutor:icywind",
    "tutor:screech",
    "tutor:signalbeam",
    "tutor:snore",
    "tutor:whirlpool"
  ]
}