{
  "target": "cobblemon:cleffa",
  "abilities": [
    "cutecharm",
    "magicguard",
    "h:friendguard"
  ],
  "baseStats": {
    "hp": 50,
    "attack": 25,
    "defence": 28,
    "special_attack": 45,
    "special_defence": 55,
    "speed": 15
  },
  "moves": [
    "1:charm",
    "1:pound",
    "4:encore",
    "7:sing",
    "10:sweetkiss",
    "13:copycat",
    "16:magicalleaf",
    "egg:amnesia",
    "egg:aromatherapy",
    "egg:bellydrum",
    "egg:covet",
    "egg:faketears",
    "egg:healpulse",
    "egg:metronome",
    "egg:mimic",
    "egg:mistyterrain",
    "egg:present",
    "egg:softboiled",
    "egg:storedpower",
    "egg:tickle",
    "egg:wish",
    "tm:dig",
    "tm:drainingkiss",
    "tm:facade",
    "tm:fireblast",
    "tm:flamethrower",
    "tm:flash",
    "tm:grassknot",
    "tm:hiddenpower",
    "tm:hypervoice",
    "tm:icywind",
    "tm:irontail",
    "tm:lightscreen",
    "tm:protect",
    "tm:psychic",
    "tm:psyshock",
    "tm:raindance",
    "tm:reflect",
    "tm:rest",
    "tm:return",
    "tm:shadowball",
    "tm:sleeptalk",
    "tm:solarbeam",
    "tm:substitute",
    "tm:sunnyday",
    "tm:thunderwave",
    "tm:toxic",
    "tm:workup",
    "tm:alluringvoice",
    "tutor:afteryou",
    "tutor:bodyslam",
    "tutor:confide",
    "tutor:covet",
    "tutor:encore",
    "tutor:endeavor",
    "tutor:faketears",
    "tutor:gravity",
    "tutor:helpinghand",
    "tutor:hypervoice",
    "tutor:icywind",
    "tutor:lastresort",
    "tutor:magiccoat",
    "tutor:mistyterrain",
    "tutor:playrough",
    "tutor:psychup",
    "tutor:roleplay",
    "tutor:signalbeam",
    "tutor:snore",
    "tutor:storedpower",
    "tutor:trick",
    "tutor:uproar",
    "tutor:wonderroom",
    "tutor:zenheadbutt"
  ]
}