{
  "target": "cobblemon:croconaw",
  "abilities": [
    "sheerforce",
    "h:strongjaw"
  ],
  "baseStats": {
    "hp": 65,
    "attack": 80,
    "defence": 80,
    "special_attack": 59,
    "special_defence": 63,
    "speed": 58
  },
  "moves": [
    "1:aquajet",
    "1:leer",
    "1:scratch",
    "6:watergun",
    "8:rage",
    "13:bite",
    "15:icefang",
    "18:seismictoss",
    "21:scaryface",
    "23:roar",
    "24:flail",
    "27:crunch",
    "30:chipaway",
    "33:slash",
    "37:screech",
    "40:thrash",
    "43:aquatail",
    "46:superpower",
    "49:hydropump",
    "egg:ancientpower",
    "egg:aquajet",
    "egg:block",
    "egg:crunch",
    "egg:dragondance",
    "egg:faketears",
    "egg:flatter",
    "egg:hydropump",
    "egg:icepunch",
    "egg:metalclaw",
    "egg:mudsport",
    "egg:thrash",
    "egg:waterpulse",
    "egg:watersport",
    "tm:aerialace",
    "tm:blizzard",
    "tm:brickbreak",
    "tm:cut",
    "tm:dig",
    "tm:dragonclaw",
    "tm:dragondance",
    "tm:facade",
    "tm:flipturn",
    "tm:focuspunch",
    "tm:snowscape",
    "tm:hiddenpower",
    "tm:honeclaws",
    "tm:icebeam",
    "tm:icywind",
    "tm:irontail",
    "tm:lowkick",
    "tm:poweruppunch",
    "tm:protect",
    "tm:raindance",
    "tm:rest",
    "tm:return",
    "tm:roar",
    "tm:rockslide",
    "tm:rocksmash",
    "tm:rocktomb",
    "tm:scald",
    "tm:shadowclaw",
    "tm:sleeptalk",
    "tm:strength",
    "tm:substitute",
    "tm:superpower",
    "tm:surf",
    "tm:swordsdance",
    "tm:toxic",
    "tm:waterfall",
    "tm:workup",
    "tutor:aquatail",
    "tutor:block",
    "tutor:bodyslam",
    "tutor:confide",
    "tutor:crunch",
    "tutor:dragondance",
    "tutor:faketears",
    "tutor:hydropump",
    "tutor:icefang",
    "tutor:icepunch",
    "tutor:icywind",
    "tutor:lowkick",
    "tutor:scaryface",
    "tutor:screech",
    "tutor:snore",
    "tutor:spite",
    "tutor:superpower",
    "tutor:uproar",
    "tutor:waterpledge",
    "tutor:whirlpool"
  ]
}