{
  "target": "cobblemon:cyndaquil",
  "abilities": [
    "blaze",
    "h:flashfire"
  ],
  "baseStats": {
    "hp": 39,
    "attack": 52,
    "defence": 43,
    "special_attack": 60,
    "special_defence": 50,
    "speed": 65
  },
  "moves": [
    "1:leer",
    "1:tackle",
    "7:ember",
    "10:flamewheel",
    "13:quickattack",
    "15:doublekick",
    "19:extrasensory",
    "22:defensecurl",
    "23:scorchingsands",
    "28:flamecharge",
    "31:swift",
    "37:lavaplume",
    "40:flamethrower",
    "46:inferno",
    "49:rollout",
    "55:doubleedge",
    "58:burnup",
    "egg:covet",
    "egg:crushclaw",
    "egg:doubleedge",
    "egg:doublekick",
    "egg:extrasensory",
    "egg:flameburst",
    "egg:flareblitz",
    "egg:furyswipes",
    "egg:howl",
    "egg:naturepower",
    "egg:quickattack",
    "egg:reversal",
    "egg:thrash",
    "tm:aerialace",
    "tm:cut",
    "tm:dig",
    "tm:facade",
    "tm:fireblast",
    "tm:flamecharge",
    "tm:flamethrower",
    "tm:hiddenpower",
    "tm:overheat",
    "tm:protect",
    "tm:rest",
    "tm:return",
    "tm:scorchingsands",
    "tm:sleeptalk",
    "tm:substitute",
    "tm:sunnyday",
    "tm:toxic",
    "tm:wildcharge",
    "tm:willowisp",
    "tm:workup",
    "tm:playrough",
    "tm:temperflare",
    "tutor:confide",
    "tutor:covet",
    "tutor:firepledge",
    "tutor:flareblitz",
    "tutor:heatwave",
    "tutor:reversal",
    "tutor:snore"
  ]
}