{
  "target": "cobblemon:delibird",
  "abilities": [
    "vitalspirit",
    "hustle",
    "h:refrigerate"
  ],
  "baseStats": {
    "hp": 45,
    "attack": 100,
    "defence": 45,
    "special_attack": 65,
    "special_defence": 45,
    "speed": 105
  },
  "moves": [
    "1:present",
    "25:drillpeck",
    "60:extremespeed",
    "egg:aurorabeam",
    "egg:bestow",
    "egg:counter",
    "egg:destinybond",
    "egg:fakeout",
    "egg:freezedry",
    "egg:futuresight",
    "egg:iceball",
    "egg:icepunch",
    "egg:iceshard",
    "egg:icywind",
    "egg:memento",
    "egg:quickattack",
    "egg:rapidspin",
    "egg:spikes",
    "egg:splash",
    "tm:aerialace",
    "tm:blizzard",
    "tm:bravebird",
    "tm:brickbreak",
    "tm:defog",
    "tm:dualwingbeat",
    "tm:facade",
    "tm:fly",
    "tm:focuspunch",
    "tm:frostbreath",
    "tm:futuresight",
    "tm:snowscape",
    "tm:hiddenpower",
    "tm:icebeam",
    "tm:icespinner",
    "tm:icywind",
    "tm:pluck",
    "tm:poweruppunch",
    "tm:protect",
    "tm:raindance",
    "tm:rest",
    "tm:return",
    "tm:sleeptalk",
    "tm:spikes",
    "tm:steelwing",
    "tm:substitute",
    "tm:thief",
    "tm:toxic",
    "tm:trailblaze",
    "tm:tripleaxel",
    "tm:flipturn",
    "tutor:agility",
    "tutor:batonpass",
    "tutor:bodyslam",
    "tutor:bounce",
    "tutor:bravebird",
    "tutor:confide",
    "tutor:drillrun",
    "tutor:gunkshot",
    "tutor:helpinghand",
    "tutor:icepunch",
    "tutor:iciclespear",
    "tutor:icywind",
    "tutor:seedbomb",
    "tutor:signalbeam",
    "tutor:skyattack",
    "tutor:snore",
    "tutor:spikes",
    "tutor:weatherball"
  ]
}