{
  "target": "cobblemon:donphan",
  "abilities": [
    "sturdy",
    "h:technician"
  ],
  "baseStats": {
    "hp": 90,
    "attack": 120,
    "defence": 120,
    "special_attack": 60,
    "special_defence": 60,
    "speed": 50
  },
  "moves": [
    "1:bulldoze",
    "1:defensecurl",
    "1:firefang",
    "1:furyattack",
    "1:growl",
    "1:hornattack",
    "1:iceshard",
    "1:thunderfang",
    "6:rapidspin",
    "10:rollout",
    "15:assurance",
    "19:knockoff",
    "24:slam",
    "30:stompingtantrum",
    "37:scaryface",
    "43:earthquake",
    "50:gigaimpact",
    "53:headsmash",
    "65:bonemerang",
    "egg:ancientpower",
    "egg:bodyslam",
    "egg:counter",
    "egg:endeavor",
    "egg:focusenergy",
    "egg:heavyslam",
    "egg:iceshard",
    "egg:mudslap",
    "egg:snore",
    "tm:bodypress",
    "tm:bulldoze",
    "tm:earthquake",
    "tm:facade",
    "tm:gyroball",
    "tm:hiddenpower",
    "tm:hypervoice",
    "tm:icespinner",
    "tm:irontail",
    "tm:poisonjab",
    "tm:protect",
    "tm:rest",
    "tm:return",
    "tm:roar",
    "tm:rockpolish",
    "tm:rockslide",
    "tm:rocksmash",
    "tm:rocktomb",
    "tm:sandstorm",
    "tm:scorchingsands",
    "tm:sleeptalk",
    "tm:stealthrock",
    "tm:stoneedge",
    "tm:strength",
    "tm:substitute",
    "tm:sunnyday",
    "tm:superpower",
    "tm:toxic",
    "tm:trailblaze",
    "tutor:block",
    "tutor:bodypress",
    "tutor:bodyslam",
    "tutor:bounce",
    "tutor:confide",
    "tutor:drillrun",
    "tutor:earthpower",
    "tutor:encore",
    "tutor:endeavor",
    "tutor:firefang",
    "tutor:focusenergy",
    "tutor:gunkshot",
    "tutor:heavyslam",
    "tutor:highhorsepower",
    "tutor:hypervoice",
    "tutor:irondefense",
    "tutor:knockoff",
    "tutor:lastresort",
    "tutor:playrough",
    "tutor:powerwhip",
    "tutor:rockblast",
    "tutor:sandtomb",
    "tutor:scaryface",
    "tutor:seedbomb",
    "tutor:snore",
    "tutor:stompingtantrum",
    "tutor:superpower",
    "tutor:thunderfang"
  ]
}