{
  "target": "cobblemon:dunsparce",
  "abilities": [
    "serenegrace",
    "runaway"
  ],
  "baseStats": {
    "hp": 100,
    "attack": 70,
    "defence": 80,
    "special_attack": 65,
    "special_defence": 75,
    "speed": 45
  },
  "moves": [
    "1:defensecurl",
    "1:rage",
    "3:rollout",
    "6:spite",
    "8:pursuit",
    "11:screech",
    "13:dualwingbeat",
    "16:yawn",
    "18:ancientpower",
    "21:bodyslam",
    "23:drillrun",
    "26:roost",
    "28:hyperdrill",
    "28:takedown",
    "31:coil",
    "33:dig",
    "36:glare",
    "38:doubleedge",
    "41:noretreat",
    "43:airslash",
    "46:dragonrush",
    "48:endure",
    "51:flail",
    "57:crushclaw",
    "egg:agility",
    "egg:ancientpower",
    "egg:astonish",
    "egg:bite",
    "egg:curse",
    "egg:dragondance",
    "egg:headbutt",
    "egg:hex",
    "egg:magiccoat",
    "egg:secretpower",
    "egg:sleeptalk",
    "egg:snore",
    "egg:trumpcard",
    "tm:blizzard",
    "tm:bulldoze",
    "tm:calmmind",
    "tm:chargebeam",
    "tm:dig",
    "tm:dragondance",
    "tm:dualwingbeat",
    "tm:earthquake",
    "tm:facade",
    "tm:fireblast",
    "tm:flamethrower",
    "tm:gyroball",
    "tm:hiddenpower",
    "tm:icebeam",
    "tm:icespinner",
    "tm:irontail",
    "tm:poisonjab",
    "tm:protect",
    "tm:raindance",
    "tm:rest",
    "tm:return",
    "tm:rockslide",
    "tm:rocksmash",
    "tm:rocktomb",
    "tm:roost",
    "tm:scaleshot",
    "tm:shadowball",
    "tm:sleeptalk",
    "tm:solarbeam",
    "tm:stealthrock",
    "tm:strength",
    "tm:substitute",
    "tm:sunnyday",
    "tm:terrainpulse",
    "tm:thief",
    "tm:thunder",
    "tm:thunderbolt",
    "tm:thunderwave",
    "tm:toxic",
    "tm:wildcharge",
    "tutor:agility",
    "tutor:airslash",
    "tutor:aquatail",
    "tutor:batonpass",
    "tutor:bodyslam",
    "tutor:confide",
    "tutor:dragondance",
    "tutor:drillrun",
    "tutor:endeavor",
    "tutor:helpinghand",
    "tutor:hex",
    "tutor:lastresort",
    "tutor:magiccoat",
    "tutor:painsplit",
    "tutor:psychup",
    "tutor:screech",
    "tutor:snore",
    "tutor:spite",
    "tutor:stompingtantrum",
    "tutor:storedpower",
    "tutor:zenheadbutt"
  ]
}