{
  "target": "cobblemon:elekid",
  "abilities": [
    "static",
    "h:vitalspirit"
  ],
  "baseStats": {
    "hp": 45,
    "attack": 63,
    "defence": 37,
    "special_attack": 65,
    "special_defence": 55,
    "speed": 95
  },
  "moves": [
    "1:leer",
    "1:quickattack",
    "5:thundershock",
    "8:lowkick",
    "12:swift",
    "15:shockwave",
    "19:thunderwave",
    "22:electroball",
    "26:lightscreen",
    "29:thunderpunch",
    "33:discharge",
    "36:screech",
    "40:thunderbolt",
    "43:thunder",
    "egg:barrier",
    "egg:crosschop",
    "egg:dynamicpunch",
    "egg:feint",
    "egg:firepunch",
    "egg:focuspunch",
    "egg:hammerarm",
    "egg:icepunch",
    "egg:karatechop",
    "egg:meditate",
    "egg:rollingkick",
    "tm:brickbreak",
    "tm:chargebeam",
    "tm:dualchop",
    "tm:electroweb",
    "tm:facade",
    "tm:flash",
    "tm:focuspunch",
    "tm:hiddenpower",
    "tm:lightscreen",
    "tm:lowkick",
    "tm:poweruppunch",
    "tm:protect",
    "tm:psychic",
    "tm:raindance",
    "tm:rest",
    "tm:return",
    "tm:risingvoltage",
    "tm:rocksmash",
    "tm:sleeptalk",
    "tm:substitute",
    "tm:thief",
    "tm:thunder",
    "tm:thunderbolt",
    "tm:thunderwave",
    "tm:toxic",
    "tm:voltswitch",
    "tm:wildcharge",
    "tm:supercellslam",
    "tutor:bodyslam",
    "tutor:confide",
    "tutor:covet",
    "tutor:dualchop",
    "tutor:electroball",
    "tutor:electroweb",
    "tutor:firepunch",
    "tutor:helpinghand",
    "tutor:icepunch",
    "tutor:lowkick",
    "tutor:magnetrise",
    "tutor:screech",
    "tutor:signalbeam",
    "tutor:snore",
    "tutor:thunderpunch",
    "tutor:uproar"
  ]
}