{
  "target": "cobblemon:entei",
  "abilities": [
    "pressure",
    "h:innerfocus"
  ],
  "baseStats": {
    "hp": 115,
    "attack": 115,
    "defence": 85,
    "special_attack": 90,
    "special_defence": 75,
    "speed": 100
  },
  "moves": [
    "1:bite",
    "1:eruption",
    "1:extrasensory",
    "1:extremespeed",
    "1:lavaplume",
    "1:sacredfire",
    "8:ember",
    "15:roar",
    "22:firespin",
    "29:stomp",
    "36:flamethrower",
    "43:swagger",
    "50:firefang",
    "71:fireblast",
    "78:calmmind",
    "tm:bulldoze",
    "tm:calmmind",
    "tm:cut",
    "tm:dig",
    "tm:earthquake",
    "tm:facade",
    "tm:fireblast",
    "tm:flamecharge",
    "tm:flamethrower",
    "tm:flash",
    "tm:hiddenpower",
    "tm:irontail",
    "tm:overheat",
    "tm:protect",
    "tm:raindance",
    "tm:reflect",
    "tm:rest",
    "tm:return",
    "tm:roar",
    "tm:rockclimb",
    "tm:rocksmash",
    "tm:sandstorm",
    "tm:scorchingsands",
    "tm:shadowball",
    "tm:sleeptalk",
    "tm:snarl",
    "tm:solarbeam",
    "tm:stoneedge",
    "tm:strength",
    "tm:substitute",
    "tm:sunnyday",
    "tm:toxic",
    "tm:willowisp",
    "tutor:agility",
    "tutor:bodyslam",
    "tutor:closecombat",
    "tutor:confide",
    "tutor:firefang",
    "tutor:firespin",
    "tutor:flareblitz",
    "tutor:heatwave",
    "tutor:helpinghand",
    "tutor:ironhead",
    "tutor:laserfocus",
    "tutor:psychup",
    "tutor:snore",
    "tutor:stompingtantrum",
    "tutor:weatherball"
  ]
}