{
  "target": "cobblemon:espeon",
  "abilities": [
    "synchronize",
    "h:magicbounce"
  ],
  "baseStats": {
    "hp": 65,
    "attack": 65,
    "defence": 60,
    "special_attack": 130,
    "special_defence": 95,
    "speed": 110
  },
  "moves": [
    "1:confusion",
    "1:helpinghand",
    "1:tackle",
    "1:tailwhip",
    "9:babydolleyes",
    "13:quickattack",
    "17:swift",
    "20:psybeam",
    "25:futuresight",
    "29:psychup",
    "33:morningsun",
    "37:psychic",
    "41:lastresort",
    "45:powerswap",
    "65:fierydance",
    "egg:captivate",
    "egg:charm",
    "egg:covet",
    "egg:curse",
    "egg:detect",
    "egg:doublekick",
    "egg:endure",
    "egg:faketears",
    "egg:flail",
    "egg:mudslap",
    "egg:naturalgift",
    "egg:storedpower",
    "egg:synchronoise",
    "egg:tickle",
    "egg:wish",
    "egg:yawn",
    "tm:calmmind",
    "tm:cut",
    "tm:dazzlinggleam",
    "tm:dig",
    "tm:expandingforce",
    "tm:facade",
    "tm:flash",
    "tm:futuresight",
    "tm:grassknot",
    "tm:hiddenpower",
    "tm:hypervoice",
    "tm:irontail",
    "tm:lightscreen",
    "tm:protect",
    "tm:psychic",
    "tm:psyshock",
    "tm:raindance",
    "tm:reflect",
    "tm:rest",
    "tm:return",
    "tm:shadowball",
    "tm:sleeptalk",
    "tm:substitute",
    "tm:sunnyday",
    "tm:teleport",
    "tm:toxic",
    "tm:trailblaze",
    "tm:trickroom",
    "tm:workup",
    "tm:psychicnoise",
    "tm:alluringvoice",
    "tutor:batonpass",
    "tutor:bodyslam",
    "tutor:celebrate",
    "tutor:confide",
    "tutor:covet",
    "tutor:faketears",
    "tutor:focusenergy",
    "tutor:healbell",
    "tutor:helpinghand",
    "tutor:hypervoice",
    "tutor:laserfocus",
    "tutor:lastresort",
    "tutor:magiccoat",
    "tutor:magicroom",
    "tutor:powergem",
    "tutor:psychicfangs",
    "tutor:psychup",
    "tutor:signalbeam",
    "tutor:snore",
    "tutor:storedpower",
    "tutor:trick",
    "tutor:weatherball",
    "tutor:zenheadbutt"
  ]
}