{
  "target": "cobblemon:feraligatr",
  "abilities": [
    "sheerforce",
    "h:strongjaw"
  ],
  "baseStats": {
    "hp": 85,
    "attack": 105,
    "defence": 100,
    "special_attack": 79,
    "special_defence": 83,
    "speed": 78
  },
  "moves": [
    "1:agility",
    "1:aquajet",
    "1:aquatail",
    "1:leer",
    "1:scratch",
    "6:watergun",
    "8:rage",
    "13:bite",
    "15:icefang",
    "18:seismictoss",
    "21:scaryface",
    "23:roar",
    "24:flail",
    "27:crunch",
    "30:chipaway",
    "33:slash",
    "38:screech",
    "42:thrash",
    "45:aquafang",
    "48:superpower",
    "52:tripledive",
    "54:jawlock",
    "egg:ancientpower",
    "egg:aquajet",
    "egg:block",
    "egg:crunch",
    "egg:dragondance",
    "egg:faketears",
    "egg:flatter",
    "egg:hydropump",
    "egg:icepunch",
    "egg:metalclaw",
    "egg:mudsport",
    "egg:thrash",
    "egg:waterpulse",
    "egg:watersport",
    "tm:aerialace",
    "tm:blizzard",
    "tm:brickbreak",
    "tm:bulldoze",
    "tm:cut",
    "tm:dig",
    "tm:dragonclaw",
    "tm:dragondance",
    "tm:dragonpulse",
    "tm:dragontail",
    "tm:earthquake",
    "tm:facade",
    "tm:flipturn",
    "tm:focusblast",
    "tm:aurasphere",
    "tm:focuspunch",
    "tm:snowscape",
    "tm:hiddenpower",
    "tm:honeclaws",
    "tm:icebeam",
    "tm:icywind",
    "tm:irontail",
    "tm:lowkick",
    "tm:poweruppunch",
    "tm:protect",
    "tm:raindance",
    "tm:rest",
    "tm:return",
    "tm:roar",
    "tm:rockclimb",
    "tm:rockslide",
    "tm:rocksmash",
    "tm:rocktomb",
    "tm:scald",
    "tm:scaleshot",
    "tm:shadowclaw",
    "tm:sleeptalk",
    "tm:strength",
    "tm:substitute",
    "tm:superpower",
    "tm:surf",
    "tm:swordsdance",
    "tm:toxic",
    "tm:waterfall",
    "tm:workup",
    "tutor:agility",
    "tutor:aquatail",
    "tutor:block",
    "tutor:bodyslam",
    "tutor:breakingswipe",
    "tutor:confide",
    "tutor:crunch",
    "tutor:dragondance",
    "tutor:faketears",
    "tutor:hydrocannon",
    "tutor:hydropump",
    "tutor:icefang",
    "tutor:icepunch",
    "tutor:icywind",
    "tutor:liquidation",
    "tutor:lowkick",
    "tutor:muddywater",
    "tutor:outrage",
    "tutor:psychicfangs",
    "tutor:scaryface",
    "tutor:screech",
    "tutor:snore",
    "tutor:spite",
    "tutor:superpower",
    "tutor:uproar",
    "tutor:waterpledge",
    "tutor:whirlpool"
  ]
}