{
  "target": "cobblemon:flaaffy",
  "abilities": [
    "static",
    "h:plus"
  ],
  "baseStats": {
    "hp": 70,
    "attack": 55,
    "defence": 55,
    "special_attack": 80,
    "special_defence": 60,
    "speed": 45
  },
  "moves": [
    "1:cottonguard",
    "1:growl",
    "1:powergem",
    "1:tackle",
    "4:thunderwave",
    "8:flash",
    "11:cottonspore",
    "16:charge",
    "20:takedown",
    "25:electroball",
    "29:confuseray",
    "38:discharge",
    "47:signalbeam",
    "52:lightscreen",
    "56:thunder",
    "egg:afteryou",
    "egg:agility",
    "egg:bodyslam",
    "egg:charge",
    "egg:eerieimpulse",
    "egg:electricterrain",
    "egg:flatter",
    "egg:irontail",
    "egg:odorsleuth",
    "egg:sandattack",
    "egg:screech",
    "egg:takedown",
    "tm:brickbreak",
    "tm:chargebeam",
    "tm:electroweb",
    "tm:facade",
    "tm:flash",
    "tm:focuspunch",
    "tm:hiddenpower",
    "tm:irontail",
    "tm:lightscreen",
    "tm:poweruppunch",
    "tm:protect",
    "tm:raindance",
    "tm:reflect",
    "tm:rest",
    "tm:return",
    "tm:risingvoltage",
    "tm:rocksmash",
    "tm:sleeptalk",
    "tm:strength",
    "tm:substitute",
    "tm:thunder",
    "tm:thunderbolt",
    "tm:thunderwave",
    "tm:toxic",
    "tm:trailblaze",
    "tm:voltswitch",
    "tm:wildcharge",
    "tutor:afteryou",
    "tutor:agility",
    "tutor:bodyslam",
    "tutor:confide",
    "tutor:electricterrain",
    "tutor:electroball",
    "tutor:electroweb",
    "tutor:firepunch",
    "tutor:healbell",
    "tutor:magnetrise",
    "tutor:powergem",
    "tutor:screech",
    "tutor:signalbeam",
    "tutor:snore",
    "tutor:thunderpunch"
  ]
}