{
  "target": "cobblemon:forretress",
  "abilities": [
    "sturdy",
    "h:overcoat"
  ],
  "baseStats": {
    "hp": 75,
    "attack": 90,
    "defence": 140,
    "special_attack": 60,
    "special_defence": 60,
    "speed": 40
  },
  "moves": [
    "1:autotomize",
    "1:bugbite",
    "1:detect",
    "1:heavyslam",
    "1:magnetrise",
    "1:mirrorshot",
    "1:selfdestruct",
    "1:tackle",
    "1:toxicspikes",
    "1:zapcannon",
    "12:takedown",
    "15:pounce",
    "17:rapidspin",
    "20:bide",
    "23:naturalgift",
    "28:spikes",
    "32:payback",
    "36:explosion",
    "42:lunge",
    "46:gyroball",
    "50:doubleedge",
    "58:spinout",
    "egg:counter",
    "egg:doubleedge",
    "egg:endure",
    "egg:flail",
    "egg:pinmissile",
    "egg:powertrick",
    "egg:revenge",
    "egg:sandtomb",
    "egg:stealthrock",
    "egg:swift",
    "egg:toxicspikes",
    "tm:bodypress",
    "tm:bulldoze",
    "tm:dig",
    "tm:earthquake",
    "tm:explosion",
    "tm:facade",
    "tm:flashcannon",
    "tm:gigadrain",
    "tm:gyroball",
    "tm:hiddenpower",
    "tm:icespinner",
    "tm:lightscreen",
    "tm:protect",
    "tm:reflect",
    "tm:rest",
    "tm:return",
    "tm:rockpolish",
    "tm:rockslide",
    "tm:rocksmash",
    "tm:rocktomb",
    "tm:sandstorm",
    "tm:sleeptalk",
    "tm:solarbeam",
    "tm:spikes",
    "tm:stealthrock",
    "tm:steelbeam",
    "tm:strength",
    "tm:substitute",
    "tm:sunnyday",
    "tm:toxic",
    "tm:venoshock",
    "tm:voltswitch",
    "tutor:block",
    "tutor:bodypress",
    "tutor:bodyslam",
    "tutor:bugbite",
    "tutor:bugbuzz",
    "tutor:confide",
    "tutor:drillrun",
    "tutor:gravity",
    "tutor:heavyslam",
    "tutor:irondefense",
    "tutor:laserfocus",
    "tutor:magnetrise",
    "tutor:painsplit",
    "tutor:pinmissile",
    "tutor:reversal",
    "tutor:sandtomb",
    "tutor:signalbeam",
    "tutor:snore",
    "tutor:spikes",
    "tutor:toxicspikes"
  ]
}