{
  "target": "cobblemon:furret",
  "abilities": [
    "adaptability",
    "frisk"
  ],
  "baseStats": {
    "hp": 85,
    "attack": 86,
    "defence": 64,
    "special_attack": 45,
    "special_defence": 55,
    "speed": 90
  },
  "moves": [
    "1:agility",
    "1:coil",
    "1:defensecurl",
    "1:foresight",
    "1:quickattack",
    "1:scratch",
    "13:headbutt",
    "17:helpinghand",
    "21:followme",
    "28:slam",
    "32:suckerpunch",
    "36:extremespeed",
    "42:amnesia",
    "50:mefirst",
    "52:tidyup",
    "56:doubleedge",
    "egg:assist",
    "egg:babydolleyes",
    "egg:captivate",
    "egg:charm",
    "egg:covet",
    "egg:doubleedge",
    "egg:focusenergy",
    "egg:irontail",
    "egg:naturalgift",
    "egg:pursuit",
    "egg:reversal",
    "egg:slash",
    "egg:trick",
    "tm:blizzard",
    "tm:brickbreak",
    "tm:chargebeam",
    "tm:cut",
    "tm:dig",
    "tm:facade",
    "tm:flamethrower",
    "tm:focusblast",
    "tm:focuspunch",
    "tm:grassknot",
    "tm:hiddenpower",
    "tm:honeclaws",
    "tm:hypervoice",
    "tm:icebeam",
    "tm:irontail",
    "tm:poweruppunch",
    "tm:protect",
    "tm:raindance",
    "tm:rest",
    "tm:return",
    "tm:rocksmash",
    "tm:shadowball",
    "tm:shadowclaw",
    "tm:sleeptalk",
    "tm:solarbeam",
    "tm:strength",
    "tm:substitute",
    "tm:sunnyday",
    "tm:surf",
    "tm:thief",
    "tm:thunder",
    "tm:thunderbolt",
    "tm:toxic",
    "tm:uturn",
    "tm:workup",
    "tm:playrough",
    "tutor:agility",
    "tutor:aquatail",
    "tutor:batonpass",
    "tutor:bodyslam",
    "tutor:confide",
    "tutor:covet",
    "tutor:firepunch",
    "tutor:focusenergy",
    "tutor:helpinghand",
    "tutor:hypervoice",
    "tutor:icepunch",
    "tutor:knockoff",
    "tutor:lastresort",
    "tutor:reversal",
    "tutor:snore",
    "tutor:superfang",
    "tutor:tailslap",
    "tutor:thunderpunch",
    "tutor:trick",
    "tutor:uproar",
    "tutor:whirlpool"
  ]
}