{
  "target": "cobblemon:girafarig",
  "abilities": [
    "sapsipper",
    "earlybird",
    "h:innerfocus"
  ],
  "baseStats": {
    "hp": 70,
    "attack": 80,
    "defence": 65,
    "special_attack": 90,
    "special_defence": 65,
    "speed": 85
  },
  "moves": [
    "1:astonish",
    "1:confusion",
    "1:growl",
    "1:guardswap",
    "1:powerswap",
    "1:tackle",
    "10:assurance",
    "14:stomp",
    "19:psybeam",
    "23:agility",
    "28:doublehit",
    "32:twinbeam",
    "37:crunch",
    "46:nastyplot",
    "50:psychic",
    "egg:amnesia",
    "egg:beatup",
    "egg:doublekick",
    "egg:foresight",
    "egg:futuresight",
    "egg:magiccoat",
    "egg:meanlook",
    "egg:mirrorcoat",
    "egg:psychicfangs",
    "egg:psychicterrain",
    "egg:razorwind",
    "egg:secretpower",
    "egg:skillswap",
    "egg:takedown",
    "egg:wish",
    "tm:bulldoze",
    "tm:calmmind",
    "tm:chargebeam",
    "tm:dazzlinggleam",
    "tm:earthquake",
    "tm:energyball",
    "tm:expandingforce",
    "tm:facade",
    "tm:flash",
    "tm:futuresight",
    "tm:grassknot",
    "tm:hiddenpower",
    "tm:hypervoice",
    "tm:irontail",
    "tm:lightscreen",
    "tm:protect",
    "tm:psychic",
    "tm:psyshock",
    "tm:raindance",
    "tm:reflect",
    "tm:rest",
    "tm:return",
    "tm:rocksmash",
    "tm:shadowball",
    "tm:sleeptalk",
    "tm:strength",
    "tm:substitute",
    "tm:sunnyday",
    "tm:thief",
    "tm:thunder",
    "tm:thunderbolt",
    "tm:thunderwave",
    "tm:toxic",
    "tm:trailblaze",
    "tm:trickroom",
    "tm:workup",
    "tm:psychicnoise",
    "tutor:agility",
    "tutor:batonpass",
    "tutor:bodyslam",
    "tutor:confide",
    "tutor:crunch",
    "tutor:foulplay",
    "tutor:gravity",
    "tutor:helpinghand",
    "tutor:hypervoice",
    "tutor:magiccoat",
    "tutor:nastyplot",
    "tutor:psychicfangs",
    "tutor:psychicterrain",
    "tutor:psychup",
    "tutor:signalbeam",
    "tutor:snore",
    "tutor:stompingtantrum",
    "tutor:trick",
    "tutor:uproar",
    "tutor:zenheadbutt"
  ]
}