{
  "target": "cobblemon:gligar",
  "abilities": [
    "hypercutter",
    "sandveil",
    "h:immunity"
  ],
  "baseStats": {
    "hp": 65,
    "attack": 75,
    "defence": 105,
    "special_attack": 35,
    "special_defence": 65,
    "speed": 85
  },
  "moves": [
    "1:poisonsting",
    "7:harden",
    "10:knockoff",
    "13:quickattack",
    "16:furycutter",
    "19:feintattack",
    "22:acrobatics",
    "27:slash",
    "30:uturn",
    "40:xscissor",
    "45:skyuppercut",
    "50:swordsdance",
    "60:earthquake",
    "egg:agility",
    "egg:counter",
    "egg:crosspoison",
    "egg:doubleedge",
    "egg:feint",
    "egg:metalclaw",
    "egg:nightslash",
    "egg:poisontail",
    "egg:powertrick",
    "egg:razorwind",
    "egg:rockclimb",
    "egg:sandtomb",
    "egg:wingattack",
    "tm:acrobatics",
    "tm:aerialace",
    "tm:brickbreak",
    "tm:bulldoze",
    "tm:cut",
    "tm:darkpulse",
    "tm:defog",
    "tm:dig",
    "tm:dualwingbeat",
    "tm:earthquake",
    "tm:facade",
    "tm:fly",
    "tm:hiddenpower",
    "tm:honeclaws",
    "tm:irontail",
    "tm:poisonjab",
    "tm:protect",
    "tm:raindance",
    "tm:rest",
    "tm:return",
    "tm:rockpolish",
    "tm:rockslide",
    "tm:rocksmash",
    "tm:rocktomb",
    "tm:roost",
    "tm:sandstorm",
    "tm:sleeptalk",
    "tm:sludgebomb",
    "tm:stealthrock",
    "tm:steelwing",
    "tm:stoneedge",
    "tm:strength",
    "tm:substitute",
    "tm:sunnyday",
    "tm:swordsdance",
    "tm:taunt",
    "tm:thief",
    "tm:toxic",
    "tm:uturn",
    "tm:venoshock",
    "tm:xscissor",
    "tutor:agility",
    "tutor:aquatail",
    "tutor:batonpass",
    "tutor:bugbite",
    "tutor:confide",
    "tutor:crosspoison",
    "tutor:earthpower",
    "tutor:knockoff",
    "tutor:pinmissile",
    "tutor:powerwhip",
    "tutor:sandtomb",
    "tutor:screech",
    "tutor:snore",
    "tutor:tailwind",
    "tutor:throatchop",
    "tutor:spikes",
    "tutor:toxicspikes"
  ]
}