{
  "target": "cobblemon:granbull",
  "primaryType": "fairy",
  "secondaryType": "fighting",
  "abilities": [
    "intimidate",
    "strongjaw",
    "h:bullrush"
  ],
  "baseStats": {
    "hp": 100,
    "attack": 120,
    "defence": 75,
    "special_attack": 60,
    "special_defence": 60,
    "speed": 45
  },
  "moves": [
    "1:brickbreak",
    "1:charm",
    "1:firefang",
    "1:icefang",
    "1:outrage",
    "1:scaryface",
    "1:tackle",
    "1:tailwhip",
    "1:thunderfang",
    "7:bite",
    "13:covet",
    "19:headbutt",
    "27:roar",
    "30:rage",
    "34:playrough",
    "44:jawlock",
    "48:ragingbull",
    "51:payback",
    "55:hammerarm",
    "59:crunch",
    "egg:crunch",
    "egg:faketears",
    "egg:feintattack",
    "egg:firefang",
    "egg:focuspunch",
    "egg:healbell",
    "egg:icefang",
    "egg:metronome",
    "egg:mimic",
    "egg:present",
    "egg:smellingsalts",
    "egg:snore",
    "egg:thunderfang",
    "tm:brickbreak",
    "tm:bulkup",
    "tm:bulldoze",
    "tm:dazzlinggleam",
    "tm:dig",
    "tm:earthquake",
    "tm:facade",
    "tm:fireblast",
    "tm:flamethrower",
    "tm:focusblast",
    "tm:focuspunch",
    "tm:hiddenpower",
    "tm:hypervoice",
    "tm:irontail",
    "tm:lowkick",
    "tm:mistyexplosion",
    "tm:overheat",
    "tm:poweruppunch",
    "tm:protect",
    "tm:raindance",
    "tm:reflect",
    "tm:rest",
    "tm:return",
    "tm:roar",
    "tm:rockclimb",
    "tm:rockslide",
    "tm:rocksmash",
    "tm:rocktomb",
    "tm:shadowball",
    "tm:sleeptalk",
    "tm:sludgebomb",
    "tm:snarl",
    "tm:solarbeam",
    "tm:stoneedge",
    "tm:strength",
    "tm:substitute",
    "tm:sunnyday",
    "tm:superpower",
    "tm:taunt",
    "tm:thief",
    "tm:thunder",
    "tm:thunderbolt",
    "tm:thunderwave",
    "tm:toxic",
    "tm:wildcharge",
    "tm:workup",
    "tm:drainpunch",
    "tm:temperflare",
    "tutor:bodyslam",
    "tutor:closecombat",
    "tutor:confide",
    "tutor:covet",
    "tutor:crunch",
    "tutor:faketears",
    "tutor:firefang",
    "tutor:firepunch",
    "tutor:flareblitz",
    "tutor:healbell",
    "tutor:helpinghand",
    "tutor:hypervoice",
    "tutor:icefang",
    "tutor:icepunch",
    "tutor:lastresort",
    "tutor:lowkick",
    "tutor:outrage",
    "tutor:playrough",
    "tutor:psychicfangs",
    "tutor:scaryface",
    "tutor:snore",
    "tutor:stompingtantrum",
    "tutor:superfang",
    "tutor:superpower",
    "tutor:thunderfang",
    "tutor:thunderpunch"
  ]
}