{
  "target": "cobblemon:heracross",
  "abilities": [
    "swarm",
    "guts",
    "h:moxie"
  ],
  "baseStats": {
    "hp": 80,
    "attack": 125,
    "defence": 75,
    "special_attack": 40,
    "special_defence": 95,
    "speed": 85
  },
  "moves": [
    "1:armthrust",
    "1:bulletseed",
    "1:endure",
    "1:hornattack",
    "1:leer",
    "1:nightslash",
    "1:pounce",
    "7:feint",
    "10:aerialace",
    "16:chipaway",
    "19:counter",
    "25:furyattack",
    "28:brickbreak",
    "31:pinmissile",
    "34:takedown",
    "37:megahorn",
    "43:closecombat",
    "46:reversal",
    "100:firstimpression",
    "egg:bide",
    "egg:doubleedge",
    "egg:flail",
    "egg:focuspunch",
    "egg:harden",
    "egg:megahorn",
    "egg:pursuit",
    "egg:revenge",
    "egg:rockblast",
    "egg:seismictoss",
    "tm:aerialace",
    "tm:brickbreak",
    "tm:bulkup",
    "tm:bulldoze",
    "tm:bulletseed",
    "tm:calmmind",
    "tm:coaching",
    "tm:cut",
    "tm:dig",
    "tm:earthquake",
    "tm:facade",
    "tm:focusblast",
    "tm:focuspunch",
    "tm:hiddenpower",
    "tm:lowkick",
    "tm:protect",
    "tm:raindance",
    "tm:rest",
    "tm:return",
    "tm:rockslide",
    "tm:rocksmash",
    "tm:rocktomb",
    "tm:shadowclaw",
    "tm:sleeptalk",
    "tm:spikes",
    "tm:stoneedge",
    "tm:strength",
    "tm:substitute",
    "tm:sunnyday",
    "tm:swordsdance",
    "tm:thief",
    "tm:toxic",
    "tm:trailblaze",
    "tm:venoshock",
    "tm:workup",
    "tutor:bodyslam",
    "tutor:bugbite",
    "tutor:closecombat",
    "tutor:confide",
    "tutor:drillrun",
    "tutor:helpinghand",
    "tutor:highhorsepower",
    "tutor:irondefense",
    "tutor:knockoff",
    "tutor:lowkick",
    "tutor:megahorn",
    "tutor:outrage",
    "tutor:pinmissile",
    "tutor:reversal",
    "tutor:rockblast",
    "tutor:snore",
    "tutor:spikes",
    "tutor:throatchop",
    "tutor:vacuumwave"
  ]
}