{
  "target": "cobblemon:hitmontop",
  "abilities": [
    "intimidate",
    "technician",
    "h:steadfast"
  ],
  "baseStats": {
    "hp": 50,
    "attack": 95,
    "defence": 95,
    "special_attack": 35,
    "special_defence": 110,
    "speed": 70
  },
  "moves": [
    "1:counter",
    "1:detect",
    "1:endeavor",
    "1:machpunch",
    "1:pursuit",
    "1:revenge",
    "1:rollingkick",
    "6:focusenergy",
    "15:quickattack",
    "19:rapidspin",
    "24:feint",
    "28:suckerpunch",
    "33:closecombat",
    "37:agility",
    "42:spinout",
    "46:quickguard",
    "46:wideguard",
    "55:triplekick",
    "egg:bulletpunch",
    "egg:counter",
    "egg:endure",
    "egg:fakeout",
    "egg:feint",
    "egg:helpinghand",
    "egg:machpunch",
    "egg:pursuit",
    "egg:rapidspin",
    "egg:skullbash",
    "egg:vacuumwave",
    "tm:aerialace",
    "tm:brickbreak",
    "tm:bulkup",
    "tm:bulldoze",
    "tm:coaching",
    "tm:dig",
    "tm:earthquake",
    "tm:facade",
    "tm:focusblast",
    "tm:gyroball",
    "tm:hiddenpower",
    "tm:lowkick",
    "tm:lowsweep",
    "tm:protect",
    "tm:raindance",
    "tm:rest",
    "tm:return",
    "tm:rockslide",
    "tm:rocksmash",
    "tm:sandstorm",
    "tm:sleeptalk",
    "tm:stoneedge",
    "tm:strength",
    "tm:substitute",
    "tm:sunnyday",
    "tm:thief",
    "tm:toxic",
    "tm:tripleaxel",
    "tm:workup",
    "tutor:agility",
    "tutor:bodyslam",
    "tutor:closecombat",
    "tutor:confide",
    "tutor:covet",
    "tutor:drillrun",
    "tutor:endeavor",
    "tutor:focusenergy",
    "tutor:helpinghand",
    "tutor:laserfocus",
    "tutor:lowkick",
    "tutor:roleplay",
    "tutor:snore",
    "tutor:uproar",
    "tutor:vacuumwave"
  ]
}