{
  "target": "cobblemon:hooh",
  "abilities": [
    "pressure",
    "regenerator",
    "h:phoenixdown"
  ],
  "baseStats": {
    "hp": 106,
    "attack": 130,
    "defence": 90,
    "special_attack": 110,
    "special_defence": 154,
    "speed": 90
  },
  "moves": [
    "1:weatherball",
    "1:whirlwind",
    "9:dualwingbeat",
    "15:bravebird",
    "23:extrasensory",
    "23:gust",
    "29:sunnyday",
    "37:fireblast",
    "37:swift",
    "43:sacredfire",
    "50:punishment",
    "57:ancientpower",
    "65:safeguard",
    "71:recover",
    "79:futuresight",
    "85:naturalgift",
    "93:calmmind",
    "99:skyattack",
    "tm:aerialace",
    "tm:bravebird",
    "tm:bulldoze",
    "tm:calmmind",
    "tm:chargebeam",
    "tm:defog",
    "tm:dualwingbeat",
    "tm:earthquake",
    "tm:facade",
    "tm:fireblast",
    "tm:flamecharge",
    "tm:flamethrower",
    "tm:flash",
    "tm:fly",
    "tm:futuresight",
    "tm:gigadrain",
    "tm:hiddenpower",
    "tm:hypervoice",
    "tm:lightscreen",
    "tm:overheat",
    "tm:pluck",
    "tm:protect",
    "tm:psychic",
    "tm:raindance",
    "tm:reflect",
    "tm:rest",
    "tm:return",
    "tm:roar",
    "tm:rocksmash",
    "tm:roost",
    "tm:sandstorm",
    "tm:scorchingsands",
    "tm:shadowball",
    "tm:sleeptalk",
    "tm:solarbeam",
    "tm:steelwing",
    "tm:strength",
    "tm:substitute",
    "tm:sunnyday",
    "tm:thunder",
    "tm:thunderbolt",
    "tm:thunderwave",
    "tm:toxic",
    "tm:willowisp",
    "tutor:airslash",
    "tutor:bravebird",
    "tutor:celebrate",
    "tutor:confide",
    "tutor:earthpower",
    "tutor:firespin",
    "tutor:flareblitz",
    "tutor:heatwave",
    "tutor:helpinghand",
    "tutor:hypervoice",
    "tutor:ironhead",
    "tutor:laserfocus",
    "tutor:mysticalfire",
    "tutor:psychup",
    "tutor:signalbeam",
    "tutor:skyattack",
    "tutor:snore",
    "tutor:tailwind",
    "tutor:weatherball",
    "tutor:zenheadbutt"
  ]
}