{
  "target": "cobblemon:hoothoot",
  "abilities": [
    "tintedlens",
    "frisk",
    "h:insomnia"
  ],
  "baseStats": {
    "hp": 60,
    "attack": 30,
    "defence": 30,
    "special_attack": 36,
    "special_defence": 56,
    "speed": 50
  },
  "moves": [
    "1:foresight",
    "1:growl",
    "1:tackle",
    "4:hypnosis",
    "7:peck",
    "10:confusion",
    "13:echoedvoice",
    "16:zenheadbutt",
    "19:psychoshift",
    "22:extrasensory",
    "25:airslash",
    "28:reflect",
    "34:uproar",
    "37:roost",
    "40:moonblast",
    "43:synchronoise",
    "46:dreameater",
    "egg:agility",
    "egg:defog",
    "egg:featherdance",
    "egg:feintattack",
    "egg:hurricane",
    "egg:meanlook",
    "egg:mirrormove",
    "egg:nightshade",
    "egg:skyattack",
    "egg:supersonic",
    "egg:whirlwind",
    "egg:wingattack",
    "tm:aerialace",
    "tm:bravebird",
    "tm:calmmind",
    "tm:defog",
    "tm:dualwingbeat",
    "tm:facade",
    "tm:flash",
    "tm:fly",
    "tm:futuresight",
    "tm:hiddenpower",
    "tm:hypervoice",
    "tm:pluck",
    "tm:protect",
    "tm:psychic",
    "tm:raindance",
    "tm:reflect",
    "tm:rest",
    "tm:return",
    "tm:roost",
    "tm:shadowball",
    "tm:sleeptalk",
    "tm:steelwing",
    "tm:substitute",
    "tm:sunnyday",
    "tm:thief",
    "tm:toxic",
    "tm:workup",
    "tutor:agility",
    "tutor:airslash",
    "tutor:confide",
    "tutor:heatwave",
    "tutor:hurricane",
    "tutor:hypervoice",
    "tutor:magiccoat",
    "tutor:nastyplot",
    "tutor:psychup",
    "tutor:screech",
    "tutor:skyattack",
    "tutor:snore",
    "tutor:storedpower",
    "tutor:tailwind",
    "tutor:uproar",
    "tutor:zenheadbutt"
  ]
}