{
  "target": "cobblemon:hoppip",
  "abilities": [
    "chlorophyll",
    "leafguard",
    "h:infiltrator"
  ],
  "baseStats": {
    "hp": 35,
    "attack": 35,
    "defence": 40,
    "special_attack": 35,
    "special_defence": 55,
    "speed": 50
  },
  "moves": [
    "1:absorb",
    "1:splash",
    "4:synthesis",
    "6:tailwhip",
    "8:tackle",
    "10:fairywind",
    "12:poisonpowder",
    "14:stunspore",
    "16:sleeppowder",
    "19:bulletseed",
    "22:leechseed",
    "25:megadrain",
    "28:acrobatics",
    "31:ragepowder",
    "34:cottonspore",
    "37:uturn",
    "40:worryseed",
    "43:gigadrain",
    "46:bounce",
    "49:memento",
    "egg:amnesia",
    "egg:aromatherapy",
    "egg:confusion",
    "egg:cottonguard",
    "egg:doubleedge",
    "egg:encore",
    "egg:endure",
    "egg:grassyterrain",
    "egg:helpinghand",
    "egg:seedbomb",
    "egg:strengthsap",
    "egg:worryseed",
    "tm:acrobatics",
    "tm:aerialace",
    "tm:bulletseed",
    "tm:dazzlinggleam",
    "tm:energyball",
    "tm:facade",
    "tm:flash",
    "tm:fly",
    "tm:gigadrain",
    "tm:grassknot",
    "tm:grassyglide",
    "tm:hiddenpower",
    "tm:protect",
    "tm:reflect",
    "tm:rest",
    "tm:return",
    "tm:sleeptalk",
    "tm:solarbeam",
    "tm:substitute",
    "tm:sunnyday",
    "tm:swordsdance",
    "tm:toxic",
    "tm:trailblaze",
    "tm:uturn",
    "tutor:batonpass",
    "tutor:bounce",
    "tutor:confide",
    "tutor:encore",
    "tutor:grassyterrain",
    "tutor:helpinghand",
    "tutor:psychup",
    "tutor:seedbomb",
    "tutor:snore",
    "tutor:synthesis",
    "tutor:worryseed"
  ]
}