{
  "target": "cobblemon:houndour",
  "abilities": [
    "earlybird",
    "flashfire",
    "h:unnerve"
  ],
  "baseStats": {
    "hp": 45,
    "attack": 60,
    "defence": 30,
    "special_attack": 80,
    "special_defence": 50,
    "speed": 65
  },
  "moves": [
    "1:incinerate",
    "1:leer",
    "4:howl",
    "8:snarl",
    "13:roar",
    "15:bite",
    "16:suckerpunch",
    "20:beatup",
    "28:darkpulse",
    "30:scorchingsands",
    "33:embargo",
    "37:comeuppance",
    "40:foulplay",
    "44:flamethrower",
    "49:crunch",
    "52:nastyplot",
    "56:inferno",
    "egg:beatup",
    "egg:counter",
    "egg:destinybond",
    "egg:feint",
    "egg:firefang",
    "egg:firespin",
    "egg:nastyplot",
    "egg:punishment",
    "egg:pursuit",
    "egg:rage",
    "egg:reversal",
    "egg:spite",
    "egg:suckerpunch",
    "egg:thunderfang",
    "tm:darkpulse",
    "tm:facade",
    "tm:fireblast",
    "tm:flamecharge",
    "tm:flamethrower",
    "tm:hiddenpower",
    "tm:hypervoice",
    "tm:irontail",
    "tm:overheat",
    "tm:protect",
    "tm:rest",
    "tm:return",
    "tm:roar",
    "tm:rocksmash",
    "tm:scorchingsands",
    "tm:shadowball",
    "tm:sleeptalk",
    "tm:sludgebomb",
    "tm:snarl",
    "tm:solarbeam",
    "tm:substitute",
    "tm:sunnyday",
    "tm:taunt",
    "tm:thief",
    "tm:toxic",
    "tm:trailblaze",
    "tm:willowisp",
    "tm:temperflare",
    "tutor:bodyslam",
    "tutor:confide",
    "tutor:crunch",
    "tutor:firefang",
    "tutor:firespin",
    "tutor:foulplay",
    "tutor:heatwave",
    "tutor:hypervoice",
    "tutor:nastyplot",
    "tutor:reversal",
    "tutor:roleplay",
    "tutor:snatch",
    "tutor:snore",
    "tutor:spite",
    "tutor:superfang",
    "tutor:thunderfang",
    "tutor:uproar"
  ]
}