{
  "target": "cobblemon:igglybuff",
  "abilities": [
    "cutecharm",
    "competitive",
    "h:friendguard"
  ],
  "baseStats": {
    "hp": 90,
    "attack": 30,
    "defence": 15,
    "special_attack": 40,
    "special_defence": 20,
    "speed": 15
  },
  "moves": [
    "1:charm",
    "1:sing",
    "3:defensecurl",
    "5:pound",
    "9:sweetkiss",
    "11:copycat",
    "65:lovelykiss",
    "egg:captivate",
    "egg:covet",
    "egg:faketears",
    "egg:feintattack",
    "egg:gravity",
    "egg:healpulse",
    "egg:mistyterrain",
    "egg:perishsong",
    "egg:present",
    "egg:punishment",
    "egg:sleeptalk",
    "egg:wish",
    "tm:dig",
    "tm:drainingkiss",
    "tm:facade",
    "tm:fireblast",
    "tm:flamethrower",
    "tm:flash",
    "tm:grassknot",
    "tm:hiddenpower",
    "tm:hypervoice",
    "tm:icywind",
    "tm:lightscreen",
    "tm:protect",
    "tm:psychic",
    "tm:raindance",
    "tm:reflect",
    "tm:rest",
    "tm:return",
    "tm:shadowball",
    "tm:sleeptalk",
    "tm:solarbeam",
    "tm:substitute",
    "tm:sunnyday",
    "tm:thunderwave",
    "tm:toxic",
    "tm:trailblaze",
    "tm:wildcharge",
    "tm:workup",
    "tm:alluringvoice",
    "tutor:bodyslam",
    "tutor:bounce",
    "tutor:confide",
    "tutor:covet",
    "tutor:endeavor",
    "tutor:faketears",
    "tutor:gravity",
    "tutor:healbell",
    "tutor:helpinghand",
    "tutor:hypervoice",
    "tutor:icywind",
    "tutor:lastresort",
    "tutor:magiccoat",
    "tutor:mistyterrain",
    "tutor:painsplit",
    "tutor:playrough",
    "tutor:psychup",
    "tutor:roleplay",
    "tutor:screech",
    "tutor:snore",
    "tutor:uproar"
  ]
}