{
  "target": "cobblemon:jumpluff",
  "abilities": [
    "chlorophyll",
    "leafguard",
    "h:aerilate"
  ],
  "baseStats": {
    "hp": 75,
    "attack": 85,
    "defence": 70,
    "special_attack": 35,
    "special_defence": 95,
    "speed": 110
  },
  "moves": [
    "1:absorb",
    "1:doubleedge",
    "1:splash",
    "4:synthesis",
    "6:tailwhip",
    "8:tackle",
    "10:fairywind",
    "12:poisonpowder",
    "14:stunspore",
    "16:sleeppowder",
    "20:bulletseed",
    "24:leechseed",
    "29:megadrain",
    "34:acrobatics",
    "39:ragepowder",
    "44:cottonspore",
    "49:uturn",
    "54:worryseed",
    "59:leafblade",
    "64:bounce",
    "69:memento",
    "egg:amnesia",
    "egg:aromatherapy",
    "egg:confusion",
    "egg:cottonguard",
    "egg:doubleedge",
    "egg:encore",
    "egg:endure",
    "egg:grassyterrain",
    "egg:helpinghand",
    "egg:seedbomb",
    "egg:strengthsap",
    "egg:worryseed",
    "tm:acrobatics",
    "tm:aerialace",
    "tm:bulletseed",
    "tm:dazzlinggleam",
    "tm:energyball",
    "tm:facade",
    "tm:flash",
    "tm:fly",
    "tm:gigadrain",
    "tm:grassknot",
    "tm:grassyglide",
    "tm:hiddenpower",
    "tm:protect",
    "tm:reflect",
    "tm:rest",
    "tm:return",
    "tm:sleeptalk",
    "tm:solarbeam",
    "tm:solarblade",
    "tm:substitute",
    "tm:sunnyday",
    "tm:swordsdance",
    "tm:toxic",
    "tm:trailblaze",
    "tm:uturn",
    "tutor:batonpass",
    "tutor:bounce",
    "tutor:confide",
    "tutor:encore",
    "tutor:grassyterrain",
    "tutor:helpinghand",
    "tutor:leafblade",
    "tutor:leafstorm",
    "tutor:pollenpuff",
    "tutor:psychup",
    "tutor:seedbomb",
    "tutor:snore",
    "tutor:synthesis",
    "tutor:worryseed"
  ]
}