{
  "target": "cobblemon:kingdra",
  "abilities": [
    "swiftswim",
    "sniper",
    "h:damp"
  ],
  "baseStats": {
    "hp": 75,
    "attack": 95,
    "defence": 95,
    "special_attack": 95,
    "special_defence": 95,
    "speed": 85
  },
  "moves": [
    "1:bubble",
    "1:hydropump",
    "1:watergun",
    "1:yawn",
    "9:leer",
    "17:twister",
    "21:bubblebeam",
    "26:focusenergy",
    "31:brine",
    "38:agility",
    "45:dragonpulse",
    "52:dragondance",
    "70:snipeshot",
    "egg:aurorabeam",
    "egg:clearsmog",
    "egg:disable",
    "egg:dragonbreath",
    "egg:dragonrage",
    "egg:flail",
    "egg:muddywater",
    "egg:outrage",
    "egg:razorwind",
    "egg:signalbeam",
    "egg:splash",
    "egg:waterpulse",
    "tm:blizzard",
    "tm:dracobarrage",
    "tm:dragondance",
    "tm:dragonpulse",
    "tm:facade",
    "tm:flashcannon",
    "tm:flipturn",
    "tm:snowscape",
    "tm:hiddenpower",
    "tm:icebeam",
    "tm:icywind",
    "tm:protect",
    "tm:raindance",
    "tm:rest",
    "tm:return",
    "tm:scald",
    "tm:scaleshot",
    "tm:sleeptalk",
    "tm:substitute",
    "tm:surf",
    "tm:toxic",
    "tm:waterfall",
    "tutor:agility",
    "tutor:bodyslam",
    "tutor:bounce",
    "tutor:breakingswipe",
    "tutor:confide",
    "tutor:dracometeor",
    "tutor:dragondance",
    "tutor:focusenergy",
    "tutor:hurricane",
    "tutor:hydropump",
    "tutor:icywind",
    "tutor:ironhead",
    "tutor:laserfocus",
    "tutor:liquidation",
    "tutor:muddywater",
    "tutor:outrage",
    "tutor:signalbeam",
    "tutor:snore",
    "tutor:whirlpool"
  ]
}