{
  "target": "cobblemon:lanturn",
  "abilities": [
    "voltabsorb",
    "illuminate",
    "h:waterabsorb"
  ],
  "baseStats": {
    "hp": 125,
    "attack": 58,
    "defence": 58,
    "special_attack": 76,
    "special_defence": 76,
    "speed": 67
  },
  "moves": [
    "1:bubble",
    "1:eerieimpulse",
    "1:icywind",
    "1:spitup",
    "1:spotlight",
    "1:stockpile",
    "1:supersonic",
    "1:swallow",
    "1:thunderwave",
    "9:electroball",
    "12:shockwave",
    "17:confuseray",
    "20:bubblebeam",
    "23:spark",
    "29:signalbeam",
    "33:scald",
    "37:discharge",
    "47:aquaring",
    "51:hydropump",
    "54:iondeluge",
    "55:paraboliccharge",
    "58:charge",
    "egg:agility",
    "egg:amnesia",
    "egg:brine",
    "egg:flail",
    "egg:mist",
    "egg:psybeam",
    "egg:screech",
    "egg:shockwave",
    "egg:soak",
    "egg:waterpulse",
    "egg:whirlpool",
    "tm:blizzard",
    "tm:chargebeam",
    "tm:dazzlinggleam",
    "tm:facade",
    "tm:flash",
    "tm:flipturn",
    "tm:snowscape",
    "tm:hiddenpower",
    "tm:icebeam",
    "tm:icywind",
    "tm:protect",
    "tm:raindance",
    "tm:rest",
    "tm:return",
    "tm:risingvoltage",
    "tm:scald",
    "tm:sleeptalk",
    "tm:substitute",
    "tm:surf",
    "tm:thunder",
    "tm:thunderbolt",
    "tm:thunderwave",
    "tm:toxic",
    "tm:voltswitch",
    "tm:waterfall",
    "tm:wildcharge",
    "tutor:agility",
    "tutor:aquatail",
    "tutor:bounce",
    "tutor:confide",
    "tutor:electroball",
    "tutor:healbell",
    "tutor:hydropump",
    "tutor:icywind",
    "tutor:screech",
    "tutor:signalbeam",
    "tutor:snore",
    "tutor:whirlpool"
  ]
}