{
  "target": "cobblemon:larvitar",
  "abilities": [
    "guts",
    "h:sandveil"
  ],
  "baseStats": {
    "hp": 50,
    "attack": 64,
    "defence": 50,
    "special_attack": 45,
    "special_defence": 50,
    "speed": 41
  },
  "moves": [
    "1:bite",
    "1:leer",
    "5:sandstorm",
    "10:screech",
    "14:chipaway",
    "19:rockslide",
    "23:scaryface",
    "28:thrash",
    "32:darkpulse",
    "37:payback",
    "41:crunch",
    "46:earthquake",
    "50:stoneedge",
    "55:hyperbeam",
    "egg:ancientpower",
    "egg:assurance",
    "egg:curse",
    "egg:dragondance",
    "egg:focusenergy",
    "egg:irondefense",
    "egg:ironhead",
    "egg:irontail",
    "egg:outrage",
    "egg:pursuit",
    "egg:stealthrock",
    "egg:stomp",
    "tm:brickbreak",
    "tm:bulldoze",
    "tm:darkpulse",
    "tm:dig",
    "tm:dragondance",
    "tm:earthquake",
    "tm:facade",
    "tm:hiddenpower",
    "tm:irontail",
    "tm:meteorbeam",
    "tm:poweruppunch",
    "tm:protect",
    "tm:raindance",
    "tm:rest",
    "tm:return",
    "tm:rockpolish",
    "tm:rockslide",
    "tm:rocksmash",
    "tm:rocktomb",
    "tm:sandstorm",
    "tm:sleeptalk",
    "tm:snarl",
    "tm:stealthrock",
    "tm:stoneedge",
    "tm:substitute",
    "tm:sunnyday",
    "tm:superpower",
    "tm:taunt",
    "tm:toxic",
    "tutor:bodyslam",
    "tutor:confide",
    "tutor:crunch",
    "tutor:dragondance",
    "tutor:earthpower",
    "tutor:focusenergy",
    "tutor:irondefense",
    "tutor:ironhead",
    "tutor:muddywater",
    "tutor:outrage",
    "tutor:sandtomb",
    "tutor:scaryface",
    "tutor:screech",
    "tutor:snore",
    "tutor:spite",
    "tutor:stompingtantrum",
    "tutor:superpower",
    "tutor:uproar"
  ]
}