{
  "target": "cobblemon:ledian",
  "primaryType": "bug",
  "secondaryType": "fighting",
  "abilities": [
    "swarm",
    "ironfist"
  ],
  "baseStats": {
    "hp": 55,
    "attack": 90,
    "defence": 50,
    "special_attack": 35,
    "special_defence": 100,
    "speed": 85
  },
  "moves": [
    "1:poweruppunch",
    "1:swift",
    "1:tackle",
    "12:lightscreen",
    "12:reflect",
    "12:safeguard",
    "15:machpunch",
    "20:bugbite",
    "24:cometpunch",
    "27:thunderpunch",
    "33:agility",
    "38:lunge",
    "47:drainpunch",
    "52:closecombat",
    "55:firstimpression",
    "63:victorydance",
    "egg:bide",
    "egg:bugbite",
    "egg:bugbuzz",
    "egg:counter",
    "egg:dizzypunch",
    "egg:drainpunch",
    "egg:encore",
    "egg:endure",
    "egg:focuspunch",
    "egg:knockoff",
    "egg:psybeam",
    "egg:screech",
    "egg:silverwind",
    "egg:tailwind",
    "tm:acrobatics",
    "tm:aerialace",
    "tm:brickbreak",
    "tm:bulkup",
    "tm:defog",
    "tm:dig",
    "tm:drainpunch",
    "tm:dualwingbeat",
    "tm:facade",
    "tm:flash",
    "tm:focusblast",
    "tm:focuspunch",
    "tm:gigadrain",
    "tm:hiddenpower",
    "tm:lightscreen",
    "tm:poweruppunch",
    "tm:protect",
    "tm:reflect",
    "tm:rest",
    "tm:return",
    "tm:rocksmash",
    "tm:roost",
    "tm:sleeptalk",
    "tm:solarbeam",
    "tm:strength",
    "tm:substitute",
    "tm:sunnyday",
    "tm:swordsdance",
    "tm:thief",
    "tm:toxic",
    "tm:uturn",
    "tutor:agility",
    "tutor:airslash",
    "tutor:batonpass",
    "tutor:bugbite",
    "tutor:bugbuzz",
    "tutor:closecombat",
    "tutor:confide",
    "tutor:encore",
    "tutor:icepunch",
    "tutor:knockoff",
    "tutor:screech",
    "tutor:snore",
    "tutor:tailwind",
    "tutor:thunderpunch",
    "tutor:uproar"
  ]
}