{
  "target": "cobblemon:ledyba",
  "abilities": [
    "swarm",
    "earlybird"
  ],
  "baseStats": {
    "hp": 40,
    "attack": 20,
    "defence": 30,
    "special_attack": 40,
    "special_defence": 80,
    "speed": 55
  },
  "moves": [
    "1:tackle",
    "5:supersonic",
    "8:swift",
    "12:lightscreen",
    "12:reflect",
    "12:safeguard",
    "15:machpunch",
    "19:bugbite",
    "22:cometpunch",
    "29:agility",
    "33:bugbuzz",
    "40:doubleedge",
    "egg:bide",
    "egg:bugbite",
    "egg:bugbuzz",
    "egg:counter",
    "egg:dizzypunch",
    "egg:drainpunch",
    "egg:encore",
    "egg:endure",
    "egg:focuspunch",
    "egg:knockoff",
    "egg:psybeam",
    "egg:screech",
    "egg:silverwind",
    "egg:tailwind",
    "tm:acrobatics",
    "tm:aerialace",
    "tm:brickbreak",
    "tm:dig",
    "tm:drainpunch",
    "tm:dualwingbeat",
    "tm:facade",
    "tm:flash",
    "tm:focuspunch",
    "tm:gigadrain",
    "tm:hiddenpower",
    "tm:lightscreen",
    "tm:poweruppunch",
    "tm:protect",
    "tm:reflect",
    "tm:rest",
    "tm:return",
    "tm:roost",
    "tm:sleeptalk",
    "tm:solarbeam",
    "tm:substitute",
    "tm:sunnyday",
    "tm:swordsdance",
    "tm:thief",
    "tm:toxic",
    "tm:uturn",
    "tutor:agility",
    "tutor:airslash",
    "tutor:batonpass",
    "tutor:bugbite",
    "tutor:bugbuzz",
    "tutor:confide",
    "tutor:encore",
    "tutor:icepunch",
    "tutor:knockoff",
    "tutor:screech",
    "tutor:snore",
    "tutor:tailwind",
    "tutor:thunderpunch",
    "tutor:uproar"
  ]
}