{
  "target": "cobblemon:lugia",
  "abilities": [
    "pressure",
    "h:multiscale"
  ],
  "baseStats": {
    "hp": 106,
    "attack": 90,
    "defence": 130,
    "special_attack": 90,
    "special_defence": 154,
    "speed": 110
  },
  "moves": [
    "1:esperwing",
    "1:weatherball",
    "1:whirlwind",
    "9:gust",
    "15:dragonrush",
    "23:extrasensory",
    "23:confusion",
    "29:raindance",
    "37:hydropump",
    "43:aeroblast",
    "50:punishment",
    "57:ancientpower",
    "65:safeguard",
    "71:recover",
    "79:futuresight",
    "85:naturalgift",
    "93:calmmind",
    "99:skyattack",
    "tm:aerialace",
    "tm:blizzard",
    "tm:bulldoze",
    "tm:calmmind",
    "tm:chargebeam",
    "tm:defog",
    "tm:dragonpulse",
    "tm:dragontail",
    "tm:dualwingbeat",
    "tm:earthquake",
    "tm:expandingforce",
    "tm:facade",
    "tm:flash",
    "tm:fly",
    "tm:futuresight",
    "tm:gigadrain",
    "tm:snowscape",
    "tm:hiddenpower",
    "tm:hypervoice",
    "tm:icebeam",
    "tm:icywind",
    "tm:irontail",
    "tm:lightscreen",
    "tm:protect",
    "tm:psychic",
    "tm:psyshock",
    "tm:raindance",
    "tm:reflect",
    "tm:rest",
    "tm:return",
    "tm:roar",
    "tm:rocksmash",
    "tm:roost",
    "tm:sandstorm",
    "tm:scaleshot",
    "tm:shadowball",
    "tm:sleeptalk",
    "tm:steelwing",
    "tm:strength",
    "tm:substitute",
    "tm:sunnyday",
    "tm:surf",
    "tm:thunder",
    "tm:thunderbolt",
    "tm:thunderwave",
    "tm:toxic",
    "tm:waterfall",
    "tm:psychicnoise",
    "tutor:airslash",
    "tutor:aquatail",
    "tutor:bodyslam",
    "tutor:confide",
    "tutor:earthpower",
    "tutor:helpinghand",
    "tutor:hurricane",
    "tutor:hydropump",
    "tutor:hypervoice",
    "tutor:icywind",
    "tutor:ironhead",
    "tutor:laserfocus",
    "tutor:psychup",
    "tutor:signalbeam",
    "tutor:skyattack",
    "tutor:snore",
    "tutor:tailwind",
    "tutor:trick",
    "tutor:weatherball",
    "tutor:whirlpool",
    "tutor:wonderroom",
    "tutor:zenheadbutt"
  ]
}