{
  "target": "cobblemon:magby",
  "abilities": [
    "flamebody",
    "magmaarmor",
    "h:vitalspirit"
  ],
  "baseStats": {
    "hp": 45,
    "attack": 75,
    "defence": 37,
    "special_attack": 70,
    "special_defence": 55,
    "speed": 83
  },
  "moves": [
    "1:leer",
    "1:smog",
    "5:ember",
    "12:feintattack",
    "15:firespin",
    "19:clearsmog",
    "22:flameburst",
    "26:confuseray",
    "29:firepunch",
    "33:lavaplume",
    "36:sunnyday",
    "40:flamethrower",
    "43:fireblast",
    "egg:barrier",
    "egg:belch",
    "egg:bellydrum",
    "egg:crosschop",
    "egg:dynamicpunch",
    "egg:flareblitz",
    "egg:focusenergy",
    "egg:irontail",
    "egg:karatechop",
    "egg:machpunch",
    "egg:megapunch",
    "egg:powerswap",
    "egg:screech",
    "egg:thunderpunch",
    "tm:brickbreak",
    "tm:dualchop",
    "tm:facade",
    "tm:fireblast",
    "tm:flamecharge",
    "tm:flamethrower",
    "tm:focuspunch",
    "tm:hiddenpower",
    "tm:irontail",
    "tm:overheat",
    "tm:poweruppunch",
    "tm:protect",
    "tm:psychic",
    "tm:rest",
    "tm:return",
    "tm:rocksmash",
    "tm:scorchingsands",
    "tm:sleeptalk",
    "tm:substitute",
    "tm:sunnyday",
    "tm:thief",
    "tm:toxic",
    "tm:willowisp",
    "tm:temperflare",
    "tutor:bodyslam",
    "tutor:confide",
    "tutor:covet",
    "tutor:dualchop",
    "tutor:firepunch",
    "tutor:firespin",
    "tutor:flareblitz",
    "tutor:focusenergy",
    "tutor:heatwave",
    "tutor:helpinghand",
    "tutor:screech",
    "tutor:snore",
    "tutor:thunderpunch",
    "tutor:uproar"
  ]
}