{
  "target": "cobblemon:magcargo",
  "abilities": [
    "simple",
    "flamebody",
    "h:weakarmor"
  ],
  "baseStats": {
    "hp": 60,
    "attack": 50,
    "defence": 120,
    "special_attack": 90,
    "special_defence": 80,
    "speed": 30
  },
  "moves": [
    "1:earthpower",
    "1:ember",
    "1:smog",
    "1:willowisp",
    "1:yawn",
    "8:rockthrow",
    "13:harden",
    "15:incinerate",
    "20:clearsmog",
    "22:ancientpower",
    "27:flameburst",
    "29:powergem",
    "34:lavaplume",
    "36:amnesia",
    "43:bodyslam",
    "47:recover",
    "54:flamethrower",
    "64:noretreat",
    "100:shellsmash",
    "egg:acidarmor",
    "egg:curse",
    "egg:earthpower",
    "egg:guardswap",
    "egg:heatwave",
    "egg:inferno",
    "egg:memento",
    "egg:rollout",
    "egg:smokescreen",
    "egg:spitup",
    "egg:stockpile",
    "egg:swallow",
    "tm:bodypress",
    "tm:bulldoze",
    "tm:earthquake",
    "tm:explosion",
    "tm:facade",
    "tm:fireblast",
    "tm:flamecharge",
    "tm:flamethrower",
    "tm:gyroball",
    "tm:heatcrash",
    "tm:hiddenpower",
    "tm:lightscreen",
    "tm:meteorbeam",
    "tm:overheat",
    "tm:protect",
    "tm:reflect",
    "tm:rest",
    "tm:return",
    "tm:rockpolish",
    "tm:rockslide",
    "tm:rocksmash",
    "tm:rocktomb",
    "tm:sandstorm",
    "tm:scald",
    "tm:scorchingsands",
    "tm:sleeptalk",
    "tm:solarbeam",
    "tm:stealthrock",
    "tm:stoneedge",
    "tm:strength",
    "tm:substitute",
    "tm:sunnyday",
    "tm:toxic",
    "tm:willowisp",
    "tm:temperflare",
    "tutor:afteryou",
    "tutor:bodyslam",
    "tutor:confide",
    "tutor:earthpower",
    "tutor:firespin",
    "tutor:heatcrash",
    "tutor:heatwave",
    "tutor:irondefense",
    "tutor:painsplit",
    "tutor:powergem",
    "tutor:rockblast",
    "tutor:snore",
    "tutor:stompingtantrum"
  ]
}