{
  "target": "cobblemon:mantine",
  "abilities": [
    "swiftswim",
    "waterabsorb",
    "h:waterveil"
  ],
  "baseStats": {
    "hp": 85,
    "attack": 40,
    "defence": 70,
    "special_attack": 90,
    "special_defence": 140,
    "speed": 70
  },
  "moves": [
    "1:bubble",
    "1:bubblebeam",
    "1:bulletseed",
    "1:psybeam",
    "1:roost",
    "1:signalbeam",
    "1:supersonic",
    "1:tackle",
    "11:confuseray",
    "14:wingattack",
    "16:headbutt",
    "19:waterpulse",
    "23:wideguard",
    "27:takedown",
    "32:agility",
    "36:airslash",
    "39:aquaring",
    "46:bounce",
    "49:hydropump",
    "egg:amnesia",
    "egg:confuseray",
    "egg:haze",
    "egg:hydropump",
    "egg:mirrorcoat",
    "egg:mudsport",
    "egg:slam",
    "egg:splash",
    "egg:tailwind",
    "egg:twister",
    "egg:watersport",
    "egg:wideguard",
    "egg:signalbeam",
    "tm:acrobatics",
    "tm:aerialace",
    "tm:blizzard",
    "tm:bodypress",
    "tm:bulldoze",
    "tm:bulletseed",
    "tm:defog",
    "tm:dualwingbeat",
    "tm:earthquake",
    "tm:facade",
    "tm:flipturn",
    "tm:snowscape",
    "tm:hiddenpower",
    "tm:icebeam",
    "tm:icywind",
    "tm:protect",
    "tm:raindance",
    "tm:rest",
    "tm:return",
    "tm:rockslide",
    "tm:rocktomb",
    "tm:roost",
    "tm:scald",
    "tm:sleeptalk",
    "tm:substitute",
    "tm:surf",
    "tm:toxic",
    "tm:waterfall",
    "tutor:agility",
    "tutor:airslash",
    "tutor:aquatail",
    "tutor:bodypress",
    "tutor:bodyslam",
    "tutor:bounce",
    "tutor:confide",
    "tutor:gunkshot",
    "tutor:helpinghand",
    "tutor:hurricane",
    "tutor:hydropump",
    "tutor:icywind",
    "tutor:ironhead",
    "tutor:liquidation",
    "tutor:rockblast",
    "tutor:seedbomb",
    "tutor:signalbeam",
    "tutor:snore",
    "tutor:tailwind",
    "tutor:whirlpool"
  ]
}