{
  "target": "cobblemon:mareep",
  "abilities": [
    "static",
    "h:plus"
  ],
  "baseStats": {
    "hp": 55,
    "attack": 40,
    "defence": 40,
    "special_attack": 65,
    "special_defence": 45,
    "speed": 35
  },
  "moves": [
    "1:growl",
    "1:tackle",
    "4:thunderwave",
    "8:flash",
    "11:cottonspore",
    "15:charge",
    "18:takedown",
    "22:electroball",
    "25:confuseray",
    "29:powergem",
    "32:discharge",
    "39:signalbeam",
    "43:lightscreen",
    "46:thunder",
    "egg:afteryou",
    "egg:agility",
    "egg:bodyslam",
    "egg:charge",
    "egg:eerieimpulse",
    "egg:electricterrain",
    "egg:flatter",
    "egg:irontail",
    "egg:odorsleuth",
    "egg:sandattack",
    "egg:screech",
    "egg:takedown",
    "tm:chargebeam",
    "tm:electroweb",
    "tm:facade",
    "tm:flash",
    "tm:hiddenpower",
    "tm:irontail",
    "tm:lightscreen",
    "tm:protect",
    "tm:raindance",
    "tm:reflect",
    "tm:rest",
    "tm:return",
    "tm:risingvoltage",
    "tm:sleeptalk",
    "tm:substitute",
    "tm:thunder",
    "tm:thunderbolt",
    "tm:thunderwave",
    "tm:toxic",
    "tm:trailblaze",
    "tm:wildcharge",
    "tutor:afteryou",
    "tutor:agility",
    "tutor:bodyslam",
    "tutor:confide",
    "tutor:electricterrain",
    "tutor:electroball",
    "tutor:electroweb",
    "tutor:healbell",
    "tutor:magnetrise",
    "tutor:powergem",
    "tutor:screech",
    "tutor:signalbeam",
    "tutor:snore"
  ]
}