{
  "target": "cobblemon:marill",
  "abilities": [
    "thickfat",
    "hugepower",
    "h:sapsipper"
  ],
  "baseStats": {
    "hp": 70,
    "attack": 20,
    "defence": 50,
    "special_attack": 20,
    "special_defence": 50,
    "speed": 40
  },
  "moves": [
    "1:aquajet",
    "1:tackle",
    "2:tailwhip",
    "5:watersport",
    "7:bubble",
    "10:defensecurl",
    "10:rollout",
    "13:covet",
    "15:bodyslam",
    "16:helpinghand",
    "20:aquatail",
    "23:playrough",
    "28:aquaring",
    "31:raindance",
    "37:doubleedge",
    "40:superpower",
    "47:hydropump",
    "egg:aquajet",
    "egg:bellydrum",
    "egg:bodyslam",
    "egg:camouflage",
    "egg:futuresight",
    "egg:muddywater",
    "egg:perishsong",
    "egg:refresh",
    "egg:superpower",
    "egg:watersport",
    "egg:copycat",
    "egg:encore",
    "egg:faketears",
    "egg:sing",
    "egg:slam",
    "egg:soak",
    "egg:tickle",
    "tm:blizzard",
    "tm:brickbreak",
    "tm:dig",
    "tm:drainingkiss",
    "tm:facade",
    "tm:focuspunch",
    "tm:futuresight",
    "tm:grassknot",
    "tm:snowscape",
    "tm:hiddenpower",
    "tm:hypervoice",
    "tm:icebeam",
    "tm:icespinner",
    "tm:icywind",
    "tm:irontail",
    "tm:lightscreen",
    "tm:mistyexplosion",
    "tm:poweruppunch",
    "tm:protect",
    "tm:raindance",
    "tm:rest",
    "tm:return",
    "tm:rocksmash",
    "tm:scald",
    "tm:sleeptalk",
    "tm:steelroller",
    "tm:strength",
    "tm:substitute",
    "tm:superpower",
    "tm:surf",
    "tm:toxic",
    "tm:trailblaze",
    "tm:waterfall",
    "tm:workup",
    "tm:alluringvoice",
    "tutor:bodyslam",
    "tutor:bounce",
    "tutor:confide",
    "tutor:covet",
    "tutor:encore",
    "tutor:faketears",
    "tutor:helpinghand",
    "tutor:hydropump",
    "tutor:hypervoice",
    "tutor:icepunch",
    "tutor:icywind",
    "tutor:knockoff",
    "tutor:mistyterrain",
    "tutor:muddywater",
    "tutor:playrough",
    "tutor:snore",
    "tutor:superpower",
    "tutor:uproar",
    "tutor:whirlpool"
  ]
}