{
  "target": "cobblemon:meganium",
  "primaryType": "grass",
  "secondaryType": "fairy",
  "abilities": [
    "overgrow",
    "h:triage"
  ],
  "baseStats": {
    "hp": 80,
    "attack": 82,
    "defence": 100,
    "special_attack": 83,
    "special_defence": 100,
    "speed": 80
  },
  "moves": [
    "1:drainingkiss",
    "1:growl",
    "1:petalblizzard",
    "1:petaldance",
    "1:poisonpowder",
    "1:tackle",
    "6:razorleaf",
    "12:synthesis",
    "18:reflect",
    "22:magicalleaf",
    "26:naturalgift",
    "34:sweetscent",
    "40:lightscreen",
    "46:bodyslam",
    "54:safeguard",
    "60:aromatherapy",
    "66:solarbeam",
    "egg:ancientpower",
    "egg:aromatherapy",
    "egg:bodyslam",
    "egg:counter",
    "egg:flail",
    "egg:grasswhistle",
    "egg:grassyterrain",
    "egg:healpulse",
    "egg:ingrain",
    "egg:leafstorm",
    "egg:leechseed",
    "egg:naturepower",
    "egg:refresh",
    "egg:vinewhip",
    "tm:bulldoze",
    "tm:bulletseed",
    "tm:cut",
    "tm:dazzlinggleam",
    "tm:dragontail",
    "tm:drainingkiss",
    "tm:earthquake",
    "tm:energyball",
    "tm:facade",
    "tm:flash",
    "tm:gigadrain",
    "tm:grassknot",
    "tm:grassyglide",
    "tm:hiddenpower",
    "tm:irontail",
    "tm:lightscreen",
    "tm:mistyexplosion",
    "tm:protect",
    "tm:reflect",
    "tm:rest",
    "tm:return",
    "tm:rockclimb",
    "tm:rocksmash",
    "tm:sleeptalk",
    "tm:solarbeam",
    "tm:solarblade",
    "tm:strength",
    "tm:substitute",
    "tm:sunnyday",
    "tm:swordsdance",
    "tm:toxic",
    "tm:workup",
    "tutor:bodyslam",
    "tutor:confide",
    "tutor:frenzyplant",
    "tutor:grasspledge",
    "tutor:grassyterrain",
    "tutor:laserfocus",
    "tutor:leafstorm",
    "tutor:magiccoat",
    "tutor:outrage",
    "tutor:playrough",
    "tutor:pollenpuff",
    "tutor:seedbomb",
    "tutor:snore",
    "tutor:solarblade",
    "tutor:stompingtantrum",
    "tutor:synthesis",
    "tutor:worryseed"
  ]
}