{
  "target": "cobblemon:miltank",
  "abilities": [
    "thickfat",
    "scrappy",
    "h:sapsipper"
  ],
  "baseStats": {
    "hp": 95,
    "attack": 85,
    "defence": 105,
    "special_attack": 40,
    "special_defence": 70,
    "speed": 100
  },
  "moves": [
    "1:tackle",
    "3:growl",
    "5:defensecurl",
    "8:stomp",
    "11:milkdrink",
    "15:bide",
    "19:rollout",
    "24:bodyslam",
    "29:zenheadbutt",
    "35:captivate",
    "41:gyroball",
    "48:healbell",
    "50:wakeupslap",
    "egg:belch",
    "egg:curse",
    "egg:dizzypunch",
    "egg:doubleedge",
    "egg:endure",
    "egg:hammerarm",
    "egg:heartstamp",
    "egg:helpinghand",
    "egg:naturalgift",
    "egg:present",
    "egg:punishment",
    "egg:reversal",
    "egg:seismictoss",
    "egg:sleeptalk",
    "tm:blizzard",
    "tm:bodypress",
    "tm:brickbreak",
    "tm:bulldoze",
    "tm:earthquake",
    "tm:facade",
    "tm:focusblast",
    "tm:focuspunch",
    "tm:gyroball",
    "tm:hiddenpower",
    "tm:icebeam",
    "tm:icywind",
    "tm:irontail",
    "tm:poweruppunch",
    "tm:protect",
    "tm:raindance",
    "tm:rest",
    "tm:return",
    "tm:rockslide",
    "tm:rocksmash",
    "tm:rocktomb",
    "tm:sandstorm",
    "tm:shadowball",
    "tm:sleeptalk",
    "tm:solarbeam",
    "tm:stealthrock",
    "tm:steelroller",
    "tm:strength",
    "tm:substitute",
    "tm:sunnyday",
    "tm:surf",
    "tm:thunder",
    "tm:thunderbolt",
    "tm:thunderwave",
    "tm:toxic",
    "tm:workup",
    "tutor:afteryou",
    "tutor:block",
    "tutor:bodypress",
    "tutor:bodyslam",
    "tutor:confide",
    "tutor:firepunch",
    "tutor:healbell",
    "tutor:heavyslam",
    "tutor:helpinghand",
    "tutor:highhorsepower",
    "tutor:icepunch",
    "tutor:icywind",
    "tutor:ironhead",
    "tutor:psychup",
    "tutor:reversal",
    "tutor:snore",
    "tutor:stompingtantrum",
    "tutor:thunderpunch",
    "tutor:whirlpool",
    "tutor:zenheadbutt"
  ]
}