{
  "target": "cobblemon:misdreavus",
  "abilities": [
    "levitate"
  ],
  "baseStats": {
    "hp": 60,
    "attack": 60,
    "defence": 60,
    "special_attack": 85,
    "special_defence": 85,
    "speed": 85
  },
  "moves": [
    "1:growl",
    "1:psywave",
    "5:spite",
    "10:astonish",
    "14:confuseray",
    "19:meanlook",
    "23:hex",
    "28:psybeam",
    "32:painsplit",
    "37:payback",
    "41:shadowball",
    "46:perishsong",
    "50:grudge",
    "55:powergem",
    "egg:curse",
    "egg:destinybond",
    "egg:imprison",
    "egg:mefirst",
    "egg:memento",
    "egg:nastyplot",
    "egg:ominouswind",
    "egg:screech",
    "egg:shadowsneak",
    "egg:skillswap",
    "egg:spite",
    "egg:suckerpunch",
    "egg:wonderroom",
    "tm:aerialace",
    "tm:calmmind",
    "tm:chargebeam",
    "tm:darkpulse",
    "tm:dazzlinggleam",
    "tm:facade",
    "tm:flash",
    "tm:hiddenpower",
    "tm:hypervoice",
    "tm:icywind",
    "tm:poltergeist",
    "tm:protect",
    "tm:psychic",
    "tm:raindance",
    "tm:rest",
    "tm:return",
    "tm:shadowball",
    "tm:sleeptalk",
    "tm:substitute",
    "tm:sunnyday",
    "tm:taunt",
    "tm:thief",
    "tm:thunder",
    "tm:thunderbolt",
    "tm:thunderwave",
    "tm:toxic",
    "tm:trickroom",
    "tm:willowisp",
    "tm:psychicnoise",
    "tutor:confide",
    "tutor:faketears",
    "tutor:foulplay",
    "tutor:healbell",
    "tutor:hex",
    "tutor:hypervoice",
    "tutor:icywind",
    "tutor:magiccoat",
    "tutor:magicroom",
    "tutor:nastyplot",
    "tutor:painsplit",
    "tutor:powergem",
    "tutor:psychup",
    "tutor:screech",
    "tutor:snatch",
    "tutor:snore",
    "tutor:spite",
    "tutor:trick",
    "tutor:uproar",
    "tutor:wonderroom"
  ]
}