{
  "target": "cobblemon:murkrow",
  "abilities": [
    "insomnia",
    "superluck",
    "h:prankster"
  ],
  "baseStats": {
    "hp": 60,
    "attack": 85,
    "defence": 42,
    "special_attack": 85,
    "special_defence": 42,
    "speed": 91
  },
  "moves": [
    "1:astonish",
    "1:peck",
    "5:pursuit",
    "11:haze",
    "15:wingattack",
    "21:nightshade",
    "25:assurance",
    "31:taunt",
    "35:nightslash",
    "41:meanlook",
    "45:snarl",
    "50:tailwind",
    "55:suckerpunch",
    "61:torment",
    "65:quash",
    "egg:assurance",
    "egg:bravebird",
    "egg:confuseray",
    "egg:drillpeck",
    "egg:featherdance",
    "egg:feintattack",
    "egg:flatter",
    "egg:mirrormove",
    "egg:perishsong",
    "egg:psychoshift",
    "egg:punishment",
    "egg:roost",
    "egg:screech",
    "egg:skyattack",
    "egg:whirlwind",
    "egg:wingattack",
    "tm:aerialace",
    "tm:bravebird",
    "tm:calmmind",
    "tm:darkpulse",
    "tm:defog",
    "tm:dualwingbeat",
    "tm:facade",
    "tm:fly",
    "tm:hiddenpower",
    "tm:icywind",
    "tm:hurricane",
    "tm:pluck",
    "tm:protect",
    "tm:psychic",
    "tm:raindance",
    "tm:rest",
    "tm:return",
    "tm:roost",
    "tm:shadowball",
    "tm:sleeptalk",
    "tm:snarl",
    "tm:steelwing",
    "tm:substitute",
    "tm:sunnyday",
    "tm:taunt",
    "tm:thief",
    "tm:thunderwave",
    "tm:toxic",
    "tm:uturn",
    "tm:psychicnoise",
    "tutor:airslash",
    "tutor:bravebird",
    "tutor:confide",
    "tutor:foulplay",
    "tutor:heatwave",
    "tutor:icywind",
    "tutor:knockoff",
    "tutor:nastyplot",
    "tutor:psychup",
    "tutor:screech",
    "tutor:skyattack",
    "tutor:snatch",
    "tutor:snore",
    "tutor:spite",
    "tutor:tailwind",
    "tutor:uproar"
  ]
}