{
  "target": "cobblemon:noctowl",
  "abilities": [
    "tintedlens",
    "frisk",
    "h:insomnia"
  ],
  "baseStats": {
    "hp": 110,
    "attack": 50,
    "defence": 50,
    "special_attack": 86,
    "special_defence": 96,
    "speed": 70
  },
  "moves": [
    "1:aircutter",
    "1:dreameater",
    "1:esperwing",
    "1:foresight",
    "1:growl",
    "1:skyattack",
    "1:tackle",
    "4:hypnosis",
    "7:peck",
    "10:confusion",
    "13:echoedvoice",
    "16:zenheadbutt",
    "19:psychoshift",
    "23:extrasensory",
    "27:airslash",
    "31:reflect",
    "39:uproar",
    "43:roost",
    "47:moonblast",
    "51:synchronoise",
    "64:oblivionwing",
    "egg:agility",
    "egg:defog",
    "egg:featherdance",
    "egg:feintattack",
    "egg:hurricane",
    "egg:meanlook",
    "egg:mirrormove",
    "egg:nightshade",
    "egg:skyattack",
    "egg:supersonic",
    "egg:whirlwind",
    "egg:wingattack",
    "tm:aerialace",
    "tm:bravebird",
    "tm:calmmind",
    "tm:defog",
    "tm:dualwingbeat",
    "tm:expandingforce",
    "tm:facade",
    "tm:flash",
    "tm:fly",
    "tm:futuresight",
    "tm:hiddenpower",
    "tm:hypervoice",
    "tm:pluck",
    "tm:protect",
    "tm:psychic",
    "tm:raindance",
    "tm:reflect",
    "tm:rest",
    "tm:return",
    "tm:roost",
    "tm:shadowball",
    "tm:sleeptalk",
    "tm:steelwing",
    "tm:substitute",
    "tm:sunnyday",
    "tm:thief",
    "tm:toxic",
    "tm:workup",
    "tm:psychicnoise",
    "tutor:agility",
    "tutor:airslash",
    "tutor:confide",
    "tutor:heatwave",
    "tutor:hurricane",
    "tutor:hypervoice",
    "tutor:laserfocus",
    "tutor:magiccoat",
    "tutor:nastyplot",
    "tutor:psychup",
    "tutor:screech",
    "tutor:skyattack",
    "tutor:snore",
    "tutor:storedpower",
    "tutor:tailwind",
    "tutor:uproar",
    "tutor:zenheadbutt"
  ]
}