{
  "target": "cobblemon:octillery",
  "abilities": [
    "megalauncher",
    "sniper",
    "h:skilllink"
  ],
  "baseStats": {
    "hp": 75,
    "attack": 105,
    "defence": 75,
    "special_attack": 105,
    "special_defence": 75,
    "speed": 75
  },
  "moves": [
    "1:aurorabeam",
    "1:constrict",
    "1:gunkshot",
    "1:octazooka",
    "1:psybeam",
    "1:rockblast",
    "1:watergun",
    "18:bubblebeam",
    "22:focusenergy",
    "28:wringout",
    "34:signalbeam",
    "40:icebeam",
    "46:bulletseed",
    "52:hydropump",
    "58:snipeshot",
    "64:soak",
    "egg:acidspray",
    "egg:aurorabeam",
    "egg:entrainment",
    "egg:flail",
    "egg:haze",
    "egg:mudshot",
    "egg:octazooka",
    "egg:rockblast",
    "egg:screech",
    "egg:snore",
    "egg:supersonic",
    "egg:swift",
    "egg:waterpulse",
    "egg:waterspout",
    "tm:blizzard",
    "tm:bulletseed",
    "tm:chargebeam",
    "tm:energyball",
    "tm:facade",
    "tm:fireblast",
    "tm:flamethrower",
    "tm:flashcannon",
    "tm:flipturn",
    "tm:hiddenpower",
    "tm:icebeam",
    "tm:icywind",
    "tm:protect",
    "tm:psychic",
    "tm:raindance",
    "tm:rest",
    "tm:return",
    "tm:scald",
    "tm:sleeptalk",
    "tm:sludgebomb",
    "tm:sludgewave",
    "tm:substitute",
    "tm:sunnyday",
    "tm:surf",
    "tm:terrainpulse",
    "tm:thief",
    "tm:thunderwave",
    "tm:toxic",
    "tm:waterfall",
    "tutor:aurasphere",
    "tutor:bounce",
    "tutor:confide",
    "tutor:focusenergy",
    "tutor:gunkshot",
    "tutor:helpinghand",
    "tutor:hydropump",
    "tutor:iciclespear",
    "tutor:icywind",
    "tutor:liquidation",
    "tutor:pinmissile",
    "tutor:rockblast",
    "tutor:screech",
    "tutor:seedbomb",
    "tutor:signalbeam",
    "tutor:snore",
    "tutor:whirlpool"
  ]
}