{
  "target": "cobblemon:phanpy",
  "abilities": [
    "pickup",
    "h:sandveil"
  ],
  "baseStats": {
    "hp": 90,
    "attack": 60,
    "defence": 60,
    "special_attack": 40,
    "special_defence": 40,
    "speed": 40
  },
  "moves": [
    "1:defensecurl",
    "1:growl",
    "1:rapidspin",
    "6:flail",
    "8:iceshard",
    "10:rollout",
    "15:magnitude",
    "19:endure",
    "24:slam",
    "28:takedown",
    "33:charm",
    "37:lastresort",
    "42:doubleedge",
    "48:headsmash",
    "egg:ancientpower",
    "egg:bodyslam",
    "egg:counter",
    "egg:endeavor",
    "egg:focusenergy",
    "egg:heavyslam",
    "egg:iceshard",
    "egg:mudslap",
    "egg:snore",
    "tm:bulldoze",
    "tm:earthquake",
    "tm:facade",
    "tm:hiddenpower",
    "tm:hypervoice",
    "tm:irontail",
    "tm:protect",
    "tm:rest",
    "tm:return",
    "tm:roar",
    "tm:rockslide",
    "tm:rocksmash",
    "tm:rocktomb",
    "tm:sandstorm",
    "tm:scorchingsands",
    "tm:sleeptalk",
    "tm:stealthrock",
    "tm:strength",
    "tm:substitute",
    "tm:sunnyday",
    "tm:superpower",
    "tm:toxic",
    "tm:trailblaze",
    "tutor:bodyslam",
    "tutor:confide",
    "tutor:earthpower",
    "tutor:encore",
    "tutor:endeavor",
    "tutor:focusenergy",
    "tutor:gunkshot",
    "tutor:heavyslam",
    "tutor:highhorsepower",
    "tutor:hypervoice",
    "tutor:knockoff",
    "tutor:lastresort",
    "tutor:playrough",
    "tutor:sandtomb",
    "tutor:seedbomb",
    "tutor:snore",
    "tutor:superpower"
  ]
}