{
  "target": "cobblemon:pichu",
  "abilities": [
    "static",
    "h:lightningrod"
  ],
  "baseStats": {
    "hp": 20,
    "attack": 40,
    "defence": 15,
    "special_attack": 35,
    "special_defence": 35,
    "speed": 60
  },
  "moves": [
    "1:charm",
    "1:thundershock",
    "3:babydolleyes",
    "5:tailwhip",
    "10:sweetkiss",
    "13:nastyplot",
    "18:thunderwave",
    "egg:bestow",
    "egg:bide",
    "egg:charge",
    "egg:disarmingvoice",
    "egg:doubleslap",
    "egg:electricterrain",
    "egg:encore",
    "egg:endure",
    "egg:fakeout",
    "egg:flail",
    "egg:luckychant",
    "egg:present",
    "egg:reversal",
    "egg:thunderpunch",
    "egg:tickle",
    "egg:wish",
    "tm:chargebeam",
    "tm:electroweb",
    "tm:facade",
    "tm:flash",
    "tm:grassknot",
    "tm:hiddenpower",
    "tm:irontail",
    "tm:lightscreen",
    "tm:protect",
    "tm:raindance",
    "tm:reflect",
    "tm:rest",
    "tm:return",
    "tm:risingvoltage",
    "tm:sleeptalk",
    "tm:substitute",
    "tm:surf",
    "tm:thunder",
    "tm:thunderbolt",
    "tm:thunderwave",
    "tm:toxic",
    "tm:trailblaze",
    "tm:voltswitch",
    "tm:wildcharge",
    "tutor:bodyslam",
    "tutor:confide",
    "tutor:covet",
    "tutor:electricterrain",
    "tutor:electroweb",
    "tutor:encore",
    "tutor:endeavor",
    "tutor:helpinghand",
    "tutor:magnetrise",
    "tutor:nastyplot",
    "tutor:playrough",
    "tutor:reversal",
    "tutor:signalbeam",
    "tutor:snore",
    "tutor:thunderpunch",
    "tutor:uproar"
  ]
}