{
  "target": "cobblemon:pineco",
  "abilities": [
    "sturdy",
    "h:overcoat"
  ],
  "baseStats": {
    "hp": 50,
    "attack": 65,
    "defence": 90,
    "special_attack": 35,
    "special_defence": 35,
    "speed": 15
  },
  "moves": [
    "1:detect",
    "1:tackle",
    "6:selfdestruct",
    "9:bugbite",
    "12:takedown",
    "15:pounce",
    "17:rapidspin",
    "20:bide",
    "23:naturalgift",
    "28:spikes",
    "31:payback",
    "34:explosion",
    "39:irondefense",
    "42:gyroball",
    "45:doubleedge",
    "egg:counter",
    "egg:doubleedge",
    "egg:endure",
    "egg:flail",
    "egg:pinmissile",
    "egg:powertrick",
    "egg:revenge",
    "egg:sandtomb",
    "egg:stealthrock",
    "egg:swift",
    "egg:toxicspikes",
    "tm:bulldoze",
    "tm:dig",
    "tm:earthquake",
    "tm:explosion",
    "tm:facade",
    "tm:gigadrain",
    "tm:gyroball",
    "tm:hiddenpower",
    "tm:icespinner",
    "tm:lightscreen",
    "tm:protect",
    "tm:reflect",
    "tm:rest",
    "tm:return",
    "tm:rockslide",
    "tm:rocksmash",
    "tm:rocktomb",
    "tm:sandstorm",
    "tm:sleeptalk",
    "tm:solarbeam",
    "tm:spikes",
    "tm:stealthrock",
    "tm:strength",
    "tm:substitute",
    "tm:sunnyday",
    "tm:toxic",
    "tm:venoshock",
    "tutor:bodyslam",
    "tutor:bugbite",
    "tutor:bugbuzz",
    "tutor:confide",
    "tutor:drillrun",
    "tutor:gravity",
    "tutor:irondefense",
    "tutor:painsplit",
    "tutor:pinmissile",
    "tutor:reversal",
    "tutor:sandtomb",
    "tutor:snore",
    "tutor:spikes",
    "tutor:toxicspikes"
  ]
}