{
  "target": "cobblemon:politoed",
  "abilities": [
    "waterabsorb",
    "damp",
    "h:drizzle"
  ],
  "baseStats": {
    "hp": 90,
    "attack": 75,
    "defence": 75,
    "special_attack": 90,
    "special_defence": 100,
    "speed": 70
  },
  "moves": [
    "1:doubleslap",
    "1:hypnosis",
    "1:perishsong",
    "1:scald",
    "27:swagger",
    "37:bounce",
    "48:hypervoice",
    "egg:bubblebeam",
    "egg:encore",
    "egg:endeavor",
    "egg:endure",
    "egg:haze",
    "egg:iceball",
    "egg:mindreader",
    "egg:mist",
    "egg:mudshot",
    "egg:refresh",
    "egg:splash",
    "egg:waterpulse",
    "egg:watersport",
    "tm:blizzard",
    "tm:brickbreak",
    "tm:bulldoze",
    "tm:dig",
    "tm:earthquake",
    "tm:facade",
    "tm:flipturn",
    "tm:focusblast",
    "tm:aurasphere",
    "tm:focuspunch",
    "tm:snowscape",
    "tm:hiddenpower",
    "tm:hypervoice",
    "tm:icebeam",
    "tm:icywind",
    "tm:poweruppunch",
    "tm:protect",
    "tm:psychic",
    "tm:raindance",
    "tm:rest",
    "tm:return",
    "tm:rocksmash",
    "tm:scald",
    "tm:sleeptalk",
    "tm:strength",
    "tm:substitute",
    "tm:surf",
    "tm:thief",
    "tm:toxic",
    "tm:waterfall",
    "tutor:bodyslam",
    "tutor:bounce",
    "tutor:confide",
    "tutor:encore",
    "tutor:endeavor",
    "tutor:helpinghand",
    "tutor:hydropump",
    "tutor:hypervoice",
    "tutor:icepunch",
    "tutor:icywind",
    "tutor:liquidation",
    "tutor:muddywater",
    "tutor:screech",
    "tutor:snore",
    "tutor:uproar",
    "tutor:weatherball",
    "tutor:whirlpool"
  ]
}