{
  "target": "cobblemon:porygon2",
  "abilities": [
    "trace",
    "download",
    "h:analytic"
  ],
  "baseStats": {
    "hp": 85,
    "attack": 80,
    "defence": 90,
    "special_attack": 105,
    "special_defence": 95,
    "speed": 60
  },
  "moves": [
    "1:defensecurl",
    "1:magiccoat",
    "1:tackle",
    "1:zapcannon",
    "7:psybeam",
    "12:agility",
    "18:recover",
    "23:magnetrise",
    "29:signalbeam",
    "34:recycle",
    "40:discharge",
    "45:lockon",
    "50:triattack",
    "67:hyperbeam",
    "tm:aerialace",
    "tm:blizzard",
    "tm:chargebeam",
    "tm:electroweb",
    "tm:expandingforce",
    "tm:facade",
    "tm:flash",
    "tm:hiddenpower",
    "tm:icebeam",
    "tm:icywind",
    "tm:irontail",
    "tm:protect",
    "tm:psychic",
    "tm:psyshock",
    "tm:raindance",
    "tm:rest",
    "tm:return",
    "tm:shadowball",
    "tm:sleeptalk",
    "tm:solarbeam",
    "tm:substitute",
    "tm:sunnyday",
    "tm:teleport",
    "tm:thief",
    "tm:thunder",
    "tm:thunderbolt",
    "tm:thunderwave",
    "tm:toxic",
    "tm:trickroom",
    "tutor:agility",
    "tutor:celebrate",
    "tutor:confide",
    "tutor:electroweb",
    "tutor:foulplay",
    "tutor:gravity",
    "tutor:icywind",
    "tutor:lastresort",
    "tutor:magiccoat",
    "tutor:magnetrise",
    "tutor:painsplit",
    "tutor:psychup",
    "tutor:signalbeam",
    "tutor:snore",
    "tutor:trick",
    "tutor:wonderroom",
    "tutor:zenheadbutt"
  ]
}