{
  "target": "cobblemon:pupitar",
  "abilities": [
    "shedskin"
  ],
  "baseStats": {
    "hp": 70,
    "attack": 84,
    "defence": 70,
    "special_attack": 65,
    "special_defence": 70,
    "speed": 51
  },
  "moves": [
    "1:bite",
    "1:leer",
    "1:sandstorm",
    "1:screech",
    "14:chipaway",
    "19:rockslide",
    "23:scaryface",
    "28:thrash",
    "34:darkpulse",
    "41:payback",
    "47:crunch",
    "54:earthquake",
    "60:stoneedge",
    "67:hyperbeam",
    "egg:ancientpower",
    "egg:assurance",
    "egg:curse",
    "egg:dragondance",
    "egg:focusenergy",
    "egg:irondefense",
    "egg:ironhead",
    "egg:irontail",
    "egg:outrage",
    "egg:pursuit",
    "egg:stealthrock",
    "egg:stomp",
    "tm:brickbreak",
    "tm:bulldoze",
    "tm:darkpulse",
    "tm:dig",
    "tm:dragondance",
    "tm:earthquake",
    "tm:facade",
    "tm:hiddenpower",
    "tm:irontail",
    "tm:meteorbeam",
    "tm:poweruppunch",
    "tm:protect",
    "tm:raindance",
    "tm:rest",
    "tm:return",
    "tm:rockpolish",
    "tm:rockslide",
    "tm:rocktomb",
    "tm:sandstorm",
    "tm:scorchingsands",
    "tm:sleeptalk",
    "tm:snarl",
    "tm:stealthrock",
    "tm:stoneedge",
    "tm:substitute",
    "tm:sunnyday",
    "tm:superpower",
    "tm:taunt",
    "tm:toxic",
    "tutor:bodyslam",
    "tutor:confide",
    "tutor:crunch",
    "tutor:dragondance",
    "tutor:earthpower",
    "tutor:focusenergy",
    "tutor:irondefense",
    "tutor:ironhead",
    "tutor:muddywater",
    "tutor:outrage",
    "tutor:sandtomb",
    "tutor:scaryface",
    "tutor:screech",
    "tutor:snore",
    "tutor:spite",
    "tutor:stompingtantrum",
    "tutor:superpower",
    "tutor:uproar"
  ]
}