{
  "target": "cobblemon:quagsire",
  "abilities": [
    "damp",
    "waterabsorb",
    "h:unaware"
  ],
  "baseStats": {
    "hp": 100,
    "attack": 85,
    "defence": 90,
    "special_attack": 65,
    "special_defence": 65,
    "speed": 35
  },
  "moves": [
    "1:mudsport",
    "1:tailwhip",
    "1:watergun",
    "9:mudshot",
    "15:slam",
    "19:mudbomb",
    "24:amnesia",
    "31:yawn",
    "36:earthquake",
    "41:raindance",
    "48:haze",
    "48:mist",
    "53:muddywater",
    "egg:acidspray",
    "egg:afteryou",
    "egg:ancientpower",
    "egg:bodyslam",
    "egg:counter",
    "egg:curse",
    "egg:doublekick",
    "egg:eerieimpulse", 
    "egg:encore",
    "egg:guardswap",
    "egg:mudsport",
    "egg:poweruppunch",
    "egg:recover",
    "egg:sleeptalk",
    "egg:spitup",
    "egg:stockpile",
    "egg:swallow",
    "tm:blizzard",
    "tm:brickbreak",
    "tm:bulldoze",
    "tm:dig",
    "tm:earthquake",
    "tm:facade",
    "tm:flash",
    "tm:focusblast",
    "tm:focuspunch",
    "tm:snowscape",
    "tm:hiddenpower",
    "tm:icebeam",
    "tm:icywind",
    "tm:irontail",
    "tm:poweruppunch",
    "tm:protect",
    "tm:raindance",
    "tm:rest",
    "tm:return",
    "tm:rockslide",
    "tm:rocksmash",
    "tm:rocktomb",
    "tm:sandstorm",
    "tm:scald",
    "tm:sleeptalk",
    "tm:sludgebomb",
    "tm:sludgewave",
    "tm:stealthrock",
    "tm:stoneedge",
    "tm:strength",
    "tm:substitute",
    "tm:surf",
    "tm:thief",
    "tm:toxic",
    "tm:trailblaze",
    "tm:waterfall",
    "tm:spikes",
    "tutor:afteryou",
    "tutor:aquatail",
    "tutor:bodyslam",
    "tutor:confide",
    "tutor:earthpower",
    "tutor:encore",
    "tutor:highhorsepower",
    "tutor:hydropump",
    "tutor:icepunch",
    "tutor:icywind",
    "tutor:liquidation",
    "tutor:muddywater",
    "tutor:snore",
    "tutor:stompingtantrum",
    "tutor:whirlpool",
    "tutor:toxicspikes",
    "tutor:spikes"
  ]
}