{
  "target": "cobblemon:quilava",
  "abilities": [
    "blaze",
    "h:flashfire"
  ],
  "baseStats": {
    "hp": 58,
    "attack": 64,
    "defence": 58,
    "special_attack": 80,
    "special_defence": 65,
    "speed": 80
  },
  "moves": [
    "1:leer",
    "1:tackle",
    "7:ember",
    "10:flamewheel",
    "13:quickattack",
    "15:doublekick",
    "19:extrasensory",
    "24:defensecurl",
    "28:scorchingsands",
    "31:swift",
    "34:mysticalfire",
    "42:lavaplume",
    "46:flamethrower",
    "53:inferno",
    "57:rollout",
    "64:doubleedge",
    "68:burnup",
    "egg:covet",
    "egg:crushclaw",
    "egg:doubleedge",
    "egg:doublekick",
    "egg:extrasensory",
    "egg:flameburst",
    "egg:flareblitz",
    "egg:furyswipes",
    "egg:howl",
    "egg:naturepower",
    "egg:quickattack",
    "egg:reversal",
    "egg:thrash",
    "tm:aerialace",
    "tm:brickbreak",
    "tm:cut",
    "tm:dig",
    "tm:facade",
    "tm:fireblast",
    "tm:flamecharge",
    "tm:flamethrower",
    "tm:focuspunch",
    "tm:hiddenpower",
    "tm:overheat",
    "tm:protect",
    "tm:rest",
    "tm:return",
    "tm:roar",
    "tm:rocksmash",
    "tm:scorchingsands",
    "tm:sleeptalk",
    "tm:strength",
    "tm:substitute",
    "tm:sunnyday",
    "tm:toxic",
    "tm:wildcharge",
    "tm:willowisp",
    "tm:workup",
    "tm:temperflare",
    "tm:playrough",
    "tutor:confide",
    "tutor:covet",
    "tutor:firepledge",
    "tutor:flareblitz",
    "tutor:heatwave",
    "tutor:reversal",
    "tutor:snore"
  ]
}