{
  "target": "cobblemon:raikou",
  "abilities": [
    "pressure",
    "h:innerfocus"
  ],
  "baseStats": {
    "hp": 90,
    "attack": 85,
    "defence": 75,
    "special_attack": 115,
    "special_defence": 100,
    "speed": 115
  },
  "moves": [
    "1:bite",
    "1:discharge",
    "1:extrasensory",
    "1:leer",
    "8:thundershock",
    "15:roar",
    "22:quickattack",
    "29:spark",
    "36:reflect",
    "43:crunch",
    "50:thunderfang",
    "71:raindance",
    "71:electroshot",
    "78:calmmind",
    "85:thunder",
    "tm:bulldoze",
    "tm:calmmind",
    "tm:chargebeam",
    "tm:cut",
    "tm:dig",
    "tm:facade",
    "tm:flash",
    "tm:hiddenpower",
    "tm:irontail",
    "tm:lightscreen",
    "tm:protect",
    "tm:raindance",
    "tm:reflect",
    "tm:rest",
    "tm:return",
    "tm:risingvoltage",
    "tm:roar",
    "tm:rockclimb",
    "tm:rocksmash",
    "tm:sandstorm",
    "tm:scald",
    "tm:shadowball",
    "tm:sleeptalk",
    "tm:snarl",
    "tm:strength",
    "tm:substitute",
    "tm:sunnyday",
    "tm:thunder",
    "tm:thunderbolt",
    "tm:thunderwave",
    "tm:toxic",
    "tm:voltswitch",
    "tm:wildcharge",
    "tm:supercellslam",
    "tutor:agility",
    "tutor:aurasphere",
    "tutor:bodyslam",
    "tutor:confide",
    "tutor:crunch",
    "tutor:electricterrain",
    "tutor:helpinghand",
    "tutor:ironhead",
    "tutor:laserfocus",
    "tutor:magnetrise",
    "tutor:psychup",
    "tutor:signalbeam",
    "tutor:snore",
    "tutor:throatchop",
    "tutor:thunderfang",
    "tutor:weatherball",
    "tutor:trailblaze"
  ]
}