{
  "target": "cobblemon:remoraid",
  "abilities": [
    "hustle",
    "sniper",
    "h:skilllink"
  ],
  "baseStats": {
    "hp": 35,
    "attack": 65,
    "defence": 35,
    "special_attack": 65,
    "special_defence": 35,
    "speed": 65
  },
  "moves": [
    "1:watergun",
    "6:lockon",
    "10:psybeam",
    "14:aurorabeam",
    "18:bubblebeam",
    "22:focusenergy",
    "26:waterpulse",
    "30:signalbeam",
    "34:icebeam",
    "38:bulletseed",
    "42:hydropump",
    "46:hyperbeam",
    "50:soak",
    "egg:acidspray",
    "egg:aurorabeam",
    "egg:entrainment",
    "egg:flail",
    "egg:haze",
    "egg:mudshot",
    "egg:octazooka",
    "egg:rockblast",
    "egg:screech",
    "egg:snore",
    "egg:supersonic",
    "egg:swift",
    "egg:waterpulse",
    "egg:waterspout",
    "tm:blizzard",
    "tm:bulletseed",
    "tm:chargebeam",
    "tm:facade",
    "tm:fireblast",
    "tm:flamethrower",
    "tm:flipturn",
    "tm:hiddenpower",
    "tm:icebeam",
    "tm:icywind",
    "tm:protect",
    "tm:psychic",
    "tm:raindance",
    "tm:rest",
    "tm:return",
    "tm:scald",
    "tm:sleeptalk",
    "tm:substitute",
    "tm:sunnyday",
    "tm:surf",
    "tm:thief",
    "tm:thunderwave",
    "tm:toxic",
    "tm:waterfall",
    "tutor:bounce",
    "tutor:confide",
    "tutor:focusenergy",
    "tutor:gunkshot",
    "tutor:helpinghand",
    "tutor:hydropump",
    "tutor:icywind",
    "tutor:rockblast",
    "tutor:screech",
    "tutor:seedbomb",
    "tutor:signalbeam",
    "tutor:snore",
    "tutor:whirlpool"
  ]
}