{
  "target": "cobblemon:scizor",
  "abilities": [
    "swarm",
    "technician"
  ],
  "baseStats": {
    "hp": 70,
    "attack": 130,
    "defence": 100,
    "special_attack": 55,
    "special_defence": 80,
    "speed": 65
  },
  "moves": [
    "1:bulletpunch",
    "1:feint",
    "1:leer",
    "1:pounce",
    "1:psychocut",
    "1:quickattack",
    "5:focusenergy",
    "9:pursuit",
    "13:falseswipe",
    "17:agility",
    "21:metalclaw",
    "25:furycutter",
    "29:slash",
    "33:razorwind",
    "37:irondefense",
    "41:xscissor",
    "45:nightslash",
    "49:doublehit",
    "50:ironhead",
    "57:swordsdance",
    "65:curse",
    "egg:bugbuzz",
    "egg:counter",
    "egg:defog",
    "egg:endure",
    "egg:nightslash",
    "egg:quickguard",
    "egg:razorwind",
    "egg:reversal",
    "egg:silverwind",
    "egg:steelwing",
    "tm:acrobatics",
    "tm:aerialace",
    "tm:brickbreak",
    "tm:cut",
    "tm:defog",
    "tm:dualwingbeat",
    "tm:facade",
    "tm:flashcannon",
    "tm:fly",
    "tm:hiddenpower",
    "tm:lightscreen",
    "tm:protect",
    "tm:raindance",
    "tm:rest",
    "tm:return",
    "tm:rocksmash",
    "tm:roost",
    "tm:sandstorm",
    "tm:sleeptalk",
    "tm:steelbeam",
    "tm:steelwing",
    "tm:strength",
    "tm:substitute",
    "tm:sunnyday",
    "tm:superpower",
    "tm:swordsdance",
    "tm:thief",
    "tm:toxic",
    "tm:trailblaze",
    "tm:uturn",
    "tm:venoshock",
    "tm:xscissor",
    "tutor:agility",
    "tutor:airslash",
    "tutor:batonpass",
    "tutor:bugbite",
    "tutor:bugbuzz",
    "tutor:closecombat",
    "tutor:confide",
    "tutor:crosspoison",
    "tutor:focusenergy",
    "tutor:irondefense",
    "tutor:ironhead",
    "tutor:knockoff",
    "tutor:laserfocus",
    "tutor:psychocut",
    "tutor:reversal",
    "tutor:sandtomb",
    "tutor:snore",
    "tutor:superpower",
    "tutor:tailwind"
  ]
}