{
  "target": "cobblemon:sentret",
  "abilities": [
    "runaway",
    "frisk"
  ],
  "baseStats": {
    "hp": 35,
    "attack": 46,
    "defence": 34,
    "special_attack": 35,
    "special_defence": 45,
    "speed": 20
  },
  "moves": [
    "1:foresight",
    "1:scratch",
    "4:defensecurl",
    "7:quickattack",
    "13:headbutt",
    "16:helpinghand",
    "19:followme",
    "25:slam",
    "28:rest",
    "31:suckerpunch",
    "36:amnesia",
    "42:mefirst",
    "47:hypervoice",
    "egg:assist",
    "egg:babydolleyes",
    "egg:captivate",
    "egg:charm",
    "egg:covet",
    "egg:doubleedge",
    "egg:focusenergy",
    "egg:irontail",
    "egg:naturalgift",
    "egg:pursuit",
    "egg:reversal",
    "egg:slash",
    "egg:trick",
    "tm:blizzard",
    "tm:brickbreak",
    "tm:chargebeam",
    "tm:cut",
    "tm:dig",
    "tm:facade",
    "tm:flamethrower",
    "tm:focuspunch",
    "tm:grassknot",
    "tm:hiddenpower",
    "tm:honeclaws",
    "tm:hypervoice",
    "tm:icebeam",
    "tm:irontail",
    "tm:poweruppunch",
    "tm:protect",
    "tm:raindance",
    "tm:rest",
    "tm:return",
    "tm:shadowball",
    "tm:shadowclaw",
    "tm:sleeptalk",
    "tm:solarbeam",
    "tm:substitute",
    "tm:sunnyday",
    "tm:surf",
    "tm:thief",
    "tm:thunderbolt",
    "tm:toxic",
    "tm:uturn",
    "tm:workup",
    "tm:playrough",
    "tutor:aquatail",
    "tutor:batonpass",
    "tutor:bodyslam",
    "tutor:confide",
    "tutor:covet",
    "tutor:firepunch",
    "tutor:focusenergy",
    "tutor:helpinghand",
    "tutor:hypervoice",
    "tutor:icepunch",
    "tutor:knockoff",
    "tutor:lastresort",
    "tutor:reversal",
    "tutor:snore",
    "tutor:superfang",
    "tutor:tailslap",
    "tutor:thunderpunch",
    "tutor:trick",
    "tutor:uproar",
    "tutor:whirlpool"
  ]
}