{
  "target": "cobblemon:shuckle",
  "abilities": [
    "sturdy",
    "solidrock",
    "h:contrary"
  ],
  "baseStats": {
    "hp": 20,
    "attack": 10,
    "defence": 230,
    "special_attack": 10,
    "special_defence": 230,
    "speed": 5
  },
  "moves": [
    "1:bide",
    "1:constrict",
    "1:rollout",
    "1:stickyweb",
    "1:withdraw",
    "5:encore",
    "9:wrap",
    "12:strugglebug",
    "16:safeguard",
    "20:rest",
    "23:rockthrow",
    "27:gastroacid",
    "31:powertrick",
    "34:shellsmash",
    "38:rockslide",
    "42:bugbite",
    "45:guardsplit",
    "45:powersplit",
    "49:stoneedge",
    "egg:acid",
    "egg:covet",
    "egg:defensecurl",
    "egg:finalgambit",
    "egg:helpinghand",
    "egg:infestation",
    "egg:knockoff",
    "egg:mudslap",
    "egg:rockblast",
    "egg:sandtomb",
    "egg:sweetscent",
    "tm:bulldoze",
    "tm:dig",
    "tm:earthquake",
    "tm:facade",
    "tm:flash",
    "tm:gyroball",
    "tm:hiddenpower",
    "tm:meteorbeam",
    "tm:protect",
    "tm:rest",
    "tm:return",
    "tm:rockpolish",
    "tm:rockslide",
    "tm:rocksmash",
    "tm:rocktomb",
    "tm:sandstorm",
    "tm:sleeptalk",
    "tm:sludgebomb",
    "tm:sludgewave",
    "tm:stealthrock",
    "tm:steelroller",
    "tm:stoneedge",
    "tm:strength",
    "tm:substitute",
    "tm:sunnyday",
    "tm:toxic",
    "tm:venoshock",
    "tutor:afteryou",
    "tutor:bodyslam",
    "tutor:bugbite",
    "tutor:confide",
    "tutor:earthpower",
    "tutor:encore",
    "tutor:gastroacid",
    "tutor:helpinghand",
    "tutor:irondefense",
    "tutor:knockoff",
    "tutor:reversal",
    "tutor:rockblast",
    "tutor:sandtomb",
    "tutor:snore"
  ]
}