{
  "target": "cobblemon:skarmory",
  "abilities": [
    "frisk",
    "sturdy",
    "h:weakarmor"
  ],
  "baseStats": {
    "hp": 65,
    "attack": 80,
    "defence": 140,
    "special_attack": 40,
    "special_defence": 70,
    "speed": 70
  },
  "moves": [
    "1:leer",
    "1:peck",
    "9:metalclaw",
    "12:aircutter",
    "17:furyattack",
    "20:feint",
    "23:swift",
    "28:spikes",
    "31:agility",
    "34:steelwing",
    "39:slash",
    "42:metalsound",
    "45:dualwingbeat",
    "50:autotomize",
    "53:nightslash",
    "egg:assurance",
    "egg:bravebird",
    "egg:curse",
    "egg:drillpeck",
    "egg:endure",
    "egg:guardswap",
    "egg:pursuit",
    "egg:skyattack",
    "egg:stealthrock",
    "egg:whirlwind",
    "tm:aerialace",
    "tm:bodypress",
    "tm:bravebird",
    "tm:cut",
    "tm:darkpulse",
    "tm:defog",
    "tm:dualwingbeat",
    "tm:facade",
    "tm:flash",
    "tm:flashcannon",
    "tm:fly",
    "tm:hiddenpower",
    "tm:icywind",
    "tm:pluck",
    "tm:protect",
    "tm:rest",
    "tm:return",
    "tm:roar",
    "tm:rockslide",
    "tm:rocksmash",
    "tm:rocktomb",
    "tm:roost",
    "tm:sandstorm",
    "tm:sleeptalk",
    "tm:spikes",
    "tm:stealthrock",
    "tm:steelbeam",
    "tm:steelwing",
    "tm:substitute",
    "tm:sunnyday",
    "tm:swordsdance",
    "tm:taunt",
    "tm:thief",
    "tm:toxic",
    "tm:xscissor",
    "tutor:agility",
    "tutor:airslash",
    "tutor:bodypress",
    "tutor:bravebird",
    "tutor:confide",
    "tutor:icywind",
    "tutor:irondefense",
    "tutor:ironhead",
    "tutor:sandtomb",
    "tutor:skyattack",
    "tutor:snore",
    "tutor:spikes",
    "tutor:tailwind"
  ]
}