{
  "target": "cobblemon:skiploom",
  "abilities": [
    "chlorophyll",
    "leafguard",
    "h:infiltrator"
  ],
  "baseStats": {
    "hp": 55,
    "attack": 45,
    "defence": 50,
    "special_attack": 45,
    "special_defence": 65,
    "speed": 80
  },
  "moves": [
    "1:absorb",
    "1:megadrain",
    "1:splash",
    "1:synthesis",
    "6:tailwhip",
    "8:tackle",
    "10:fairywind",
    "12:poisonpowder",
    "14:stunspore",
    "16:sleeppowder",
    "20:bulletseed",
    "24:leechseed",
    "32:acrobatics",
    "36:ragepowder",
    "40:cottonspore",
    "44:uturn",
    "48:worryseed",
    "52:gigadrain",
    "56:bounce",
    "60:memento",
    "egg:amnesia",
    "egg:aromatherapy",
    "egg:confusion",
    "egg:cottonguard",
    "egg:doubleedge",
    "egg:encore",
    "egg:endure",
    "egg:grassyterrain",
    "egg:helpinghand",
    "egg:seedbomb",
    "egg:strengthsap",
    "egg:worryseed",
    "tm:acrobatics",
    "tm:aerialace",
    "tm:bulletseed",
    "tm:dazzlinggleam",
    "tm:energyball",
    "tm:facade",
    "tm:flash",
    "tm:fly",
    "tm:gigadrain",
    "tm:grassknot",
    "tm:grassyglide",
    "tm:hiddenpower",
    "tm:protect",
    "tm:reflect",
    "tm:rest",
    "tm:return",
    "tm:sleeptalk",
    "tm:solarbeam",
    "tm:substitute",
    "tm:sunnyday",
    "tm:swordsdance",
    "tm:toxic",
    "tm:trailblaze",
    "tm:uturn",
    "tutor:batonpass",
    "tutor:bounce",
    "tutor:confide",
    "tutor:encore",
    "tutor:grassyterrain",
    "tutor:helpinghand",
    "tutor:leafstorm",
    "tutor:psychup",
    "tutor:seedbomb",
    "tutor:snore",
    "tutor:synthesis",
    "tutor:worryseed"
  ]
}