{
  "target": "cobblemon:slugma",
  "abilities": [
    "magmaarmor",
    "flamebody",
    "h:weakarmor"
  ],
  "baseStats": {
    "hp": 40,
    "attack": 40,
    "defence": 40,
    "special_attack": 70,
    "special_defence": 40,
    "speed": 20
  },
  "moves": [
    "1:smog",
    "1:yawn",
    "6:ember",
    "8:rockthrow",
    "13:harden",
    "15:incinerate",
    "18:willowisp",
    "20:clearsmog",
    "22:ancientpower",
    "27:flameburst",
    "29:powergem",
    "34:lavaplume",
    "36:amnesia",
    "41:bodyslam",
    "43:recover",
    "48:flamethrower",
    "50:earthpower",
    "egg:acidarmor",
    "egg:curse",
    "egg:earthpower",
    "egg:guardswap",
    "egg:heatwave",
    "egg:inferno",
    "egg:memento",
    "egg:rollout",
    "egg:smokescreen",
    "egg:spitup",
    "egg:stockpile",
    "egg:swallow",
    "tm:facade",
    "tm:fireblast",
    "tm:flamecharge",
    "tm:flamethrower",
    "tm:hiddenpower",
    "tm:lightscreen",
    "tm:overheat",
    "tm:protect",
    "tm:reflect",
    "tm:rest",
    "tm:return",
    "tm:rockslide",
    "tm:rocksmash",
    "tm:rocktomb",
    "tm:sandstorm",
    "tm:scorchingsands",
    "tm:sleeptalk",
    "tm:substitute",
    "tm:sunnyday",
    "tm:toxic",
    "tm:willowisp",
    "tm:temperflare",
    "tutor:afteryou",
    "tutor:bodyslam",
    "tutor:confide",
    "tutor:earthpower",
    "tutor:firespin",
    "tutor:heatwave",
    "tutor:irondefense",
    "tutor:painsplit",
    "tutor:powergem",
    "tutor:snore"
  ]
}