{
  "target": "cobblemon:smoochum",
  "abilities": [
    "oblivious",
    "h:hydration"
  ],
  "baseStats": {
    "hp": 45,
    "attack": 30,
    "defence": 15,
    "special_attack": 85,
    "special_defence": 65,
    "speed": 65
  },
  "moves": [
    "1:pound",
    "5:lick",
    "8:sweetkiss",
    "11:icywind",
    "15:confusion",
    "18:sing",
    "21:psybeam",
    "25:meanlook",
    "28:faketears",
    "31:luckychant",
    "35:avalanche",
    "38:psychic",
    "41:copycat",
    "45:perishsong",
    "48:blizzard",
    "egg:captivate",
    "egg:fakeout",
    "egg:icepunch",
    "egg:meditate",
    "egg:miracleeye",
    "egg:nastyplot",
    "egg:wakeupslap",
    "egg:wish",
    "tm:blizzard",
    "tm:calmmind",
    "tm:drainingkiss",
    "tm:expandingforce",
    "tm:facade",
    "tm:flash",
    "tm:frostbreath",
    "tm:grassknot",
    "tm:snowscape",
    "tm:hiddenpower",
    "tm:icebeam",
    "tm:icywind",
    "tm:lightscreen",
    "tm:protect",
    "tm:psychic",
    "tm:psyshock",
    "tm:raindance",
    "tm:reflect",
    "tm:rest",
    "tm:return",
    "tm:shadowball",
    "tm:sleeptalk",
    "tm:substitute",
    "tm:thief",
    "tm:toxic",
    "tm:trickroom",
    "tutor:bodyslam",
    "tutor:confide",
    "tutor:covet",
    "tutor:encore",
    "tutor:faketears",
    "tutor:healbell",
    "tutor:helpinghand",
    "tutor:icepunch",
    "tutor:icywind",
    "tutor:magiccoat",
    "tutor:magicroom",
    "tutor:nastyplot",
    "tutor:psychup",
    "tutor:roleplay",
    "tutor:signalbeam",
    "tutor:snore",
    "tutor:storedpower",
    "tutor:trick",
    "tutor:uproar",
    "tutor:wonderroom",
    "tutor:zenheadbutt"
  ]
}