{
  "target": "cobblemon:snubbull",
  "abilities": [
    "intimidate",
    "strongjaw",
    "h:defiant"
  ],
  "baseStats": {
    "hp": 60,
    "attack": 80,
    "defence": 50,
    "special_attack": 40,
    "special_defence": 40,
    "speed": 30
  },
  "moves": [
    "1:charm",
    "1:firefang",
    "1:icefang",
    "1:scaryface",
    "1:tailwhip",
    "1:thunderfang",
    "7:bite",
    "13:covet",
    "19:headbutt",
    "25:roar",
    "31:rage",
    "37:playrough",
    "43:payback",
    "49:crunch",
    "egg:crunch",
    "egg:faketears",
    "egg:feintattack",
    "egg:firefang",
    "egg:focuspunch",
    "egg:healbell",
    "egg:icefang",
    "egg:metronome",
    "egg:mimic",
    "egg:present",
    "egg:smellingsalts",
    "egg:snore",
    "egg:thunderfang",
    "tm:brickbreak",
    "tm:bulkup",
    "tm:bulldoze",
    "tm:dazzlinggleam",
    "tm:dig",
    "tm:earthquake",
    "tm:facade",
    "tm:fireblast",
    "tm:flamethrower",
    "tm:focuspunch",
    "tm:hiddenpower",
    "tm:hypervoice",
    "tm:lowkick",
    "tm:overheat",
    "tm:poweruppunch",
    "tm:protect",
    "tm:raindance",
    "tm:reflect",
    "tm:rest",
    "tm:return",
    "tm:roar",
    "tm:rocksmash",
    "tm:shadowball",
    "tm:sleeptalk",
    "tm:sludgebomb",
    "tm:snarl",
    "tm:solarbeam",
    "tm:strength",
    "tm:substitute",
    "tm:sunnyday",
    "tm:superpower",
    "tm:taunt",
    "tm:thief",
    "tm:thunder",
    "tm:thunderbolt",
    "tm:thunderwave",
    "tm:toxic",
    "tm:wildcharge",
    "tm:workup",
    "tm:temperflare",
    "tutor:bodyslam",
    "tutor:closecombat",
    "tutor:confide",
    "tutor:covet",
    "tutor:crunch",
    "tutor:faketears",
    "tutor:firefang",
    "tutor:firepunch",
    "tutor:healbell",
    "tutor:helpinghand",
    "tutor:hypervoice",
    "tutor:icefang",
    "tutor:icepunch",
    "tutor:lastresort",
    "tutor:lowkick",
    "tutor:playrough",
    "tutor:scaryface",
    "tutor:snore",
    "tutor:superfang",
    "tutor:superpower",
    "tutor:thunderfang",
    "tutor:thunderpunch"
  ]
}