{
  "target": "cobblemon:spinarak",
  "abilities": [
    "swarm",
    "insomnia",
    "h:sniper"
  ],
  "baseStats": {
    "hp": 40,
    "attack": 60,
    "defence": 40,
    "special_attack": 40,
    "special_defence": 40,
    "speed": 30
  },
  "moves": [
    "1:constrict",
    "1:poisonsting",
    "1:stringshot",
    "5:absorb",
    "8:infestation",
    "12:scaryface",
    "15:nightshade",
    "19:shadowsneak",
    "22:furyswipes",
    "26:suckerpunch",
    "29:spiderweb",
    "33:agility",
    "36:pinmissile",
    "40:psychic",
    "43:poisonjab",
    "47:crosspoison",
    "50:stickyweb",
    "54:toxicthread",
    "egg:disable",
    "egg:electroweb",
    "egg:lunge",
    "egg:megahorn",
    "egg:nightslash",
    "egg:psybeam",
    "egg:pursuit",
    "egg:ragepowder",
    "egg:signalbeam",
    "egg:sonicboom",
    "egg:toxicspikes",
    "egg:twineedle",
    "tm:dig",
    "tm:electroweb",
    "tm:facade",
    "tm:flash",
    "tm:gigadrain",
    "tm:hiddenpower",
    "tm:honeclaws",
    "tm:leechlife",
    "tm:poisonjab",
    "tm:protect",
    "tm:psychic",
    "tm:rest",
    "tm:return",
    "tm:sleeptalk",
    "tm:sludgebomb",
    "tm:solarbeam",
    "tm:substitute",
    "tm:sunnyday",
    "tm:thief",
    "tm:toxic",
    "tm:venoshock",
    "tm:xscissor",
    "tutor:agility",
    "tutor:batonpass",
    "tutor:bodyslam",
    "tutor:bounce",
    "tutor:bugbite",
    "tutor:bugbuzz",
    "tutor:confide",
    "tutor:crosspoison",
    "tutor:electroweb",
    "tutor:foulplay",
    "tutor:megahorn",
    "tutor:pinmissile",
    "tutor:scaryface",
    "tutor:screech",
    "tutor:signalbeam",
    "tutor:snore",
    "tutor:toxicspikes"
  ]
}