{
  "target": "cobblemon:stantler",
  "abilities": [
    "intimidate",
    "reckless",
    "h:sapsipper"
  ],
  "baseStats": {
    "hp": 73,
    "attack": 95,
    "defence": 62,
    "special_attack": 85,
    "special_defence": 65,
    "speed": 85
  },
  "moves": [
    "1:mefirst",
    "1:tackle",
    "3:leer",
    "7:astonish",
    "10:hypnosis",
    "13:stomp",
    "17:psyshieldbash",
    "21:takedown",
    "23:confuseray",
    "27:calmmind",
    "33:hornleech",
    "38:zenheadbutt",
    "43:jumpkick",
    "49:imprison",
    "50:captivate",
    "egg:bite",
    "egg:disable",
    "egg:doublekick",
    "egg:extrasensory",
    "egg:mefirst",
    "egg:megahorn",
    "egg:mudsport",
    "egg:rage",
    "egg:spite",
    "egg:thrash",
    "egg:zenheadbutt",
    "tm:bulldoze",
    "tm:calmmind",
    "tm:chargebeam",
    "tm:earthquake",
    "tm:energyball",
    "tm:facade",
    "tm:flash",
    "tm:hiddenpower",
    "tm:hypervoice",
    "tm:irontail",
    "tm:lightscreen",
    "tm:protect",
    "tm:psychic",
    "tm:psyshock",
    "tm:raindance",
    "tm:reflect",
    "tm:rest",
    "tm:return",
    "tm:roar",
    "tm:shadowball",
    "tm:sleeptalk",
    "tm:solarbeam",
    "tm:substitute",
    "tm:sunnyday",
    "tm:thief",
    "tm:thunder",
    "tm:thunderbolt",
    "tm:thunderwave",
    "tm:toxic",
    "tm:trailblaze",
    "tm:trickroom",
    "tm:wildcharge",
    "tm:workup",
    "tutor:bodyslam",
    "tutor:bounce",
    "tutor:confide",
    "tutor:gravity",
    "tutor:lastresort",
    "tutor:magicroom",
    "tutor:megahorn",
    "tutor:playrough",
    "tutor:psychup",
    "tutor:roleplay",
    "tutor:signalbeam",
    "tutor:snore",
    "tutor:spite",
    "tutor:throatchop",
    "tutor:uproar",
    "tutor:zenheadbutt"
  ]
}