{
  "target": "cobblemon:sudowoodo",
  "abilities": [
    "sturdy",
    "rockhead"
  ],
  "baseStats": {
    "hp": 90,
    "attack": 100,
    "defence": 115,
    "special_attack": 30,
    "special_defence": 65,
    "speed": 30
  },
  "moves": [
    "1:copycat",
    "1:flail",
    "1:lowkick",
    "1:rockthrow",
    "1:slam",
    "1:woodhammer",
    "15:mimic",
    "19:feintattack",
    "22:tearfullook",
    "26:rocktomb",
    "29:block",
    "33:rockslide",
    "36:counter",
    "40:suckerpunch",
    "43:doubleedge",
    "47:stoneedge",
    "50:hammerarm",
    "54:headsmash",
    "egg:curse",
    "egg:defensecurl",
    "egg:endure",
    "egg:harden",
    "egg:headbutt",
    "egg:rollout",
    "egg:sandtomb",
    "egg:selfdestruct",
    "egg:stealthrock",
    "tm:bodypress",
    "tm:brickbreak",
    "tm:bulldoze",
    "tm:calmmind",
    "tm:dig",
    "tm:earthquake",
    "tm:explosion",
    "tm:facade",
    "tm:focuspunch",
    "tm:hiddenpower",
    "tm:lowkick",
    "tm:meteorbeam",
    "tm:poweruppunch",
    "tm:protect",
    "tm:rest",
    "tm:return",
    "tm:rockpolish",
    "tm:rockslide",
    "tm:rocksmash",
    "tm:rocktomb",
    "tm:sandstorm",
    "tm:scorchingsands",
    "tm:sleeptalk",
    "tm:stealthrock",
    "tm:stoneedge",
    "tm:strength",
    "tm:substitute",
    "tm:sunnyday",
    "tm:taunt",
    "tm:thief",
    "tm:toxic",
    "tm:trailblaze",
    "tm:spikes",
    "tutor:afteryou",
    "tutor:block",
    "tutor:bodypress",
    "tutor:bodyslam",
    "tutor:confide",
    "tutor:covet",
    "tutor:earthpower",
    "tutor:faketears",
    "tutor:firepunch",
    "tutor:foulplay",
    "tutor:helpinghand",
    "tutor:icepunch",
    "tutor:irondefense",
    "tutor:lowkick",
    "tutor:psychup",
    "tutor:rockblast",
    "tutor:roleplay",
    "tutor:sandtomb",
    "tutor:snore",
    "tutor:stompingtantrum",
    "tutor:thunderpunch",
    "tutor:uproar",
    "tutor:spikes",
    "tutor:highhorsepower"
  ]
}