{
  "target": "cobblemon:suicune",
  "abilities": [
    "pressure",
    "h:innerfocus"
  ],
  "baseStats": {
    "hp": 100,
    "attack": 75,
    "defence": 115,
    "special_attack": 90,
    "special_defence": 115,
    "speed": 85
  },
  "moves": [
    "1:bite",
    "1:bubblebeam",
    "1:icebeam",
    "1:leer",
    "1:raindance",
    "22:gust",
    "29:aurorabeam",
    "36:mist",
    "43:mirrorcoat",
    "50:icefang",
    "57:tailwind",
    "64:extrasensory",
    "71:hydropump",
    "78:calmmind",
    "85:blizzard",
    "tm:blizzard",
    "tm:bulldoze",
    "tm:calmmind",
    "tm:cut",
    "tm:dig",
    "tm:facade",
    "tm:snowscape",
    "tm:hiddenpower",
    "tm:icebeam",
    "tm:icywind",
    "tm:irontail",
    "tm:protect",
    "tm:raindance",
    "tm:reflect",
    "tm:rest",
    "tm:return",
    "tm:roar",
    "tm:rockclimb",
    "tm:rocksmash",
    "tm:sandstorm",
    "tm:scald",
    "tm:shadowball",
    "tm:sleeptalk",
    "tm:snarl",
    "tm:substitute",
    "tm:sunnyday",
    "tm:surf",
    "tm:toxic",
    "tm:waterfall",
    "tutor:agility",
    "tutor:airslash",
    "tutor:bodyslam",
    "tutor:confide",
    "tutor:helpinghand",
    "tutor:hydropump",
    "tutor:icefang",
    "tutor:icywind",
    "tutor:ironhead",
    "tutor:laserfocus",
    "tutor:liquidation",
    "tutor:psychup",
    "tutor:signalbeam",
    "tutor:snore",
    "tutor:weatherball",
    "tutor:whirlpool"
  ]
}