{
  "target": "cobblemon:sunkern",
  "abilities": [
    "chlorophyll",
    "solarpower",
    "h:earlybird"
  ],
  "baseStats": {
    "hp": 30,
    "attack": 30,
    "defence": 30,
    "special_attack": 30,
    "special_defence": 30,
    "speed": 30
  },
  "moves": [
    "1:absorb",
    "1:growth",
    "4:ingrain",
    "7:sleeppowder",
    "10:megadrain",
    "13:leechseed",
    "16:razorleaf",
    "19:worryseed",
    "25:endeavor",
    "28:synthesis",
    "31:naturalgift",
    "34:solarbeam",
    "37:doubleedge",
    "40:sunnyday",
    "43:seedbomb",
    "egg:bide",
    "egg:curse",
    "egg:encore",
    "egg:endure",
    "egg:grasswhistle",
    "egg:grassyterrain",
    "egg:helpinghand",
    "egg:ingrain",
    "egg:leechseed",
    "egg:morningsun",
    "egg:naturalgift",
    "egg:naturepower",
    "egg:sweetscent",
    "tm:bulletseed",
    "tm:cut",
    "tm:energyball",
    "tm:facade",
    "tm:flash",
    "tm:gigadrain",
    "tm:grassknot",
    "tm:grassyglide",
    "tm:hiddenpower",
    "tm:lightscreen",
    "tm:protect",
    "tm:rest",
    "tm:return",
    "tm:sleeptalk",
    "tm:sludgebomb",
    "tm:solarbeam",
    "tm:substitute",
    "tm:sunnyday",
    "tm:swordsdance",
    "tm:toxic",
    "tm:trailblaze",
    "tutor:afteryou",
    "tutor:confide",
    "tutor:earthpower",
    "tutor:encore",
    "tutor:endeavor",
    "tutor:grassyterrain",
    "tutor:helpinghand",
    "tutor:seedbomb",
    "tutor:snore",
    "tutor:synthesis",
    "tutor:uproar",
    "tutor:worryseed"
  ]
}