{
  "target": "cobblemon:swinub",
  "abilities": [
    "oblivious",
    "snowcloak",
    "h:thickfat"
  ],
  "baseStats": {
    "hp": 50,
    "attack": 50,
    "defence": 40,
    "special_attack": 30,
    "special_defence": 30,
    "speed": 50
  },
  "moves": [
    "1:babydolleyes",
    "1:odorsleuth",
    "1:tackle",
    "5:mudsport",
    "8:iceshard",
    "11:mudslap",
    "14:endure",
    "18:bulldoze",
    "21:icywind",
    "24:icefang",
    "28:takedown",
    "35:mist",
    "37:earthquake",
    "40:flail",
    "44:iciclecrash",
    "48:amnesia",
    "egg:ancientpower",
    "egg:avalanche",
    "egg:bite",
    "egg:bodyslam",
    "egg:curse",
    "egg:doubleedge",
    "egg:freezedry",
    "egg:iciclecrash",
    "egg:iciclespear",
    "egg:mudshot",
    "egg:rocktomb",
    "egg:stealthrock",
    "egg:takedown",
    "tm:blizzard",
    "tm:bulldoze",
    "tm:dig",
    "tm:earthquake",
    "tm:facade",
    "tm:snowscape",
    "tm:hiddenpower",
    "tm:icebeam",
    "tm:icywind",
    "tm:lightscreen",
    "tm:protect",
    "tm:raindance",
    "tm:reflect",
    "tm:rest",
    "tm:return",
    "tm:roar",
    "tm:rockslide",
    "tm:rocksmash",
    "tm:rocktomb",
    "tm:sandstorm",
    "tm:sleeptalk",
    "tm:stealthrock",
    "tm:strength",
    "tm:substitute",
    "tm:superpower",
    "tm:toxic",
    "tutor:bodyslam",
    "tutor:confide",
    "tutor:earthpower",
    "tutor:endeavor",
    "tutor:iciclespear",
    "tutor:icywind",
    "tutor:sandtomb",
    "tutor:scaryface",
    "tutor:snore",
    "tutor:superpower"
  ]
}