{
  "target": "cobblemon:togetic",
  "abilities": [
    "hustle",
    "serenegrace",
    "h:superluck"
  ],
  "baseStats": {
    "hp": 55,
    "attack": 40,
    "defence": 85,
    "special_attack": 80,
    "special_defence": 105,
    "speed": 40
  },
  "moves": [
    "1:charm",
    "1:growl",
    "1:magicalleaf",
    "1:metronome",
    "1:sweetkiss",
    "13:yawn",
    "14:fairywind",
    "17:encore",
    "21:followme",
    "25:bestow",
    "27:airslash",
    "29:wish",
    "33:ancientpower",
    "37:safeguard",
    "45:doubleedge",
    "49:lastresort",
    "53:afteryou",
    "66:moonblast",
    "egg:aerialace",
    "egg:extrasensory",
    "egg:foresight",
    "egg:futuresight",
    "egg:luckychant",
    "egg:mirrormove",
    "egg:morningsun",
    "egg:nastyplot",
    "egg:peck",
    "egg:present",
    "egg:psychoshift",
    "egg:secretpower",
    "egg:storedpower",
    "tm:aerialace",
    "tm:bravebird",
    "tm:brickbreak",
    "tm:calmmind",
    "tm:cut",
    "tm:dazzlinggleam",
    "tm:defog",
    "tm:drainingkiss",
    "tm:drainpunch",
    "tm:dualwingbeat",
    "tm:facade",
    "tm:fireblast",
    "tm:flamethrower",
    "tm:flash",
    "tm:fly",
    "tm:focuspunch",
    "tm:futuresight",
    "tm:grassknot",
    "tm:hiddenpower",
    "tm:hypervoice",
    "tm:lightscreen",
    "tm:protect",
    "tm:psychic",
    "tm:psyshock",
    "tm:raindance",
    "tm:reflect",
    "tm:rest",
    "tm:return",
    "tm:rocksmash",
    "tm:roost",
    "tm:shadowball",
    "tm:sleeptalk",
    "tm:solarbeam",
    "tm:steelwing",
    "tm:substitute",
    "tm:sunnyday",
    "tm:thunderwave",
    "tm:toxic",
    "tm:workup",
    "tutor:afteryou",
    "tutor:batonpass",
    "tutor:bodyslam",
    "tutor:confide",
    "tutor:covet",
    "tutor:encore",
    "tutor:endeavor",
    "tutor:healbell",
    "tutor:heatwave",
    "tutor:helpinghand",
    "tutor:hypervoice",
    "tutor:lastresort",
    "tutor:magiccoat",
    "tutor:mysticalfire",
    "tutor:nastyplot",
    "tutor:playrough",
    "tutor:psychup",
    "tutor:signalbeam",
    "tutor:skyattack",
    "tutor:snore",
    "tutor:storedpower",
    "tutor:tailwind",
    "tutor:trick",
    "tutor:uproar",
    "tutor:zenheadbutt"
  ]
}