{
  "target": "cobblemon:totodile",
  "abilities": [
    "sheerforce",
    "h:strongjaw"
  ],
  "baseStats": {
    "hp": 50,
    "attack": 65,
    "defence": 64,
    "special_attack": 44,
    "special_defence": 48,
    "speed": 43
  },
  "moves": [
    "1:leer",
    "1:scratch",
    "6:aquajet",
    "8:rage",
    "13:bite",
    "15:icefang",
    "18:scaryface",
    "21:flail",
    "23:roar",
    "25:crunch",
    "27:chipaway",
    "30:slash",
    "32:screech",
    "36:thrash",
    "39:aquatail",
    "42:superpower",
    "46:hydropump",
    "egg:ancientpower",
    "egg:aquajet",
    "egg:block",
    "egg:crunch",
    "egg:dragondance",
    "egg:faketears",
    "egg:flatter",
    "egg:hydropump",
    "egg:icepunch",
    "egg:metalclaw",
    "egg:mudsport",
    "egg:thrash",
    "egg:waterpulse",
    "egg:watersport",
    "tm:aerialace",
    "tm:blizzard",
    "tm:brickbreak",
    "tm:cut",
    "tm:dig",
    "tm:dragonclaw",
    "tm:dragondance",
    "tm:facade",
    "tm:flipturn",
    "tm:focuspunch",
    "tm:snowscape",
    "tm:hiddenpower",
    "tm:honeclaws",
    "tm:icebeam",
    "tm:icywind",
    "tm:irontail",
    "tm:lowkick",
    "tm:poweruppunch",
    "tm:protect",
    "tm:raindance",
    "tm:rest",
    "tm:return",
    "tm:rockslide",
    "tm:rocktomb",
    "tm:scald",
    "tm:shadowclaw",
    "tm:sleeptalk",
    "tm:substitute",
    "tm:superpower",
    "tm:surf",
    "tm:swordsdance",
    "tm:toxic",
    "tm:waterfall",
    "tm:workup",
    "tutor:aquatail",
    "tutor:block",
    "tutor:bodyslam",
    "tutor:confide",
    "tutor:crunch",
    "tutor:dragondance",
    "tutor:faketears",
    "tutor:hydropump",
    "tutor:icefang",
    "tutor:icepunch",
    "tutor:icywind",
    "tutor:lowkick",
    "tutor:scaryface",
    "tutor:screech",
    "tutor:snore",
    "tutor:spite",
    "tutor:superpower",
    "tutor:uproar",
    "tutor:waterpledge",
    "tutor:whirlpool"
  ]
}