{
  "target": "cobblemon:tyranitar",
  "abilities": [
    "sandstream",
    "h:unnerve"
  ],
  "baseStats": {
    "hp": 100,
    "attack": 134,
    "defence": 110,
    "special_attack": 95,
    "special_defence": 100,
    "speed": 61
  },
  "moves": [
    "1:bite",
    "1:firefang",
    "1:icefang",
    "1:leer",
    "1:sandstorm",
    "1:screech",
    "1:thunderfang",
    "14:chipaway",
    "19:rockslide",
    "23:scaryface",
    "28:thrash",
    "34:darkpulse",
    "41:payback",
    "47:crunch",
    "54:earthquake",
    "63:stoneedge",
    "73:hyperbeam",
    "82:gigaimpact",
    "egg:ancientpower",
    "egg:assurance",
    "egg:curse",
    "egg:dragondance",
    "egg:focusenergy",
    "egg:irondefense",
    "egg:ironhead",
    "egg:irontail",
    "egg:outrage",
    "egg:pursuit",
    "egg:stealthrock",
    "egg:stomp",
    "tm:aerialace",
    "tm:blizzard",
    "tm:bodypress",
    "tm:brickbreak",
    "tm:bulldoze",
    "tm:cut",
    "tm:darkpulse",
    "tm:dig",
    "tm:dragonclaw",
    "tm:dragondance",
    "tm:dragonpulse",
    "tm:dragontail",
    "tm:earthquake",
    "tm:facade",
    "tm:fireblast",
    "tm:flamethrower",
    "tm:focusblast",
    "tm:aurasphere",
    "tm:focuspunch",
    "tm:hiddenpower",
    "tm:honeclaws",
    "tm:icebeam",
    "tm:irontail",
    "tm:lowkick",
    "tm:meteorbeam",
    "tm:poweruppunch",
    "tm:protect",
    "tm:raindance",
    "tm:rest",
    "tm:return",
    "tm:roar",
    "tm:rockclimb",
    "tm:rockpolish",
    "tm:rockslide",
    "tm:rocksmash",
    "tm:rocktomb",
    "tm:sandstorm",
    "tm:scorchingsands",
    "tm:shadowclaw",
    "tm:sleeptalk",
    "tm:snarl",
    "tm:stealthrock",
    "tm:stoneedge",
    "tm:strength",
    "tm:substitute",
    "tm:sunnyday",
    "tm:superpower",
    "tm:surf",
    "tm:taunt",
    "tm:thunder",
    "tm:thunderbolt",
    "tm:thunderwave",
    "tm:toxic",
    "tutor:aquatail",
    "tutor:block",
    "tutor:bodypress",
    "tutor:bodyslam",
    "tutor:breakingswipe",
    "tutor:confide",
    "tutor:crunch",
    "tutor:darkhole",
    "tutor:dragondance",
    "tutor:earthpower",
    "tutor:firefang",
    "tutor:firepunch",
    "tutor:focusenergy",
    "tutor:foulplay",
    "tutor:heavyslam",
    "tutor:highhorsepower",
    "tutor:hydropump",
    "tutor:icefang",
    "tutor:icepunch",
    "tutor:irondefense",
    "tutor:ironhead",
    "tutor:lowkick",
    "tutor:muddywater",
    "tutor:outrage",
    "tutor:powergem",
    "tutor:rockblast",
    "tutor:sandtomb",
    "tutor:scaryface",
    "tutor:screech",
    "tutor:snore",
    "tutor:spite",
    "tutor:stompingtantrum",
    "tutor:superpower",
    "tutor:thunderfang",
    "tutor:thunderpunch",
    "tutor:uproar",
    "tutor:whirlpool",
    "tutor:knockoff"
  ]
}