{
  "target": "cobblemon:tyrogue",
  "abilities": [
    "guts",
    "steadfast",
    "h:vitalspirit"
  ],
  "baseStats": {
    "hp": 35,
    "attack": 35,
    "defence": 35,
    "special_attack": 35,
    "special_defence": 35,
    "speed": 35
  },
  "moves": [
    "1:fakeout",
    "1:foresight",
    "1:helpinghand",
    "1:tackle",
    "egg:bulletpunch",
    "egg:counter",
    "egg:endure",
    "egg:fakeout",
    "egg:feint",
    "egg:helpinghand",
    "egg:machpunch",
    "egg:pursuit",
    "egg:rapidspin",
    "egg:skullbash",
    "egg:vacuumwave",
    "tm:brickbreak",
    "tm:bulkup",
    "tm:bulldoze",
    "tm:coaching",
    "tm:earthquake",
    "tm:facade",
    "tm:hiddenpower",
    "tm:lowkick",
    "tm:lowsweep",
    "tm:protect",
    "tm:raindance",
    "tm:rest",
    "tm:return",
    "tm:rockslide",
    "tm:rocksmash",
    "tm:sleeptalk",
    "tm:strength",
    "tm:substitute",
    "tm:sunnyday",
    "tm:thief",
    "tm:toxic",
    "tm:workup",
    "tutor:bodyslam",
    "tutor:confide",
    "tutor:covet",
    "tutor:focusenergy",
    "tutor:helpinghand",
    "tutor:laserfocus",
    "tutor:lowkick",
    "tutor:roleplay",
    "tutor:snore",
    "tutor:uproar",
    "tutor:vacuumwave"
  ]
}