{
  "target": "cobblemon:umbreon",
  "abilities": [
    "synchronize",
    "h:innerfocus"
  ],
  "baseStats": {
    "hp": 95,
    "attack": 65,
    "defence": 110,
    "special_attack": 60,
    "special_defence": 130,
    "speed": 65
  },
  "moves": [
    "1:assurance",
    "1:helpinghand",
    "1:pursuit",
    "1:tackle",
    "1:tailwhip",
    "9:babydolleyes",
    "13:quickattack",
    "17:confuseray",
    "20:feintattack",
    "25:suckerpunch",
    "29:screech",
    "33:moonlight",
    "37:meanlook",
    "41:lastresort",
    "45:guardswap",
    "egg:captivate",
    "egg:charm",
    "egg:covet",
    "egg:curse",
    "egg:detect",
    "egg:doublekick",
    "egg:endure",
    "egg:faketears",
    "egg:flail",
    "egg:mudslap",
    "egg:naturalgift",
    "egg:storedpower",
    "egg:synchronoise",
    "egg:tickle",
    "egg:wish",
    "egg:yawn",
    "tm:calmmind",
    "tm:cut",
    "tm:darkpulse",
    "tm:dig",
    "tm:facade",
    "tm:flash",
    "tm:hiddenpower",
    "tm:hypervoice",
    "tm:irontail",
    "tm:protect",
    "tm:psychic",
    "tm:raindance",
    "tm:rest",
    "tm:return",
    "tm:shadowball",
    "tm:sleeptalk",
    "tm:snarl",
    "tm:substitute",
    "tm:sunnyday",
    "tm:taunt",
    "tm:thief",
    "tm:toxic",
    "tm:trailblaze",
    "tm:workup",
    "tm:alluringvoice",
    "tutor:batonpass",
    "tutor:bodyslam",
    "tutor:celebrate",
    "tutor:confide",
    "tutor:covet",
    "tutor:crunch",
    "tutor:faketears",
    "tutor:focusenergy",
    "tutor:foulplay",
    "tutor:healbell",
    "tutor:helpinghand",
    "tutor:hypervoice",
    "tutor:knockoff",
    "tutor:laserfocus",
    "tutor:lastresort",
    "tutor:psychup",
    "tutor:screech",
    "tutor:snatch",
    "tutor:snore",
    "tutor:spite",
    "tutor:storedpower",
    "tutor:throatchop",
    "tutor:weatherball",
    "tutor:wonderroom"
  ]
}