{
  "target": "cobblemon:ursaring",
  "abilities": [
    "guts",
    "quickfeet",
    "h:unnerve"
  ],
  "baseStats": {
    "hp": 90,
    "attack": 130,
    "defence": 75,
    "special_attack": 75,
    "special_defence": 75,
    "speed": 55
  },
  "moves": [
    "1:bodyslam",
    "1:covet",
    "1:faketears",
    "1:hammerarm",
    "1:lick",
    "1:scratch",
    "8:furyswipes",
    "15:feintattack",
    "22:slash",
    "25:playnice",
    "29:crunch",
    "34:scaryface",
    "38:rest",
    "42:thrash",
    "50:closecombat",
    "egg:bellydrum",
    "egg:chipaway",
    "egg:closecombat",
    "egg:counter",
    "egg:crosschop",
    "egg:crunch",
    "egg:doubleedge",
    "egg:faketears",
    "egg:metalclaw",
    "egg:nightslash",
    "egg:playrough",
    "egg:seismictoss",
    "egg:sleeptalk",
    "egg:takedown",
    "egg:yawn",
    "tm:aerialace",
    "tm:brickbreak",
    "tm:bulkup",
    "tm:bulldoze",
    "tm:cut",
    "tm:dig",
    "tm:earthquake",
    "tm:facade",
    "tm:focusblast",
    "tm:focuspunch",
    "tm:hiddenpower",
    "tm:honeclaws",
    "tm:hypervoice",
    "tm:lowkick",
    "tm:poweruppunch",
    "tm:protect",
    "tm:raindance",
    "tm:rest",
    "tm:return",
    "tm:roar",
    "tm:rockclimb",
    "tm:rockslide",
    "tm:rocksmash",
    "tm:rocktomb",
    "tm:shadowclaw",
    "tm:sleeptalk",
    "tm:stoneedge",
    "tm:strength",
    "tm:substitute",
    "tm:sunnyday",
    "tm:superpower",
    "tm:swordsdance",
    "tm:taunt",
    "tm:thief",
    "tm:toxic",
    "tm:trailblaze",
    "tm:workup",
    "tutor:bodyslam",
    "tutor:closecombat",
    "tutor:confide",
    "tutor:covet",
    "tutor:crunch",
    "tutor:faketears",
    "tutor:firepunch",
    "tutor:focusenergy",
    "tutor:gunkshot",
    "tutor:highhorsepower",
    "tutor:hypervoice",
    "tutor:icepunch",
    "tutor:laserfocus",
    "tutor:lastresort",
    "tutor:lowkick",
    "tutor:playrough",
    "tutor:scaryface",
    "tutor:seedbomb",
    "tutor:snore",
    "tutor:stompingtantrum",
    "tutor:superpower",
    "tutor:throatchop",
    "tutor:thunderpunch",
    "tutor:uproar"
  ]
}