{
  "target": "cobblemon:xatu",
  "abilities": [
    "synchronize",
    "earlybird",
    "h:magicbounce"
  ],
  "baseStats": {
    "hp": 65,
    "attack": 75,
    "defence": 70,
    "special_attack": 105,
    "special_defence": 70,
    "speed": 105
  },
  "moves": [
    "1:airslash",
    "1:esperwing",
    "1:leer",
    "1:peck",
    "1:psyshock",
    "1:tailwind",
    "1:teleport",
    "6:nightshade",
    "9:aircutter",
    "12:luckychant",
    "15:confusion",
    "17:storedpower",
    "20:ominouswind",
    "23:confuseray",
    "29:wish",
    "35:psychic",
    "39:miracleeye",
    "43:psychoshift",
    "49:futuresight",
    "53:guardswap",
    "53:powerswap",
    "57:mefirst",
    "egg:drillpeck",
    "egg:featherdance",
    "egg:feintattack",
    "egg:haze",
    "egg:quickattack",
    "egg:refresh",
    "egg:roost",
    "egg:simplebeam",
    "egg:skillswap",
    "egg:steelwing",
    "egg:suckerpunch",
    "egg:synchronoise",
    "egg:zenheadbutt",
    "tm:aerialace",
    "tm:bravebird",
    "tm:calmmind",
    "tm:cosmicpower",
    "tm:dazzlinggleam",
    "tm:defog",
    "tm:dualwingbeat",
    "tm:expandingforce",
    "tm:facade",
    "tm:flash",
    "tm:fly",
    "tm:futuresight",
    "tm:gigadrain",
    "tm:grassknot",
    "tm:hiddenpower",
    "tm:lightscreen",
    "tm:pluck",
    "tm:protect",
    "tm:psychic",
    "tm:psyshock",
    "tm:raindance",
    "tm:reflect",
    "tm:rest",
    "tm:return",
    "tm:roost",
    "tm:shadowball",
    "tm:sleeptalk",
    "tm:solarbeam",
    "tm:steelwing",
    "tm:substitute",
    "tm:sunnyday",
    "tm:teleport",
    "tm:thief",
    "tm:thunderwave",
    "tm:toxic",
    "tm:trickroom",
    "tm:uturn",
    "tutor:airslash",
    "tutor:batonpass",
    "tutor:confide",
    "tutor:cosmicpower",
    "tutor:foulplay",
    "tutor:heatwave",
    "tutor:laserfocus",
    "tutor:magiccoat",
    "tutor:magicroom",
    "tutor:painsplit",
    "tutor:psychup",
    "tutor:signalbeam",
    "tutor:skyattack",
    "tutor:snore",
    "tutor:storedpower",
    "tutor:tailwind",
    "tutor:trick",
    "tutor:zenheadbutt"
  ]
}