{
  "target": "cobblemon:yanma",
  "abilities": [
    "speedboost",
    "compoundeyes",
    "h:frisk"
  ],
  "baseStats": {
    "hp": 65,
    "attack": 65,
    "defence": 45,
    "special_attack": 75,
    "special_defence": 45,
    "speed": 95
  },
  "moves": [
    "1:foresight",
    "1:gust",
    "1:tackle",
    "6:quickattack",
    "14:sonicboom",
    "17:detect",
    "22:supersonic",
    "27:uproar",
    "30:pursuit",
    "33:ancientpower",
    "38:hypnosis",
    "43:wingattack",
    "46:screech",
    "49:uturn",
    "54:airslash",
    "57:bugbuzz",
    "egg:doubleedge",
    "egg:feint",
    "egg:feintattack",
    "egg:leechlife",
    "egg:pursuit",
    "egg:reversal",
    "egg:secretpower",
    "egg:signalbeam",
    "egg:silverwind",
    "egg:whirlwind",
    "tm:aerialace",
    "tm:defog",
    "tm:dualwingbeat",
    "tm:facade",
    "tm:flash",
    "tm:gigadrain",
    "tm:hiddenpower",
    "tm:leechlife",
    "tm:protect",
    "tm:psychic",
    "tm:rest",
    "tm:return",
    "tm:roost",
    "tm:shadowball",
    "tm:sleeptalk",
    "tm:solarbeam",
    "tm:steelwing",
    "tm:substitute",
    "tm:sunnyday",
    "tm:swordsdance",
    "tm:thief",
    "tm:toxic",
    "tm:uturn",
    "tm:psychicnoise",
    "tutor:agility",
    "tutor:airslash",
    "tutor:bugbite",
    "tutor:bugbuzz",
    "tutor:confide",
    "tutor:reversal",
    "tutor:screech",
    "tutor:signalbeam",
    "tutor:snore",
    "tutor:tailwind",
    "tutor:uproar"
  ]
}