{
  "target": "cobblemon:aerodactyl",
  "baseStats": {
    "hp": 80,
    "attack": 105,
    "defence": 65,
    "special_attack": 60,
    "special_defence": 75,
    "speed": 130
  },
  "moves": [
    "1:bite",
    "1:firefang",
    "1:icefang",
    "1:ironhead",
    "1:scaryface",
    "1:supersonic",
    "1:thunderfang",
    "1:wingattack",
    "9:roar",
    "17:agility",
    "25:ancientpower",
    "33:crunch",
    "41:takedown",
    "49:skydrop",
    "65:hyperbeam",
    "73:rockslide",
    "81:gigaimpact",
    "egg:assurance",
    "egg:curse",
    "egg:dragonbreath",
    "egg:foresight",
    "egg:pursuit",
    "egg:roost",
    "egg:steelwing",
    "egg:tailwind",
    "egg:whirlwind",
    "egg:wideguard",
    "tm:aerialace",
    "tm:bulldoze",
    "tm:defog",
    "tm:dragonclaw",
    "tm:dragondance",
    "tm:dragonpulse",
    "tm:dualwingbeat",
    "tm:earthquake",
    "tm:facade",
    "tm:fireblast",
    "tm:flamethrower",
    "tm:fly",
    "tm:hiddenpower",
    "tm:honeclaws",
    "tm:irontail",
    "tm:meteorbeam",
    "tm:protect",
    "tm:raindance",
    "tm:reflect",
    "tm:rest",
    "tm:return",
    "tm:roar",
    "tm:rockpolish",
    "tm:rockslide",
    "tm:rocksmash",
    "tm:rocktomb",
    "tm:roost",
    "tm:sandstorm",
    "tm:sleeptalk",
    "tm:stealthrock",
    "tm:steelwing",
    "tm:stoneedge",
    "tm:strength",
    "tm:substitute",
    "tm:sunnyday",
    "tm:taunt",
    "tm:thief",
    "tm:toxic",
    "tm:uturn",
    "tutor:agility",
    "tutor:aquatail",
    "tutor:confide",
    "tutor:crunch",
    "tutor:dragondance",
    "tutor:earthpower",
    "tutor:firefang",
    "tutor:heatwave",
    "tutor:hurricane",
    "tutor:icefang",
    "tutor:ironhead",
    "tutor:laserfocus",
    "tutor:psychicfangs",
    "tutor:rockblast",
    "tutor:scaryface",
    "tutor:skyattack",
    "tutor:snore",
    "tutor:tailwind",
    "tutor:thunderfang",
    "tutor:bravebird",
    "tutor:headlongrush"
  ]
}