{
  "target": "cobblemon:alakazam",
  "abilities": [
    "synchronize",
    "innerfocus",
    "h:magicguard"
  ],
  "baseStats": {
    "hp": 55,
    "attack": 50,
    "defence": 45,
    "special_attack": 135,
    "special_defence": 95,
    "speed": 120
  },
  "moves": [
    "1:confusion",
    "1:hiddenpower",
    "1:psyshock",
    "1:teleport",
    "18:disable",
    "21:psybeam",
    "23:miracleeye",
    "26:reflect",
    "28:energyball",
    "31:recover",
    "38:psychic",
    "41:calmmind",
    "43:futuresight",
    "59:focusblast",
    "egg:barrier",
    "egg:encore",
    "egg:firepunch",
    "egg:guardsplit",
    "egg:guardswap",
    "egg:icepunch",
    "egg:knockoff",
    "egg:powertrick",
    "egg:psychicterrain",
    "egg:psychoshift",
    "egg:skillswap",
    "egg:thunderpunch",
    "tm:calmmind",
    "tm:chargebeam",
    "tm:dazzlinggleam",
    "tm:drainpunch",
    "tm:energyball",
    "tm:expandingforce",
    "tm:facade",
    "tm:flash",
    "tm:focusblast",
    "tm:focuspunch",
    "tm:futuresight",
    "tm:grassknot",
    "tm:hiddenpower",
    "tm:irontail",
    "tm:lightscreen",
    "tm:protect",
    "tm:psychic",
    "tm:psyshock",
    "tm:raindance",
    "tm:reflect",
    "tm:rest",
    "tm:return",
    "tm:shadowball",
    "tm:sleeptalk",
    "tm:substitute",
    "tm:sunnyday",
    "tm:taunt",
    "tm:teleport",
    "tm:thief",
    "tm:thunderwave",
    "tm:toxic",
    "tm:trickroom",
    "tutor:aurasphere",
    "tutor:bodyslam",
    "tutor:confide",
    "tutor:encore",
    "tutor:firepunch",
    "tutor:foulplay",
    "tutor:gravity",
    "tutor:icepunch",
    "tutor:knockoff",
    "tutor:laserfocus",
    "tutor:magiccoat",
    "tutor:magicroom",
    "tutor:nastyplot",
    "tutor:psychicterrain",
    "tutor:psychocut",
    "tutor:psychup",
    "tutor:roleplay",
    "tutor:signalbeam",
    "tutor:snatch",
    "tutor:snore",
    "tutor:storedpower",
    "tutor:thunderpunch",
    "tutor:trick",
    "tutor:wonderroom",
    "tutor:zenheadbutt"
  ]
}