{
  "target": "cobblemon:arbok",
  "primaryType": "poison",
  "secondaryType": "dark",
    "abilities": [
    "intimidate",
    "shedskin",
    "h:strongjaw"
  ],
  "baseStats": {
    "hp": 75,
    "attack": 95,
    "defence": 75,
    "special_attack": 65,
    "special_defence": 79,
    "speed": 80
  },
  "moves": [
    "1:bite",
    "1:crunch",
    "1:firefang",
    "1:icefang",
    "1:leer",
    "1:poisonjab",
    "1:thunderfang",
    "1:wrap",
    "4:poisonsting",
    "12:glare",
    "15:poisontail",
    "17:screech",
    "20:suckerpunch",
    "27:spitup",
    "27:stockpile",
    "27:swallow",
    "32:poisonfang",
    "39:coil",
    "44:jawlock",
    "48:belch",
    "51:haze",
    "63:gunkshot",
    "69:shedtail",
    "egg:beatup",
    "egg:disable",
    "egg:irontail",
    "egg:poisonfang",
    "egg:poisontail",
    "egg:pursuit",
    "egg:scaryface",
    "egg:slam",
    "egg:snatch",
    "egg:spite",
    "egg:suckerpunch",
    "egg:switcheroo",
    "tm:bulldoze",
    "tm:darkpulse",
    "tm:dig",
    "tm:dragontail",
    "tm:earthquake",
    "tm:facade",
    "tm:gigadrain",
    "tm:hiddenpower",
    "tm:irontail",
    "tm:poisonjab",
    "tm:protect",
    "tm:raindance",
    "tm:rest",
    "tm:return",
    "tm:rockslide",
    "tm:rocktomb",
    "tm:scaleshot",
    "tm:sleeptalk",
    "tm:sludgebomb",
    "tm:sludgewave",
    "tm:strength",
    "tm:substitute",
    "tm:sunnyday",
    "tm:thief",
    "tm:toxic",
    "tm:venoshock",
    "tutor:aquatail",
    "tutor:bodyslam",
    "tutor:confide",
    "tutor:crunch",
    "tutor:firefang",
    "tutor:gastroacid",
    "tutor:gunkshot",
    "tutor:icefang",
    "tutor:scaryface",
    "tutor:screech",
    "tutor:seedbomb",
    "tutor:snatch",
    "tutor:snore",
    "tutor:spite",
    "tutor:stompingtantrum",
    "tutor:throatchop",
    "tutor:thunderfang",
    "tutor:venomdrench",
    "tutor:toxicspikes"
  ]
}