{
  "target": "cobblemon:beedrill",
  "abilities": [
    "swarm",
    "h:sniper"
  ],
  "baseStats": {
    "hp": 65,
    "attack": 90,
    "defence": 40,
    "special_attack": 45,
    "special_defence": 80,
    "speed": 75
  },
  "moves": [
    "1:furyattack",
    "1:pounce",
    "1:twineedle",
    "14:crosspoison",
    "17:pursuit",
    "20:focusenergy",
    "23:venoshock",
    "26:assurance",
    "29:toxicspikes",
    "32:pinmissile",
    "35:poisonjab",
    "38:agility",
    "41:endeavor",
    "44:fellstinger",
    "100:megahorn",
    "tm:acrobatics",
    "tm:aerialace",
    "tm:brickbreak",
    "tm:cut",
    "tm:defog",
    "tm:dualwingbeat",
    "tm:electroweb",
    "tm:facade",
    "tm:flash",
    "tm:fly",
    "tm:gigadrain",
    "tm:hiddenpower",
    "tm:poisonjab",
    "tm:protect",
    "tm:reflect",
    "tm:rest",
    "tm:return",
    "tm:rocksmash",
    "tm:roost",
    "tm:sleeptalk",
    "tm:sludgebomb",
    "tm:solarbeam",
    "tm:substitute",
    "tm:sunnyday",
    "tm:swordsdance",
    "tm:thief",
    "tm:toxic",
    "tm:uturn",
    "tm:venoshock",
    "tm:xscissor",
    "tutor:agility",
    "tutor:batonpass",
    "tutor:bugbite",
    "tutor:confide",
    "tutor:crosspoison",
    "tutor:drillrun",
    "tutor:electroweb",
    "tutor:endeavor",
    "tutor:focusenergy",
    "tutor:gunkshot",
    "tutor:irondefense",
    "tutor:knockoff",
    "tutor:laserfocus",
    "tutor:pinmissile",
    "tutor:screech",
    "tutor:snore",
    "tutor:tailwind",
    "tutor:throatchop",
    "tutor:toxicspikes"
  ]
}