{
  "target": "cobblemon:bellsprout",
  "abilities": [
    "chlorophyll",
    "h:gluttony"
  ],
  "baseStats": {
    "hp": 50,
    "attack": 75,
    "defence": 35,
    "special_attack": 70,
    "special_defence": 30,
    "speed": 40
  },
  "moves": [
    "1:vinewhip",
    "7:growth",
    "11:wrap",
    "13:sleeppowder",
    "15:poisonpowder",
    "17:stunspore",
    "23:sludge",
    "27:megadrain",
    "29:knockoff",
    "35:gastroacid",
    "39:razorleaf",
    "41:poisonjab",
    "47:slam",
    "50:wringout",
    "egg:acidspray",
    "egg:belch",
    "egg:bulletseed",
    "egg:clearsmog",
    "egg:encore",
    "egg:gigadrain",
    "egg:ingrain",
    "egg:leechlife",
    "egg:magicalleaf",
    "egg:naturalgift",
    "egg:powerwhip",
    "egg:strengthsap",
    "egg:synthesis",
    "egg:tickle",
    "egg:weatherball",
    "egg:worryseed",
    "tm:bulletseed",
    "tm:cut",
    "tm:energyball",
    "tm:facade",
    "tm:flash",
    "tm:gigadrain",
    "tm:grassknot",
    "tm:grassyglide",
    "tm:hiddenpower",
    "tm:leechlife",
    "tm:poisonjab",
    "tm:protect",
    "tm:reflect",
    "tm:rest",
    "tm:return",
    "tm:sleeptalk",
    "tm:sludgebomb",
    "tm:solarbeam",
    "tm:substitute",
    "tm:sunnyday",
    "tm:swordsdance",
    "tm:thief",
    "tm:toxic",
    "tm:venoshock",
    "tutor:confide",
    "tutor:encore",
    "tutor:gastroacid",
    "tutor:knockoff",
    "tutor:powerwhip",
    "tutor:seedbomb",
    "tutor:snore",
    "tutor:synthesis",
    "tutor:weatherball",
    "tutor:worryseed"
  ]
}