{
  "target": "cobblemon:blastoise",
  "baseStats": {
    "hp": 79,
    "attack": 83,
    "defence": 100,
    "special_attack": 85,
    "special_defence": 105,
    "speed": 78
  },
  "moves": [
    "1:falseswipe",
    "1:flashcannon",
    "1:icywind",
    "1:scald",
    "1:watergun",
    "4:tailwhip",
    "10:withdraw",
    "13:bubble",
    "17:bite",
    "19:fakeout",
    "20:rapidspin",
    "22:detect",
    "25:waterpulse",
    "33:aquatail",
    "40:skullbash",
    "44:icebeam",
    "47:irondefense",
    "54:raindance",
    "60:hydropump",
    "82:shellsmash",
    "tm:blizzard",
    "tm:bodypress",
    "tm:brickbreak",
    "tm:bulldoze",
    "tm:darkpulse",
    "tm:dig",
    "tm:dragonpulse",
    "tm:dragontail",
    "tm:earthquake",
    "tm:facade",
    "tm:flashcannon",
    "tm:flipturn",
    "tm:focusblast",
    "tm:focuspunch",
    "tm:gyroball",
    "tm:snowscape",
    "tm:hiddenpower",
    "tm:icebeam",
    "tm:icywind",
    "tm:irontail",
    "tm:poweruppunch",
    "tm:protect",
    "tm:raindance",
    "tm:reflect",
    "tm:rest",
    "tm:return",
    "tm:roar",
    "tm:rockclimb",
    "tm:rockslide",
    "tm:rocksmash",
    "tm:rocktomb",
    "tm:scald",
    "tm:sleeptalk",
    "tm:strength",
    "tm:substitute",
    "tm:surf",
    "tm:terrainpulse",
    "tm:toxic",
    "tm:waterfall",
    "tm:workup",
    "tutor:aquatail",
    "tutor:aurasphere",
    "tutor:bodypress",
    "tutor:bodyslam",
    "tutor:celebrate",
    "tutor:confide",
    "tutor:crunch",
    "tutor:helpinghand",
    "tutor:hydrocannon",
    "tutor:hydropump",
    "tutor:icepunch",
    "tutor:icywind",
    "tutor:irondefense",
    "tutor:liquidation",
    "tutor:muddywater",
    "tutor:outrage",
    "tutor:signalbeam",
    "tutor:snore",
    "tutor:waterpledge",
    "tutor:weatherball",
    "tutor:whirlpool",
    "tutor:zenheadbutt",
    "egg:aquajet",
    "egg:aquaring",
    "egg:aurasphere",
    "egg:brine",
    "egg:dragonpulse",
    "egg:fakeout",
    "egg:flail",
    "egg:haze",
    "egg:lifedew",
    "egg:mirrorcoat",
    "egg:mist",
    "egg:muddywater",
    "egg:mudsport",
    "egg:refresh",
    "egg:waterspout",
    "egg:yawn"
  ]
}