{
  "target": "cobblemon:bulbasaur",
    "baseStats": {
    "hp": 45,
    "attack": 49,
    "defence": 49,
    "special_attack": 65,
    "special_defence": 65,
    "speed": 45
  },
  "moves": [
    "1:tackle",
    "3:growl",
    "7:leechseed",
    "9:magicalleaf",
    "13:poisonpowder",
    "13:sleeppowder",
    "15:sludge",
    "19:megadrain",
    "21:takedown",
    "25:growth",
    "27:doubleedge",
    "31:worryseed",
    "33:synthesis",
    "37:seedbomb",
    "tm:bulletseed",
    "tm:cut",
    "tm:dig",
    "tm:energyball",
    "tm:facade",
    "tm:flash",
    "tm:gigadrain",
    "tm:grassknot",
    "tm:grassyglide",
    "tm:hiddenpower",
    "tm:knockoff",
    "tm:lightscreen",
    "tm:protect",
    "tm:reflect",
    "tm:rest",
    "tm:return",
    "tm:rocksmash",
    "tm:seedbomb",
    "tm:sleeptalk",
    "tm:sludgebomb",
    "tm:strength",
    "tm:toxic",
    "tm:venoshock",
    "tm:weatherball",
    "tutor:bodyslam",
    "tutor:celebrate",
    "tutor:powerwhip",
    "tutor:solarbeam",
    "tutor:substitute",
    "tutor:sunnyday",
    "tutor:swordsdance",
    "tutor:workup",
    "egg:amnesia",
    "egg:charm",
    "egg:curse",
    "egg:endure",
    "egg:gigadrain",
    "egg:grasswhistle",
    "egg:grassyterrain",
    "egg:ingrain",
    "egg:leafstorm",
    "egg:magicalleaf",
    "egg:naturepower",
    "egg:petaldance",
    "egg:powerwhip",
    "egg:skullbash",
    "egg:sludge"
  ]
}