{
  "target": "cobblemon:butterfree",
  "abilities": [
    "compoundeyes",
    "h:tintedlens"
  ],
  "baseStats": {
    "hp": 60,
    "attack": 45,
    "defence": 50,
    "special_attack": 95,
    "special_defence": 80,
    "speed": 70
  },
  "moves": [
    "1:confusion",
    "1:gust",
    "1:pounce",
    "11:psybeam",
    "13:poisonpowder",
    "13:sleeppowder",
    "13:stunspore",
    "16:strugglebug",
    "19:silverwind",
    "23:supersonic",
    "25:safeguard",
    "27:aircutter",
    "29:whirlwind",
    "31:bugbuzz",
    "35:ragepowder",
    "37:captivate",
    "41:tailwind",
    "43:airslash",
    "58:quiverdance",
    "tm:acrobatics",
    "tm:aerialace",
    "tm:defog",
    "tm:drainingkiss",
    "tm:dualwingbeat",
    "tm:electroweb",
    "tm:energyball",
    "tm:facade",
    "tm:flash",
    "tm:fly",
    "tm:futuresight",
    "tm:gigadrain",
    "tm:hiddenpower",
    "tm:protect",
    "tm:psychic",
    "tm:raindance",
    "tm:reflect",
    "tm:rest",
    "tm:return",
    "tm:roost",
    "tm:shadowball",
    "tm:sleeptalk",
    "tm:solarbeam",
    "tm:substitute",
    "tm:sunnyday",
    "tm:teleport",
    "tm:thief",
    "tm:toxic",
    "tm:uturn",
    "tm:venoshock",
    "tutor:airslash",
    "tutor:batonpass",
    "tutor:bugbite",
    "tutor:bugbuzz",
    "tutor:confide",
    "tutor:electroweb",
    "tutor:hurricane",
    "tutor:irondefense",
    "tutor:pollenpuff",
    "tutor:psychup",
    "tutor:signalbeam",
    "tutor:snore",
    "tutor:tailwind"
  ]
}