{
  "target": "cobblemon:charizard",
  "baseStats": {
    "hp": 78,
    "attack": 84,
    "defence": 78,
    "special_attack": 109,
    "special_defence": 85,
    "speed": 100
  },
  "moves": [
    "1:airslash",
    "1:dragonclaw",
    "1:dualwingbeat",
    "1:flareblitz",
    "1:growl",
    "1:heatwave",
    "1:incinerate",
    "1:scratch",
    "1:shadowclaw",
    "5:falseswipe",
    "7:ember",
    "9:brickbreak",
    "12:ancientpower",
    "15:firefang",
    "17:dragonrage",
    "21:scaryface",
    "24:thunderpunch",
    "28:flameburst",
    "41:slash",
    "47:flamethrower",
    "56:firespin",
    "62:inferno",
    "tm:acrobatics",
    "tm:aerialace",
    "tm:brickbreak",
    "tm:bulldoze",
    "tm:cut",
    "tm:defog",
    "tm:dig",
    "tm:dracobarrage",
    "tm:dragonclaw",
    "tm:dragondance",
    "tm:dragonpulse",
    "tm:dragontail",
    "tm:dualwingbeat",
    "tm:earthquake",
    "tm:facade",
    "tm:fireblast",
    "tm:flamecharge",
    "tm:flamethrower",
    "tm:fly",
    "tm:focusblast",
    "tm:aurasphere",
    "tm:focuspunch",
    "tm:heatcrash",
    "tm:hiddenpower",
    "tm:honeclaws",
    "tm:irontail",
    "tm:overheat",
    "tm:poweruppunch",
    "tm:protect",
    "tm:reflect",
    "tm:rest",
    "tm:return",
    "tm:roar",
    "tm:rockslide",
    "tm:rocksmash",
    "tm:rocktomb",
    "tm:roost",
    "tm:scaleshot",
    "tm:scorchingsands",
    "tm:shadowclaw",
    "tm:sleeptalk",
    "tm:solarbeam",
    "tm:steelwing",
    "tm:strength",
    "tm:substitute",
    "tm:sunnyday",
    "tm:swordsdance",
    "tm:toxic",
    "tm:willowisp",
    "tm:workup",
    "tm:dracometeor",
    "tm:temperflare",
    "tutor:airslash",
    "tutor:blastburn",
    "tutor:blazekick",
    "tutor:bodyslam",
    "tutor:breakingswipe",
    "tutor:confide",
    "tutor:crunch",
    "tutor:dragondance",
    "tutor:firefang",
    "tutor:firepledge",
    "tutor:firepunch",
    "tutor:firespin",
    "tutor:flareblitz",
    "tutor:heatcrash",
    "tutor:heatwave",
    "tutor:helpinghand",
    "tutor:hurricane",
    "tutor:mysticalfire",
    "tutor:outrage",
    "tutor:scaryface",
    "tutor:snore",
    "tutor:tailwind",
    "tutor:thunderpunch",
    "tutor:weatherball",
    "egg:aircutter",
    "egg:ancientpower",
    "egg:bellydrum",
    "egg:bite",
    "egg:counter",
    "egg:crunch",
    "egg:dragondance",
    "egg:dragonpulse",
    "egg:dragonrush",
    "egg:firelash",
    "egg:flareblitz",
    "egg:focuspunch",
    "egg:metalclaw",
    "egg:outrage"
  ]
}