{
  "target": "cobblemon:charmander",
  "baseStats": {
    "hp": 39,
    "attack": 52,
    "defence": 43,
    "special_attack": 60,
    "special_defence": 50,
    "speed": 65
  },
  "moves": [
    "1:growl",
    "1:scratch",
    "5:falseswipe",
    "7:ember",
    "9:brickbreak",
    "12:ancientpower",
    "14:firefang",
    "19:scaryface",
    "24:thunderpunch",
    "28:flameburst",
    "34:slash",
    "37:flamethrower",
    "43:firespin",
    "46:inferno",
    "egg:aircutter",
    "egg:ancientpower",
    "egg:bellydrum",
    "egg:bite",
    "egg:counter",
    "egg:crunch",
    "egg:dragondance",
    "egg:dragonpulse",
    "egg:dragonrush",
    "egg:firelash",
    "egg:flareblitz",
    "egg:focuspunch",
    "egg:metalclaw",
    "egg:outrage",
    "tm:acrobatics",
    "tm:aerialace",
    "tm:brickbreak",
    "tm:cut",
    "tm:dig",
    "tm:dragonclaw",
    "tm:dragondance",
    "tm:dragonpulse",
    "tm:facade",
    "tm:fireblast",
    "tm:flamecharge",
    "tm:flamethrower",
    "tm:focuspunch",
    "tm:hiddenpower",
    "tm:honeclaws",
    "tm:irontail",
    "tm:overheat",
    "tm:poweruppunch",
    "tm:protect",
    "tm:reflect",
    "tm:rest",
    "tm:return",
    "tm:rockslide",
    "tm:rocksmash",
    "tm:rocktomb",
    "tm:scorchingsands",
    "tm:shadowclaw",
    "tm:sleeptalk",
    "tm:strength",
    "tm:substitute",
    "tm:sunnyday",
    "tm:swordsdance",
    "tm:toxic",
    "tm:willowisp",
    "tm:workup",
    "tm:temperflare",
    "tutor:block",
    "tutor:bodyslam",
    "tutor:celebrate",
    "tutor:confide",
    "tutor:crunch",
    "tutor:dragondance",
    "tutor:firefang",
    "tutor:firepledge",
    "tutor:firepunch",
    "tutor:firespin",
    "tutor:flareblitz",
    "tutor:heatwave",
    "tutor:helpinghand",
    "tutor:outrage",
    "tutor:scaryface",
    "tutor:snore",
    "tutor:thunderpunch",
    "tutor:weatherball"
  ]
}