{
  "target": "cobblemon:clefairy",
  "abilities": [
    "cutecharm",
    "magicguard",
    "h:friendguard"
  ],
  "baseStats": {
    "hp": 70,
    "attack": 45,
    "defence": 48,
    "special_attack": 60,
    "special_defence": 65,
    "speed": 35
  },
  "moves": [
    "1:disarmingvoice",
    "1:encore",
    "1:growl",
    "1:pound",
    "1:spotlight",
    "7:sing",
    "10:doubleslap",
    "13:defensecurl",
    "16:followme",
    "19:thunderwave",
    "22:wish",
    "28:storedpower",
    "31:metronome",
    "34:cosmicpower",
    "37:luckychant",
    "40:bodyslam",
    "43:softboiled",
    "46:moonblast",
    "49:gravity",
    "50:meteormash",
    "55:healingwish",
    "58:afteryou",
    "egg:amnesia",
    "egg:aromatherapy",
    "egg:bellydrum",
    "egg:covet",
    "egg:faketears",
    "egg:healpulse",
    "egg:metronome",
    "egg:mimic",
    "egg:mistyterrain",
    "egg:present",
    "egg:softboiled",
    "egg:storedpower",
    "egg:tickle",
    "egg:wish",
    "tm:blizzard",
    "tm:brickbreak",
    "tm:calmmind",
    "tm:chargebeam",
    "tm:cosmicpower",
    "tm:dazzlinggleam",
    "tm:dig",
    "tm:drainingkiss",
    "tm:drainpunch",
    "tm:dualwingbeat",
    "tm:facade",
    "tm:fireblast",
    "tm:flamethrower",
    "tm:flash",
    "tm:focuspunch",
    "tm:grassknot",
    "tm:hiddenpower",
    "tm:hypervoice",
    "tm:icebeam",
    "tm:icywind",
    "tm:irontail",
    "tm:lightscreen",
    "tm:meteorbeam",
    "tm:mistyexplosion",
    "tm:poweruppunch",
    "tm:protect",
    "tm:psychic",
    "tm:psyshock",
    "tm:raindance",
    "tm:reflect",
    "tm:rest",
    "tm:return",
    "tm:rocksmash",
    "tm:shadowball",
    "tm:sleeptalk",
    "tm:solarbeam",
    "tm:stealthrock",
    "tm:strength",
    "tm:substitute",
    "tm:sunnyday",
    "tm:teleport",
    "tm:thunder",
    "tm:thunderbolt",
    "tm:thunderwave",
    "tm:toxic",
    "tm:workup",
    "tm:alluringvoice",
    "tutor:afteryou",
    "tutor:batonpass",
    "tutor:bodyslam",
    "tutor:bounce",
    "tutor:confide",
    "tutor:cosmicpower",
    "tutor:covet",
    "tutor:encore",
    "tutor:endeavor",
    "tutor:faketears",
    "tutor:firepunch",
    "tutor:gravity",
    "tutor:healbell",
    "tutor:helpinghand",
    "tutor:hypervoice",
    "tutor:icepunch",
    "tutor:icywind",
    "tutor:knockoff",
    "tutor:lastresort",
    "tutor:magiccoat",
    "tutor:mistyterrain",
    "tutor:mysticalfire",
    "tutor:playrough",
    "tutor:psychup",
    "tutor:roleplay",
    "tutor:signalbeam",
    "tutor:snatch",
    "tutor:snore",
    "tutor:storedpower",
    "tutor:thunderpunch",
    "tutor:trick",
    "tutor:uproar",
    "tutor:wonderroom",
    "tutor:zenheadbutt"
  ]
}