{
  "target": "cobblemon:cloyster",
  "abilities": [
    "shellarmor",
    "skilllink",
    "h:overcoat"
  ],
  "baseStats": {
    "hp": 50,
    "attack": 95,
    "defence": 180,
    "special_attack": 85,
    "special_defence": 45,
    "speed": 70
  },
  "moves": [
    "1:aurorabeam",
    "1:hydropump",
    "1:protect",
    "1:shellsmash",
    "1:supersonic",
    "1:toxicspikes",
    "1:withdraw",
    "13:spikecannon",
    "28:iceshard",
    "28:spikes",
    "50:iciclecrash",
    "egg:aquaring",
    "egg:avalanche",
    "egg:barrier",
    "egg:bubblebeam",
    "egg:iciclespear",
    "egg:lifedew",
    "egg:mudshot",
    "egg:rapidspin",
    "egg:rockblast",
    "egg:screech",
    "egg:takedown",
    "egg:twineedle",
    "egg:waterpulse",
    "tm:blizzard",
    "tm:cut",
    "tm:explosion",
    "tm:facade",
    "tm:frostbreath",
    "tm:snowscape",
    "tm:hiddenpower",
    "tm:icebeam",
    "tm:icespinner",
    "tm:icywind",
    "tm:lightscreen",
    "tm:poisonjab",
    "tm:protect",
    "tm:raindance",
    "tm:rest",
    "tm:return",
    "tm:sleeptalk",
    "tm:spikes",
    "tm:steelroller",
    "tm:substitute",
    "tm:surf",
    "tm:teleport",
    "tm:toxic",
    "tutor:confide",
    "tutor:drillrun",
    "tutor:hydropump",
    "tutor:iciclespear",
    "tutor:icywind",
    "tutor:irondefense",
    "tutor:liquidation",
    "tutor:pinmissile",
    "tutor:razorshell",
    "tutor:rockblast",
    "tutor:screech",
    "tutor:signalbeam",
    "tutor:snore",
    "tutor:spikes",
    "tutor:toxicspikes",
    "tutor:weatherball",
    "tutor:whirlpool"
  ]
}