{
  "target": "cobblemon:cubone",
  "abilities": [
    "rockhead",
    "battlearmor",
    "h:bonezone"
  ],
  "baseStats": {
    "hp": 50,
    "attack": 50,
    "defence": 95,
    "special_attack": 40,
    "special_defence": 50,
    "speed": 35
  },
  "moves": [
    "1:growl",
    "3:tailwhip",
    "7:boneclub",
    "11:headbutt",
    "13:leer",
    "17:focusenergy",
    "21:bonemerang",
    "23:rage",
    "27:falseswipe",
    "31:thrash",
    "33:fling",
    "37:stompingtantrum",
    "41:endeavor",
    "43:doubleedge",
    "47:retaliate",
    "51:bonerush",
    "egg:bellydrum",
    "egg:chipaway",
    "egg:curse",
    "egg:detect",
    "egg:doublekick",
    "egg:endure",
    "egg:headsmash",
    "egg:ironhead",
    "egg:perishsong",
    "egg:screech",
    "egg:skullbash",
    "tm:aerialace",
    "tm:blizzard",
    "tm:brickbreak",
    "tm:bulldoze",
    "tm:dig",
    "tm:earthquake",
    "tm:facade",
    "tm:fireblast",
    "tm:flamethrower",
    "tm:focuspunch",
    "tm:hiddenpower",
    "tm:icebeam",
    "tm:icywind",
    "tm:irontail",
    "tm:lowkick",
    "tm:poweruppunch",
    "tm:protect",
    "tm:rest",
    "tm:return",
    "tm:rockclimb",
    "tm:rockslide",
    "tm:rocksmash",
    "tm:rocktomb",
    "tm:sandstorm",
    "tm:scorchingsands",
    "tm:sleeptalk",
    "tm:stealthrock",
    "tm:strength",
    "tm:substitute",
    "tm:sunnyday",
    "tm:swordsdance",
    "tm:thief",
    "tm:toxic",
    "tutor:bodyslam",
    "tutor:confide",
    "tutor:earthpower",
    "tutor:endeavor",
    "tutor:firepunch",
    "tutor:focusenergy",
    "tutor:icywind",
    "tutor:irondefense",
    "tutor:ironhead",
    "tutor:knockoff",
    "tutor:lowkick",
    "tutor:screech",
    "tutor:snore",
    "tutor:thunderpunch",
    "tutor:uproar"
  ]
}