{
  "target": "cobblemon:dewgong",
  "abilities": [
      "thickfat",
      "icescales",
      "h:icebody"
  ],
  "baseStats": {
    "hp": 90,
    "attack": 50,
    "defence": 80,
    "special_attack": 90,
    "special_defence": 95,
    "speed": 70
  },
  "moves": [
    "1:growl",
    "1:headbutt",
    "1:icebeam",
    "1:icywind",
    "1:signalbeam",
    "13:encore",
    "17:iceshard",
    "21:rest",
    "27:aurorabeam",
    "31:aquajet",
    "33:brine",
    "39:takedown",
    "45:dive",
    "49:aquatail",
    "61:safeguard",
    "65:snowscape",
    "egg:belch",
    "egg:disable",
    "egg:encore",
    "egg:entrainment",
    "egg:fakeout",
    "egg:iciclespear",
    "egg:irontail",
    "egg:lick",
    "egg:perishsong",
    "egg:signalbeam",
    "egg:slam",
    "egg:sleeptalk",
    "egg:spitup",
    "egg:stockpile",
    "egg:swallow",
    "egg:waterpulse",
    "tm:blizzard",
    "tm:cut",
    "tm:facade",
    "tm:flipturn",
    "tm:frostbreath",
    "tm:snowscape",
    "tm:hiddenpower",
    "tm:icebeam",
    "tm:icywind",
    "tm:irontail",
    "tm:protect",
    "tm:raindance",
    "tm:rest",
    "tm:return",
    "tm:scald",
    "tm:sleeptalk",
    "tm:strength",
    "tm:substitute",
    "tm:surf",
    "tm:thief",
    "tm:toxic",
    "tm:waterfall",
    "tm:alluringvoice",
    "tutor:aquatail",
    "tutor:bodyslam",
    "tutor:confide",
    "tutor:drillrun",
    "tutor:encore",
    "tutor:helpinghand",
    "tutor:hydropump",
    "tutor:iciclespear",
    "tutor:icywind",
    "tutor:liquidation",
    "tutor:signalbeam",
    "tutor:snore",
    "tutor:whirlpool"
  ]
}