{
  "target": "cobblemon:dodrio",
  "abilities": [
    "rockhead",
    "earlybird"
  ],
  "baseStats": {
    "hp": 60,
    "attack": 110,
    "defence": 70,
    "special_attack": 60,
    "special_defence": 60,
    "speed": 110
  },
  "moves": [
    "1:drillpeck",
    "1:growl",
    "1:peck",
    "1:rage",
    "1:triattack",
    "5:quickattack",
    "12:furyattack",
    "15:pursuit",
    "19:pluck",
    "22:doublehit",
    "26:agility",
    "29:uproar",
    "38:swordsdance",
    "43:jumpkick",
    "47:doubleedge",
    "52:endeavor",
    "56:thrash",
    "60:bravebird",
    "egg:assurance",
    "egg:bravebird",
    "egg:endeavor",
    "egg:feintattack",
    "egg:flail",
    "egg:haze",
    "egg:mirrormove",
    "egg:naturalgift",
    "egg:quickattack",
    "egg:supersonic",
    "tm:aerialace",
    "tm:bravebird",
    "tm:facade",
    "tm:fly",
    "tm:hiddenpower",
    "tm:pluck",
    "tm:protect",
    "tm:reflect",
    "tm:rest",
    "tm:return",
    "tm:roost",
    "tm:sleeptalk",
    "tm:steelwing",
    "tm:substitute",
    "tm:sunnyday",
    "tm:swordsdance",
    "tm:taunt",
    "tm:thief",
    "tm:toxic",
    "tm:uturn",
    "tm:workup",
    "tutor:agility",
    "tutor:batonpass",
    "tutor:bodyslam",
    "tutor:bravebird",
    "tutor:confide",
    "tutor:endeavor",
    "tutor:knockoff",
    "tutor:skyattack",
    "tutor:snore",
    "tutor:stompingtantrum",
    "tutor:uproar"
  ]
}