{
  "target": "cobblemon:doduo",
  "abilities": [
    "runaway",
    "earlybird"
  ],
  "baseStats": {
    "hp": 35,
    "attack": 85,
    "defence": 45,
    "special_attack": 35,
    "special_defence": 35,
    "speed": 75
  },
  "moves": [
    "1:growl",
    "1:peck",
    "5:quickattack",
    "8:rage",
    "12:furyattack",
    "15:pursuit",
    "19:pluck",
    "22:doublehit",
    "26:agility",
    "29:uproar",
    "36:swordsdance",
    "40:jumpkick",
    "43:drillpeck",
    "47:endeavor",
    "50:thrash",
    "egg:assurance",
    "egg:bravebird",
    "egg:endeavor",
    "egg:feintattack",
    "egg:flail",
    "egg:haze",
    "egg:mirrormove",
    "egg:naturalgift",
    "egg:quickattack",
    "egg:supersonic",
    "tm:aerialace",
    "tm:bravebird",
    "tm:facade",
    "tm:fly",
    "tm:hiddenpower",
    "tm:pluck",
    "tm:protect",
    "tm:reflect",
    "tm:rest",
    "tm:return",
    "tm:roost",
    "tm:sleeptalk",
    "tm:steelwing",
    "tm:substitute",
    "tm:sunnyday",
    "tm:swordsdance",
    "tm:thief",
    "tm:toxic",
    "tm:uturn",
    "tm:workup",
    "tutor:agility",
    "tutor:bodyslam",
    "tutor:bravebird",
    "tutor:confide",
    "tutor:endeavor",
    "tutor:knockoff",
    "tutor:snore",
    "tutor:uproar"
  ]
}