{
  "target": "cobblemon:dragonite",
  "baseStats": {
    "hp": 91,
    "attack": 134,
    "defence": 95,
    "special_attack": 100,
    "special_defence": 100,
    "speed": 80
  },
  "moves": [
    "1:extremespeed",
    "1:firepunch",
    "1:hurricane",
    "1:leer",
    "1:roost",
    "1:thunderpunch",
    "1:thunderwave",
    "1:twister",
    "1:wrap",
    "15:dragonrage",
    "21:slam",
    "25:agility",
    "33:dragontail",
    "39:aquatail",
    "47:dragonrush",
    "53:safeguard",
    "61:dragondance",
    "67:outrage",
    "100:dragonhammer",
    "egg:aquajet",
    "egg:dragonbreath",
    "egg:dragondance",
    "egg:dragonpulse",
    "egg:dragonrush",
    "egg:extremespeed",
    "egg:haze",
    "egg:irontail",
    "egg:mist",
    "egg:supersonic",
    "egg:waterpulse",
    "tm:aerialace",
    "tm:blizzard",
    "tm:bodypress",
    "tm:brickbreak",
    "tm:bulldoze",
    "tm:cut",
    "tm:defog",
    "tm:dracobarrage",
    "tm:dragonclaw",
    "tm:dragondance",
    "tm:dragonpulse",
    "tm:dragontail",
    "tm:dualwingbeat",
    "tm:earthquake",
    "tm:facade",
    "tm:fireblast",
    "tm:flamethrower",
    "tm:fly",
    "tm:focusblast",
    "tm:aurasphere",
    "tm:focuspunch",
    "tm:snowscape",
    "tm:hiddenpower",
    "tm:honeclaws",
    "tm:icebeam",
    "tm:icespinner",
    "tm:icywind",
    "tm:irontail",
    "tm:lightscreen",
    "tm:poweruppunch",
    "tm:protect",
    "tm:raindance",
    "tm:reflect",
    "tm:rest",
    "tm:return",
    "tm:roar",
    "tm:rockslide",
    "tm:rocksmash",
    "tm:rocktomb",
    "tm:roost",
    "tm:sandstorm",
    "tm:scaleshot",
    "tm:sleeptalk",
    "tm:steelwing",
    "tm:stoneedge",
    "tm:strength",
    "tm:substitute",
    "tm:sunnyday",
    "tm:superpower",
    "tm:surf",
    "tm:thunder",
    "tm:thunderbolt",
    "tm:thunderwave",
    "tm:toxic",
    "tm:waterfall",
    "tm:weatherball",
    "tutor:agility",
    "tutor:airslash",
    "tutor:aquatail",
    "tutor:bodypress",
    "tutor:bodyslam",
    "tutor:breakingswipe",
    "tutor:confide",
    "tutor:dracometeor",
    "tutor:dragondance",
    "tutor:firepunch",
    "tutor:firespin",
    "tutor:healbell",
    "tutor:heatwave",
    "tutor:hurricane",
    "tutor:hydropump",
    "tutor:icepunch",
    "tutor:icywind",
    "tutor:ironhead",
    "tutor:outrage",
    "tutor:snore",
    "tutor:superpower",
    "tutor:tailwind",
    "tutor:thunderpunch",
    "tutor:whirlpool"
  ]
}