{
  "target": "cobblemon:dragonair",
  "baseStats": {
    "hp": 61,
    "attack": 84,
    "defence": 65,
    "special_attack": 70,
    "special_defence": 70,
    "speed": 70
  },
  "moves": [
    "1:leer",
    "1:thunderwave",
    "1:twister",
    "1:wrap",
    "15:dragonrage",
    "21:slam",
    "25:agility",
    "33:dragontail",
    "39:aquatail",
    "47:dragonrush",
    "53:safeguard",
    "61:dragondance",
    "67:outrage",
    "egg:aquajet",
    "egg:dragonbreath",
    "egg:dragondance",
    "egg:dragonpulse",
    "egg:dragonrush",
    "egg:extremespeed",
    "egg:haze",
    "egg:irontail",
    "egg:mist",
    "egg:supersonic",
    "egg:waterpulse",
    "tm:blizzard",
    "tm:dracobarrage",
    "tm:dragondance",
    "tm:dragonpulse",
    "tm:dragontail",
    "tm:facade",
    "tm:fireblast",
    "tm:flamethrower",
    "tm:snowscape",
    "tm:hiddenpower",
    "tm:icebeam",
    "tm:icywind",
    "tm:irontail",
    "tm:lightscreen",
    "tm:protect",
    "tm:raindance",
    "tm:reflect",
    "tm:rest",
    "tm:return",
    "tm:scaleshot",
    "tm:sleeptalk",
    "tm:substitute",
    "tm:sunnyday",
    "tm:surf",
    "tm:thunder",
    "tm:thunderbolt",
    "tm:thunderwave",
    "tm:toxic",
    "tm:waterfall",
    "tutor:agility",
    "tutor:aquatail",
    "tutor:bodyslam",
    "tutor:breakingswipe",
    "tutor:confide",
    "tutor:dracometeor",
    "tutor:dragondance",
    "tutor:firespin",
    "tutor:hydropump",
    "tutor:icywind",
    "tutor:outrage",
    "tutor:snore",
    "tutor:whirlpool"
  ]
}