{
  "target": "cobblemon:dratini",
    "baseStats": {
    "hp": 41,
    "attack": 64,
    "defence": 45,
    "special_attack": 50,
    "special_defence": 50,
    "speed": 50
  },
  "moves": [
    "1:leer",
    "1:wrap",
    "5:thunderwave",
    "11:twister",
    "15:dragonrage",
    "21:slam",
    "25:agility",
    "31:dragontail",
    "35:aquatail",
    "41:dragonrush",
    "45:safeguard",
    "51:dragondance",
    "55:outrage",
    "egg:aquajet",
    "egg:dragonbreath",
    "egg:dragondance",
    "egg:dragonpulse",
    "egg:dragonrush",
    "egg:extremespeed",
    "egg:haze",
    "egg:irontail",
    "egg:mist",
    "egg:supersonic",
    "egg:waterpulse",
    "tm:blizzard",
    "tm:dracobarrage",
    "tm:dragondance",
    "tm:dragonpulse",
    "tm:dragontail",
    "tm:facade",
    "tm:fireblast",
    "tm:flamethrower",
    "tm:snowscape",
    "tm:hiddenpower",
    "tm:icebeam",
    "tm:icywind",
    "tm:irontail",
    "tm:lightscreen",
    "tm:protect",
    "tm:raindance",
    "tm:reflect",
    "tm:rest",
    "tm:return",
    "tm:scaleshot",
    "tm:sleeptalk",
    "tm:substitute",
    "tm:sunnyday",
    "tm:surf",
    "tm:thunder",
    "tm:thunderbolt",
    "tm:thunderwave",
    "tm:toxic",
    "tm:waterfall",
    "tutor:agility",
    "tutor:aquatail",
    "tutor:bodyslam",
    "tutor:breakingswipe",
    "tutor:confide",
    "tutor:dracometeor",
    "tutor:dragondance",
    "tutor:firespin",
    "tutor:hydropump",
    "tutor:icywind",
    "tutor:outrage",
    "tutor:snore",
    "tutor:whirlpool"
  ]
}