{
  "target": "cobblemon:eevee",
  "abilities": [
    "runaway",
    "adaptability"
  ],
  "baseStats": {
    "hp": 55,
    "attack": 55,
    "defence": 50,
    "special_attack": 45,
    "special_defence": 65,
    "speed": 55
  },
  "moves": [
    "1:covet",
    "1:growl",
    "1:headbutt",
    "1:helpinghand",
    "1:tailwhip",
    "9:babydolleyes",
    "13:quickattack",
    "17:bite",
    "17:swift",
    "20:refresh",
    "25:takedown",
    "29:charm",
    "37:doubleedge",
    "41:lastresort",
    "45:trumpcard",
    "egg:captivate",
    "egg:charm",
    "egg:covet",
    "egg:curse",
    "egg:detect",
    "egg:doublekick",
    "egg:endure",
    "egg:faketears",
    "egg:flail",
    "egg:mudslap",
    "egg:naturalgift",
    "egg:storedpower",
    "egg:synchronoise",
    "egg:tickle",
    "egg:wish",
    "egg:yawn",
    "tm:calmmind",
    "tm:dig",
    "tm:facade",
    "tm:hiddenpower",
    "tm:hypervoice",
    "tm:irontail",
    "tm:protect",
    "tm:raindance",
    "tm:reflect",
    "tm:rest",
    "tm:return",
    "tm:shadowball",
    "tm:sleeptalk",
    "tm:substitute",
    "tm:sunnyday",
    "tm:toxic",
    "tm:trailblaze",
    "tm:workup",
    "tm:alluringvoice",
    "tutor:batonpass",
    "tutor:bodyslam",
    "tutor:celebrate",
    "tutor:confide",
    "tutor:covet",
    "tutor:faketears",
    "tutor:focusenergy",
    "tutor:healbell",
    "tutor:helpinghand",
    "tutor:hypervoice",
    "tutor:laserfocus",
    "tutor:lastresort",
    "tutor:snore",
    "tutor:storedpower",
    "tutor:weatherball"
  ]
}