{
  "target": "cobblemon:ekans",
  "abilities": [
    "intimidate",
    "shedskin",
    "h:corrosion"
  ],
  "baseStats": {
    "hp": 35,
    "attack": 60,
    "defence": 44,
    "special_attack": 40,
    "special_defence": 54,
    "speed": 55
  },
  "moves": [
    "1:leer",
    "1:wrap",
    "4:poisonsting",
    "9:bite",
    "12:glare",
    "15:poisontail",
    "17:screech",
    "20:suckerpunch",
    "25:spitup",
    "25:stockpile",
    "25:swallow",
    "28:poisonfang",
    "33:coil",
    "36:jawlock",
    "38:belch",
    "41:haze",
    "49:gunkshot",
    "egg:beatup",
    "egg:disable",
    "egg:irontail",
    "egg:poisonfang",
    "egg:poisontail",
    "egg:pursuit",
    "egg:scaryface",
    "egg:slam",
    "egg:snatch",
    "egg:spite",
    "egg:suckerpunch",
    "egg:switcheroo",
    "tm:bulldoze",
    "tm:darkpulse",
    "tm:dig",
    "tm:earthquake",
    "tm:facade",
    "tm:gigadrain",
    "tm:hiddenpower",
    "tm:irontail",
    "tm:poisonjab",
    "tm:protect",
    "tm:raindance",
    "tm:rest",
    "tm:return",
    "tm:rockslide",
    "tm:rocktomb",
    "tm:scaleshot",
    "tm:sleeptalk",
    "tm:sludgebomb",
    "tm:sludgewave",
    "tm:strength",
    "tm:substitute",
    "tm:sunnyday",
    "tm:thief",
    "tm:toxic",
    "tm:venoshock",
    "tutor:aquatail",
    "tutor:bodyslam",
    "tutor:confide",
    "tutor:gastroacid",
    "tutor:gunkshot",
    "tutor:scaryface",
    "tutor:screech",
    "tutor:seedbomb",
    "tutor:snatch",
    "tutor:snore",
    "tutor:spite",
    "tutor:toxicspikes"
  ]
}