{
  "target": "cobblemon:electabuzz",
  "abilities": [
    "static",
    "h:vitalspirit"
  ],
  "baseStats": {
    "hp": 65,
    "attack": 83,
    "defence": 57,
    "special_attack": 95,
    "special_defence": 85,
    "speed": 105
  },
  "moves": [
    "1:leer",
    "1:quickattack",
    "1:thunderpunch",
    "1:thundershock",
    "8:lowkick",
    "12:swift",
    "15:shockwave",
    "19:thunderwave",
    "22:electroball",
    "26:lightscreen",
    "36:discharge",
    "42:screech",
    "49:thunderbolt",
    "55:thunder",
    "egg:barrier",
    "egg:crosschop",
    "egg:dynamicpunch",
    "egg:feint",
    "egg:firepunch",
    "egg:focuspunch",
    "egg:hammerarm",
    "egg:icepunch",
    "egg:karatechop",
    "egg:meditate",
    "egg:rollingkick",
    "tm:brickbreak",
    "tm:chargebeam",
    "tm:dualchop",
    "tm:electroweb",
    "tm:facade",
    "tm:flash",
    "tm:focusblast",
    "tm:aurasphere",
    "tm:focuspunch",
    "tm:hiddenpower",
    "tm:irontail",
    "tm:lightscreen",
    "tm:lowkick",
    "tm:lowsweep",
    "tm:poweruppunch",
    "tm:protect",
    "tm:psychic",
    "tm:raindance",
    "tm:reflect",
    "tm:rest",
    "tm:return",
    "tm:risingvoltage",
    "tm:rockclimb",
    "tm:rocksmash",
    "tm:sleeptalk",
    "tm:strength",
    "tm:substitute",
    "tm:teleport",
    "tm:thief",
    "tm:thunder",
    "tm:thunderbolt",
    "tm:thunderwave",
    "tm:toxic",
    "tm:voltswitch",
    "tm:wildcharge",
    "tm:supercellslam",
    "tutor:bodyslam",
    "tutor:confide",
    "tutor:covet",
    "tutor:dualchop",
    "tutor:electroball",
    "tutor:electroweb",
    "tutor:firepunch",
    "tutor:helpinghand",
    "tutor:icepunch",
    "tutor:lowkick",
    "tutor:magnetrise",
    "tutor:screech",
    "tutor:signalbeam",
    "tutor:snore",
    "tutor:thunderpunch",
    "tutor:uproar",
    "tutor:trailblaze"
  ]
}