{
  "target": "cobblemon:exeggcute",
  "baseStats": {
    "hp": 60,
    "attack": 40,
    "defence": 80,
    "special_attack": 60,
    "special_defence": 45,
    "speed": 40
  },
  "moves": [
    "1:bulletseed",
    "1:hypnosis",
    "1:psybeam",
    "1:uproar",
    "7:reflect",
    "11:leechseed",
    "15:stunspore",
    "17:megadrain",
    "21:poisonpowder",
    "23:sleeppowder",
    "27:confusion",
    "33:worryseed",
    "37:naturalgift",
    "43:solarbeam",
    "47:extrasensory",
    "50:bestow",
    "egg:ancientpower",
    "egg:block",
    "egg:curse",
    "egg:gigadrain",
    "egg:grassyterrain",
    "egg:ingrain",
    "egg:leafstorm",
    "egg:luckychant",
    "egg:moonlight",
    "egg:naturalgift",
    "egg:naturepower",
    "egg:powerswap",
    "egg:skillswap",
    "egg:synthesis",
    "egg:wish",
    "tm:bulletseed",
    "tm:energyball",
    "tm:expandingforce",
    "tm:explosion",
    "tm:facade",
    "tm:flash",
    "tm:futuresight",
    "tm:gigadrain",
    "tm:grassknot",
    "tm:grassyglide",
    "tm:hiddenpower",
    "tm:lightscreen",
    "tm:protect",
    "tm:psychic",
    "tm:reflect",
    "tm:rest",
    "tm:return",
    "tm:sleeptalk",
    "tm:sludgebomb",
    "tm:solarbeam",
    "tm:strength",
    "tm:substitute",
    "tm:sunnyday",
    "tm:swordsdance",
    "tm:teleport",
    "tm:thief",
    "tm:toxic",
    "tm:trickroom",
    "tm:psychicnoise",
    "tutor:block",
    "tutor:celebrate",
    "tutor:confide",
    "tutor:grassyterrain",
    "tutor:gravity",
    "tutor:leafstorm",
    "tutor:psychup",
    "tutor:seedbomb",
    "tutor:snore",
    "tutor:synthesis",
    "tutor:uproar",
    "tutor:worryseed"
  ]
}