{
  "target": "cobblemon:fearow",
  "abilities": [
    "frisk",
    "technician",
    "h:sniper"
  ],
  "baseStats": {
    "hp": 65,
    "attack": 100,
    "defence": 65,
    "special_attack": 61,
    "special_defence": 61,
    "speed": 115
  },
  "moves": [
    "1:doublehit",
    "1:drillrun",
    "1:focusenergy",
    "1:growl",
    "1:peck",
    "1:quickattack",
    "4:leer",
    "8:pursuit",
    "11:furyattack",
    "15:pluck",
    "18:mirrormove",
    "23:assurance",
    "27:agility",
    "32:dualwingbeat",
    "36:roost",
    "41:drillpeck",
    "48:bravebird",
    "tm:aerialace",
    "tm:bravebird",
    "tm:defog",
    "tm:dualwingbeat",
    "tm:facade",
    "tm:fly",
    "tm:hiddenpower",
    "tm:pluck",
    "tm:protect",
    "tm:raindance",
    "tm:rest",
    "tm:return",
    "tm:roost",
    "tm:sleeptalk",
    "tm:steelwing",
    "tm:substitute",
    "tm:sunnyday",
    "tm:thief",
    "tm:toxic",
    "tm:uturn",
    "tm:workup",
    "tutor:agility",
    "tutor:batonpass",
    "tutor:bravebird",
    "tutor:confide",
    "tutor:drillrun",
    "tutor:focusenergy",
    "tutor:heatwave",
    "tutor:laserfocus",
    "tutor:scaryface",
    "tutor:skyattack",
    "tutor:snore",
    "tutor:tailwind",
    "tutor:throatchop",
    "tutor:uproar"
  ]
}