{
  "target": "cobblemon:flareon",
  "abilities": [
    "flashfire",
    "h:toxicboost"
  ],
  "baseStats": {
    "hp": 65,
    "attack": 130,
    "defence": 70,
    "special_attack": 65,
    "special_defence": 100,
    "speed": 95
  },
  "moves": [
    "1:ember",
    "1:helpinghand",
    "1:tackle",
    "1:tailwhip",
    "9:babydolleyes",
    "13:quickattack",
    "17:bite",
    "20:firefang",
    "25:firespin",
    "29:scaryface",
    "33:smog",
    "37:lavaplume",
    "41:lastresort",
    "45:flareblitz",
    "70:sacredfire",
    "egg:captivate",
    "egg:charm",
    "egg:covet",
    "egg:curse",
    "egg:detect",
    "egg:doublekick",
    "egg:endure",
    "egg:faketears",
    "egg:flail",
    "egg:mudslap",
    "egg:naturalgift",
    "egg:storedpower",
    "egg:synchronoise",
    "egg:tickle",
    "egg:wish",
    "egg:yawn",
    "tm:calmmind",
    "tm:dig",
    "tm:facade",
    "tm:fireblast",
    "tm:flamecharge",
    "tm:flamethrower",
    "tm:hiddenpower",
    "tm:hypervoice",
    "tm:irontail",
    "tm:overheat",
    "tm:protect",
    "tm:raindance",
    "tm:reflect",
    "tm:rest",
    "tm:return",
    "tm:roar",
    "tm:rocksmash",
    "tm:scorchingsands",
    "tm:shadowball",
    "tm:sleeptalk",
    "tm:strength",
    "tm:substitute",
    "tm:sunnyday",
    "tm:superpower",
    "tm:toxic",
    "tm:trailblaze",
    "tm:willowisp",
    "tm:workup",
    "tm:alluringvoice",
    "tm:temperflare",
    "tutor:batonpass",
    "tutor:bodyslam",
    "tutor:celebrate",
    "tutor:confide",
    "tutor:covet",
    "tutor:faketears",
    "tutor:firefang",
    "tutor:firespin",
    "tutor:flareblitz",
    "tutor:focusenergy",
    "tutor:healbell",
    "tutor:heatwave",
    "tutor:helpinghand",
    "tutor:hypervoice",
    "tutor:laserfocus",
    "tutor:lastresort",
    "tutor:mysticalfire",
    "tutor:scaryface",
    "tutor:snore",
    "tutor:stompingtantrum",
    "tutor:storedpower",
    "tutor:superpower",
    "tutor:weatherball"
  ]
}