{
  "target": "cobblemon:gengar",
  "abilities": [
    "levitate"
  ],
  "baseStats": {
    "hp": 60,
    "attack": 65,
    "defence": 60,
    "special_attack": 130,
    "special_defence": 75,
    "speed": 110
  },
  "moves": [
    "1:hypnosis",
    "1:lick",
    "1:shadowpunch",
    "1:spite",
    "8:meanlook",
    "12:curse",
    "15:nightshade",
    "19:confuseray",
    "22:suckerpunch",
    "28:shadowball",
    "39:dreameater",
    "44:darkpulse",
    "50:destinybond",
    "55:hex",
    "61:nightmare",
    "egg:astonish",
    "egg:clearsmog",
    "egg:disable",
    "egg:firepunch",
    "egg:grudge",
    "egg:haze",
    "egg:icepunch",
    "egg:perishsong",
    "egg:psywave",
    "egg:reflecttype",
    "egg:scaryface",
    "egg:smog",
    "egg:thunderpunch",
    "tm:brickbreak",
    "tm:darkpulse",
    "tm:dazzlinggleam",
    "tm:drainpunch",
    "tm:energyball",
    "tm:explosion",
    "tm:facade",
    "tm:focusblast",
    "tm:aurasphere",
    "tm:focuspunch",
    "tm:gigadrain",
    "tm:hiddenpower",
    "tm:icywind",
    "tm:poisonjab",
    "tm:poltergeist",
    "tm:poweruppunch",
    "tm:protect",
    "tm:psychic",
    "tm:raindance",
    "tm:rest",
    "tm:return",
    "tm:rocksmash",
    "tm:shadowball",
    "tm:shadowclaw",
    "tm:sleeptalk",
    "tm:sludgebomb",
    "tm:sludgewave",
    "tm:strength",
    "tm:substitute",
    "tm:sunnyday",
    "tm:taunt",
    "tm:thief",
    "tm:thunder",
    "tm:thunderbolt",
    "tm:toxic",
    "tm:trickroom",
    "tm:venoshock",
    "tm:willowisp",
    "tm:psychicnoise",
    "tutor:bodyslam",
    "tutor:confide",
    "tutor:encore",
    "tutor:firepunch",
    "tutor:foulplay",
    "tutor:hex",
    "tutor:icepunch",
    "tutor:icywind",
    "tutor:knockoff",
    "tutor:laserfocus",
    "tutor:nastyplot",
    "tutor:painsplit",
    "tutor:phantomforce",
    "tutor:psychup",
    "tutor:roleplay",
    "tutor:scaryface",
    "tutor:snatch",
    "tutor:snore",
    "tutor:spite",
    "tutor:thunderpunch",
    "tutor:trick",
    "tutor:uproar",
    "tutor:wonderroom",
    "tutor:toxicspikes"
  ]
}