{
  "target": "cobblemon:gloom",
  "abilities": [
    "chlorophyll",
    "h:stench"
  ],
  "baseStats": {
    "hp": 60,
    "attack": 65,
    "defence": 70,
    "special_attack": 85,
    "special_defence": 75,
    "speed": 40
  },
  "moves": [
    "1:absorb",
    "1:acid",
    "1:growth",
    "5:sweetscent",
    "13:poisonpowder",
    "14:stunspore",
    "15:sleeppowder",
    "19:megadrain",
    "24:sludge",
    "29:moonlight",
    "34:gigadrain",
    "39:toxic",
    "44:naturalgift",
    "49:petalblizzard",
    "54:grassyterrain",
    "59:petaldance",
    "62:strengthsap",
    "66:appleacid",
    "egg:afteryou",
    "egg:charm",
    "egg:flail",
    "egg:ingrain",
    "egg:leechseed",
    "egg:naturepower",
    "egg:razorleaf",
    "egg:secretpower",
    "egg:synthesis",
    "egg:teeterdance",
    "egg:tickle",
    "tm:bulletseed",
    "tm:cut",
    "tm:dazzlinggleam",
    "tm:drainpunch",
    "tm:energyball",
    "tm:facade",
    "tm:flash",
    "tm:gigadrain",
    "tm:grassknot",
    "tm:grassyglide",
    "tm:hiddenpower",
    "tm:protect",
    "tm:reflect",
    "tm:rest",
    "tm:return",
    "tm:sleeptalk",
    "tm:sludgebomb",
    "tm:solarbeam",
    "tm:substitute",
    "tm:sunnyday",
    "tm:swordsdance",
    "tm:toxic",
    "tm:venoshock",
    "tutor:afteryou",
    "tutor:confide",
    "tutor:gastroacid",
    "tutor:grassyterrain",
    "tutor:seedbomb",
    "tutor:snore",
    "tutor:synthesis",
    "tutor:worryseed"
  ]
}