{
  "target": "cobblemon:golbat",
  "abilities": [
    "infiltrator",
    "sniper",
    "h:corrosion"
  ],
  "baseStats": {
    "hp": 75,
    "attack": 80,
    "defence": 70,
    "special_attack": 65,
    "special_defence": 75,
    "speed": 90
  },
  "moves": [
    "1:absorb",
    "1:astonish",
    "1:bite",
    "1:screech",
    "1:supersonic",
    "13:wingattack",
    "17:confuseray",
    "19:aircutter",
    "24:meanlook",
    "27:poisonfang",
    "32:leechlife",
    "35:dualwingbeat",
    "40:haze",
    "43:venoshock",
    "48:airslash",
    "51:quickguard",
    "egg:curse",
    "egg:defog",
    "egg:feintattack",
    "egg:gigadrain",
    "egg:gust",
    "egg:hypnosis",
    "egg:nastyplot",
    "egg:pursuit",
    "egg:quickattack",
    "egg:steelwing",
    "egg:venomdrench",
    "egg:whirlwind",
    "egg:zenheadbutt",
    "tm:acrobatics",
    "tm:aerialace",
    "tm:bravebird",
    "tm:defog",
    "tm:dualwingbeat",
    "tm:facade",
    "tm:fly",
    "tm:gigadrain",
    "tm:hiddenpower",
    "tm:leechlife",
    "tm:pluck",
    "tm:protect",
    "tm:raindance",
    "tm:rest",
    "tm:return",
    "tm:roost",
    "tm:shadowball",
    "tm:sleeptalk",
    "tm:sludgebomb",
    "tm:steelwing",
    "tm:substitute",
    "tm:sunnyday",
    "tm:taunt",
    "tm:thief",
    "tm:toxic",
    "tm:uturn",
    "tm:venoshock",
    "tutor:agility",
    "tutor:airslash",
    "tutor:bravebird",
    "tutor:confide",
    "tutor:crunch",
    "tutor:heatwave",
    "tutor:nastyplot",
    "tutor:screech",
    "tutor:snatch",
    "tutor:snore",
    "tutor:superfang",
    "tutor:tailwind",
    "tutor:uproar",
    "tutor:venomdrench",
    "tutor:zenheadbutt"
  ]
}