{
  "target": "cobblemon:golduck",
  "primaryType": "water",
  "secondaryType": "psychic",
  "abilities": [
    "swiftswim",
    "cloudnine",
    "h:neuroforce"
  ],
  "baseStats": {
    "hp": 80,
    "attack": 82,
    "defence": 78,
    "special_attack": 100,
    "special_defence": 80,
    "speed": 100
  },
  "moves": [
    "1:aquajet",
    "1:mefirst",
    "1:scald",
    "1:scratch",
    "1:tailwhip",
    "7:watergun",
    "10:confusion",
    "13:furyswipes",
    "16:waterpulse",
    "19:disable",
    "22:screech",
    "25:zenheadbutt",
    "28:aquatail",
    "31:soak",
    "33:psychic",
    "36:psychup",
    "41:nastyplot",
    "46:hydropump",
    "51:wonderroom",
    "egg:clearsmog",
    "egg:confuseray",
    "egg:crosschop",
    "egg:encore",
    "egg:foresight",
    "egg:futuresight",
    "egg:hypnosis",
    "egg:mudbomb",
    "egg:psybeam",
    "egg:refresh",
    "egg:secretpower",
    "egg:simplebeam",
    "egg:sleeptalk",
    "egg:synchronoise",
    "egg:yawn",
    "tm:aerialace",
    "tm:blizzard",
    "tm:brickbreak",
    "tm:calmmind",
    "tm:dig",
    "tm:expandingforce",
    "tm:facade",
    "tm:flash",
    "tm:flipturn",
    "tm:focusblast",
    "tm:aurasphere",
    "tm:focuspunch",
    "tm:futuresight",
    "tm:snowscape",
    "tm:hiddenpower",
    "tm:honeclaws",
    "tm:icebeam",
    "tm:icywind",
    "tm:irontail",
    "tm:lightscreen",
    "tm:lowkick",
    "tm:lowsweep",
    "tm:poweruppunch",
    "tm:protect",
    "tm:psychic",
    "tm:psyshock",
    "tm:raindance",
    "tm:rest",
    "tm:return",
    "tm:rockclimb",
    "tm:rocksmash",
    "tm:scald",
    "tm:shadowclaw",
    "tm:sleeptalk",
    "tm:strength",
    "tm:substitute",
    "tm:surf",
    "tm:teleport",
    "tm:toxic",
    "tm:trailblaze",
    "tm:waterfall",
    "tm:psychicnoise",
    "tutor:aquatail",
    "tutor:bodyslam",
    "tutor:confide",
    "tutor:encore",
    "tutor:hydropump",
    "tutor:icepunch",
    "tutor:icywind",
    "tutor:laserfocus",
    "tutor:liquidation",
    "tutor:lowkick",
    "tutor:muddywater",
    "tutor:nastyplot",
    "tutor:powergem",
    "tutor:psychup",
    "tutor:roleplay",
    "tutor:screech",
    "tutor:signalbeam",
    "tutor:snore",
    "tutor:whirlpool",
    "tutor:wonderroom",
    "tutor:worryseed",
    "tutor:zenheadbutt",
    "tutor:vacuumwave",
    "tutor:knockoff"
  ]
}