{
  "target": "cobblemon:goldeen",
  "baseStats": {
    "hp": 45,
    "attack": 67,
    "defence": 60,
    "special_attack": 35,
    "special_defence": 50,
    "speed": 63
  },
  "abilities": [
    "lightningrod",
    "waterveil",
    "h:raindish"
  ],
  "moves": [
    "1:peck",
    "1:tailwhip",
    "1:watersport",
    "5:supersonic",
    "8:hornattack",
    "13:flail",
    "15:aquajet",
    "21:aquaring",
    "29:agility",
    "32:waterfall",
    "40:soak",
    "45:megahorn",
    "egg:aquatail",
    "egg:bodyslam",
    "egg:fishiousrend",
    "egg:haze",
    "egg:hydropump",
    "egg:mudshot",
    "egg:mudslap",
    "egg:psybeam",
    "egg:signalbeam",
    "egg:skullbash",
    "egg:sleeptalk",
    "tm:blizzard",
    "tm:cut",
    "tm:facade",
    "tm:flipturn",
    "tm:snowscape",
    "tm:hiddenpower",
    "tm:icebeam",
    "tm:icywind",
    "tm:poisonjab",
    "tm:protect",
    "tm:raindance",
    "tm:rest",
    "tm:return",
    "tm:scald",
    "tm:scaleshot",
    "tm:sleeptalk",
    "tm:substitute",
    "tm:surf",
    "tm:swordsdance",
    "tm:toxic",
    "tm:waterfall",
    "tutor:agility",
    "tutor:aquatail",
    "tutor:bodyslam",
    "tutor:bounce",
    "tutor:confide",
    "tutor:drillrun",
    "tutor:hydropump",
    "tutor:icywind",
    "tutor:knockoff",
    "tutor:megahorn",
    "tutor:muddywater",
    "tutor:signalbeam",
    "tutor:snore",
    "tutor:throatchop",
    "tutor:whirlpool"
  ]
}