{
  "target": "cobblemon:gyarados",
  "abilities": [
    "intimidate",
    "h:moxie"
  ],
  "baseStats": {
    "hp": 95,
    "attack": 125,
    "defence": 79,
    "special_attack": 60,
    "special_defence": 100,
    "speed": 81
  },
  "moves": [
    "1:bite",
    "1:thrash",
    "21:leer",
    "24:twister",
    "27:icefang",
    "30:aquafang",
    "33:scaryface",
    "36:dragonrage",
    "39:crunch",
    "42:aquatail",
    "45:dragondance",
    "48:hurricane",
    "51:raindance",
    "54:hyperbeam",
    "tm:blizzard",
    "tm:bulldoze",
    "tm:darkpulse",
    "tm:dragondance",
    "tm:dragonpulse",
    "tm:dragontail",
    "tm:earthquake",
    "tm:facade",
    "tm:fireblast",
    "tm:flamethrower",
    "tm:snowscape",
    "tm:hiddenpower",
    "tm:icebeam",
    "tm:icywind",
    "tm:irontail",
    "tm:protect",
    "tm:raindance",
    "tm:reflect",
    "tm:rest",
    "tm:return",
    "tm:roar",
    "tm:rocksmash",
    "tm:sandstorm",
    "tm:scald",
    "tm:scaleshot",
    "tm:sleeptalk",
    "tm:stoneedge",
    "tm:strength",
    "tm:substitute",
    "tm:surf",
    "tm:taunt",
    "tm:thunder",
    "tm:thunderbolt",
    "tm:thunderwave",
    "tm:toxic",
    "tm:waterfall",
    "tm:temperflare",
    "tutor:aquatail",
    "tutor:bodyslam",
    "tutor:bounce",
    "tutor:celebrate",
    "tutor:confide",
    "tutor:crunch",
    "tutor:dragondance",
    "tutor:hurricane",
    "tutor:hydropump",
    "tutor:icefang",
    "tutor:icywind",
    "tutor:ironhead",
    "tutor:muddywater",
    "tutor:outrage",
    "tutor:powerwhip",
    "tutor:scaryface",
    "tutor:snore",
    "tutor:spite",
    "tutor:uproar",
    "tutor:whirlpool"
  ]
}