{
  "target": "cobblemon:haunter",
  "baseStats": {
    "hp": 45,
    "attack": 50,
    "defence": 45,
    "special_attack": 115,
    "special_defence": 55,
    "speed": 95
  },
  "moves": [
    "1:hypnosis",
    "1:lick",
    "1:shadowpunch",
    "1:willowisp",
    "5:spite",
    "8:meanlook",
    "10:ominouswind",
    "12:curse",
    "15:nightshade",
    "19:confuseray",
    "22:suckerpunch",
    "28:shadowball",
    "39:dreameater",
    "44:darkpulse",
    "50:destinybond",
    "55:hex",
    "61:nightmare",
    "egg:astonish",
    "egg:clearsmog",
    "egg:disable",
    "egg:firepunch",
    "egg:grudge",
    "egg:haze",
    "egg:icepunch",
    "egg:perishsong",
    "egg:psywave",
    "egg:reflecttype",
    "egg:scaryface",
    "egg:smog",
    "egg:thunderpunch",
    "tm:darkpulse",
    "tm:dazzlinggleam",
    "tm:energyball",
    "tm:explosion",
    "tm:facade",
    "tm:gigadrain",
    "tm:hiddenpower",
    "tm:icywind",
    "tm:poisonjab",
    "tm:poltergeist",
    "tm:protect",
    "tm:psychic",
    "tm:raindance",
    "tm:rest",
    "tm:return",
    "tm:shadowball",
    "tm:shadowclaw",
    "tm:sleeptalk",
    "tm:sludgebomb",
    "tm:sludgewave",
    "tm:substitute",
    "tm:sunnyday",
    "tm:taunt",
    "tm:thief",
    "tm:thunderbolt",
    "tm:toxic",
    "tm:trickroom",
    "tm:venoshock",
    "tm:willowisp",
    "tutor:confide",
    "tutor:encore",
    "tutor:firepunch",
    "tutor:foulplay",
    "tutor:hex",
    "tutor:icepunch",
    "tutor:icywind",
    "tutor:knockoff",
    "tutor:painsplit",
    "tutor:psychup",
    "tutor:scaryface",
    "tutor:snatch",
    "tutor:snore",
    "tutor:spite",
    "tutor:thunderpunch",
    "tutor:trick",
    "tutor:uproar",
    "tutor:wonderroom",
    "tutor:toxicspikes"
  ]
}