{
  "target": "cobblemon:hitmonchan",
  "abilities": [
    "frisk",
    "ironfist",
    "h:innerfocus"
  ],
  "baseStats": {
    "hp": 50,
    "attack": 115,
    "defence": 79,
    "special_attack": 35,
    "special_defence": 110,
    "speed": 76
  },
  "moves": [
    "1:cometpunch",
    "1:counter",
    "1:detect",
    "1:focuspunch",
    "1:jetpunch",
    "1:machpunch",
    "1:pursuit",
    "1:revenge",
    "6:agility",
    "16:bulletpunch",
    "21:feint",
    "26:brickbreak",
    "31:quickguard",
    "36:firepunch",
    "36:icepunch",
    "36:thunderpunch",
    "41:skyuppercut",
    "46:megapunch",
    "50:suckerpunch",
    "66:closecombat",
    "egg:bulletpunch",
    "egg:counter",
    "egg:endure",
    "egg:fakeout",
    "egg:feint",
    "egg:helpinghand",
    "egg:machpunch",
    "egg:pursuit",
    "egg:rapidspin",
    "egg:skullbash",
    "egg:vacuumwave",
    "tm:brickbreak",
    "tm:bulkup",
    "tm:bulldoze",
    "tm:coaching",
    "tm:drainpunch",
    "tm:earthquake",
    "tm:facade",
    "tm:focusblast",
    "tm:focuspunch",
    "tm:hiddenpower",
    "tm:lowkick",
    "tm:lowsweep",
    "tm:poweruppunch",
    "tm:protect",
    "tm:raindance",
    "tm:rest",
    "tm:return",
    "tm:rockclimb",
    "tm:rockslide",
    "tm:rocksmash",
    "tm:rocktomb",
    "tm:sleeptalk",
    "tm:stoneedge",
    "tm:strength",
    "tm:substitute",
    "tm:sunnyday",
    "tm:thief",
    "tm:toxic",
    "tm:workup",
    "tm:knockoff",
    "tutor:agility",
    "tutor:aurasphere",
    "tutor:bodyslam",
    "tutor:closecombat",
    "tutor:confide",
    "tutor:covet",
    "tutor:firepunch",
    "tutor:focusenergy",
    "tutor:helpinghand",
    "tutor:icepunch",
    "tutor:laserfocus",
    "tutor:lowkick",
    "tutor:roleplay",
    "tutor:snore",
    "tutor:throatchop",
    "tutor:thunderpunch",
    "tutor:uproar",
    "tutor:vacuumwave",
    "tutor:swordsdance",
    "tutor:trailblaze"
  ]
}