{
  "target": "cobblemon:hitmonlee",
  "abilities": [
    "unburden",
    "reckless",
    "h:striker"
  ],
  "baseStats": {
    "hp": 50,
    "attack": 120,
    "defence": 53,
    "special_attack": 35,
    "special_defence": 110,
    "speed": 87
  },
  "moves": [
    "1:doublekick",
    "1:jumpkick",
    "1:meditate",
    "1:revenge",
    "1:reversal",
    "1:rollingkick",
    "17:brickbreak",
    "21:focusenergy",
    "25:feint",
    "29:suckerpunch",
    "33:mindreader",
    "37:foresight",
    "41:wideguard",
    "45:blazekick",
    "49:endure",
    "54:aquastep",
    "57:highjumpkick",
    "66:pyroball",
    "egg:bulletpunch",
    "egg:counter",
    "egg:endure",
    "egg:fakeout",
    "egg:feint",
    "egg:helpinghand",
    "egg:machpunch",
    "egg:pursuit",
    "egg:rapidspin",
    "egg:skullbash",
    "egg:vacuumwave",
    "tm:brickbreak",
    "tm:bulkup",
    "tm:bulldoze",
    "tm:coaching",
    "tm:earthquake",
    "tm:facade",
    "tm:focusblast",
    "tm:focuspunch",
    "tm:hiddenpower",
    "tm:lowkick",
    "tm:lowsweep",
    "tm:poisonjab",
    "tm:poweruppunch",
    "tm:protect",
    "tm:raindance",
    "tm:rest",
    "tm:return",
    "tm:rockclimb",
    "tm:rockslide",
    "tm:rocksmash",
    "tm:rocktomb",
    "tm:sleeptalk",
    "tm:stoneedge",
    "tm:strength",
    "tm:substitute",
    "tm:sunnyday",
    "tm:superpower",
    "tm:thief",
    "tm:toxic",
    "tm:tripleaxel",
    "tm:workup",
    "tutor:aurasphere",
    "tutor:blazekick",
    "tutor:bodyslam",
    "tutor:bounce",
    "tutor:closecombat",
    "tutor:confide",
    "tutor:covet",
    "tutor:focusenergy",
    "tutor:helpinghand",
    "tutor:knockoff",
    "tutor:laserfocus",
    "tutor:lowkick",
    "tutor:reversal",
    "tutor:roleplay",
    "tutor:snore",
    "tutor:stompingtantrum",
    "tutor:superpower",
    "tutor:throatchop",
    "tutor:uproar",
    "tutor:vacuumwave",
    "tutor:swordsdance"
  ]
}