{
  "target": "cobblemon:hypno",
  "abilities": [
    "insomnia",
    "baddreams",
    "h:psychicsurge"
  ],
  "baseStats": {
    "hp": 85,
    "attack": 73,
    "defence": 70,
    "special_attack": 73,
    "special_defence": 115,
    "speed": 67
  },
  "moves": [
    "1:disable",
    "1:futuresight",
    "1:hypnosis",
    "1:nastyplot",
    "1:nightmare",
    "1:pound",
    "1:psyshock",
    "1:switcheroo",
    "1:thunderwave",
    "1:dreameater",
    "9:confusion",
    "13:headbutt",
    "17:poisongas",
    "21:meditate",
    "25:psybeam",
    "29:wakeupslap",
    "33:psychup",
    "37:synchronoise",
    "41:psychic",
    "45:swagger",
    "58:darkvoid",
    "egg:assist",
    "egg:barrier",
    "egg:firepunch",
    "egg:flatter",
    "egg:icepunch",
    "egg:nastyplot",
    "egg:powersplit",
    "egg:psychicterrain",
    "egg:psychocut",
    "egg:roleplay",
    "egg:secretpower",
    "egg:skillswap",
    "egg:thunderpunch",
    "egg:wish",
    "tm:brickbreak",
    "tm:calmmind",
    "tm:dazzlinggleam",
    "tm:drainingkiss",
    "tm:drainpunch",
    "tm:expandingforce",
    "tm:facade",
    "tm:flash",
    "tm:focusblast",
    "tm:aurasphere",
    "tm:focuspunch",
    "tm:futuresight",
    "tm:grassknot",
    "tm:hiddenpower",
    "tm:lightscreen",
    "tm:lowkick",
    "tm:lowsweep",
    "tm:poweruppunch",
    "tm:protect",
    "tm:psychic",
    "tm:psyshock",
    "tm:raindance",
    "tm:reflect",
    "tm:rest",
    "tm:return",
    "tm:shadowball",
    "tm:sleeptalk",
    "tm:substitute",
    "tm:sunnyday",
    "tm:taunt",
    "tm:teleport",
    "tm:thief",
    "tm:thunderwave",
    "tm:toxic",
    "tm:trailblaze",
    "tm:trickroom",
    "tm:psychicnoise",
    "tm:knockoff",
    "tutor:batonpass",
    "tutor:bodyslam",
    "tutor:confide",
    "tutor:firepunch",
    "tutor:foulplay",
    "tutor:icepunch",
    "tutor:lowkick",
    "tutor:magiccoat",
    "tutor:magicroom",
    "tutor:nastyplot",
    "tutor:psychicterrain",
    "tutor:psychocut",
    "tutor:psychup",
    "tutor:roleplay",
    "tutor:signalbeam",
    "tutor:snatch",
    "tutor:snore",
    "tutor:thunderpunch",
    "tutor:trick",
    "tutor:zenheadbutt"
  ]
}