{
  "target": "cobblemon:ivysaur",
  "baseStats": {
    "hp": 60,
    "attack": 62,
    "defence": 63,
    "special_attack": 80,
    "special_defence": 80,
    "speed": 60
  },
  "moves": [
    "1:growl",
    "1:leechseed",
    "1:tackle",
    "9:magicalleaf",
    "13:poisonpowder",
    "13:sleeppowder",
    "15:sludge",
    "20:megadrain",
    "23:takedown",
    "28:growth",
    "31:doubleedge",
    "36:sludgebomb",
    "39:synthesis",
    "44:solarbeam",
    "tm:bulletseed",
    "tm:cut",
    "tm:dig",
    "tm:energyball",
    "tm:facade",
    "tm:flash",
    "tm:gigadrain",
    "tm:grassknot",
    "tm:grassyglide",
    "tm:hiddenpower",
    "tm:lightscreen",
    "tm:protect",
    "tm:reflect",
    "tm:rest",
    "tm:return",
    "tm:rocksmash",
    "tm:sleeptalk",
    "tm:sludgebomb",
    "tm:solarbeam",
    "tm:strength",
    "tm:substitute",
    "tm:sunnyday",
    "tm:swordsdance",
    "tm:toxic",
    "tm:venoshock",
    "tm:workup",
    "tutor:bodyslam",
    "tutor:celebrate",
    "tutor:confide",
    "tutor:grasspledge",
    "tutor:grassyterrain",
    "tutor:helpinghand",
    "tutor:knockoff",
    "tutor:leafstorm",
    "tutor:powerwhip",
    "tutor:seedbomb",
    "tutor:snore",
    "tutor:synthesis",
    "tutor:weatherball",
    "tutor:worryseed",
    "egg:amnesia",
    "egg:charm",
    "egg:curse",
    "egg:endure",
    "egg:gigadrain",
    "egg:grasswhistle",
    "egg:grassyterrain",
    "egg:ingrain",
    "egg:leafstorm",
    "egg:magicalleaf",
    "egg:naturepower",
    "egg:petaldance",
    "egg:powerwhip",
    "egg:skullbash",
    "egg:sludge"
  ]
}