{
  "target": "cobblemon:jigglypuff",
  "abilities": [
    "cutecharm",
    "competitive",
    "h:friendguard"
  ],
  "baseStats": {
    "hp": 115,
    "attack": 45,
    "defence": 20,
    "special_attack": 45,
    "special_defence": 25,
    "speed": 20
  },
  "moves": [
    "1:sing",
    "3:defensecurl",
    "5:pound",
    "9:playnice",
    "11:disarmingvoice",
    "14:disable",
    "17:covet",
    "20:rollout",
    "22:round",
    "25:spitup",
    "25:stockpile",
    "25:swallow",
    "27:wakeupslap",
    "30:rest",
    "32:bodyslam",
    "35:gyroball",
    "38:mimic",
    "41:hypervoice",
    "45:doubleedge",
    "65:lovelykiss",
    "egg:captivate",
    "egg:covet",
    "egg:faketears",
    "egg:feintattack",
    "egg:gravity",
    "egg:healpulse",
    "egg:mistyterrain",
    "egg:perishsong",
    "egg:present",
    "egg:punishment",
    "egg:sleeptalk",
    "egg:wish",
    "tm:blizzard",
    "tm:brickbreak",
    "tm:chargebeam",
    "tm:dazzlinggleam",
    "tm:dig",
    "tm:drainingkiss",
    "tm:drainpunch",
    "tm:facade",
    "tm:fireblast",
    "tm:flamethrower",
    "tm:flash",
    "tm:focuspunch",
    "tm:grassknot",
    "tm:gyroball",
    "tm:hiddenpower",
    "tm:hypervoice",
    "tm:icebeam",
    "tm:icespinner",
    "tm:icywind",
    "tm:lightscreen",
    "tm:mistyexplosion",
    "tm:poweruppunch",
    "tm:protect",
    "tm:psychic",
    "tm:raindance",
    "tm:reflect",
    "tm:rest",
    "tm:return",
    "tm:shadowball",
    "tm:sleeptalk",
    "tm:solarbeam",
    "tm:stealthrock",
    "tm:steelroller",
    "tm:strength",
    "tm:substitute",
    "tm:sunnyday",
    "tm:teleport",
    "tm:thunder",
    "tm:thunderbolt",
    "tm:thunderwave",
    "tm:toxic",
    "tm:trailblaze",
    "tm:wildcharge",
    "tm:workup",
    "tm:psychicnoise",
    "tm:alluringvoice",
    "tutor:batonpass",
    "tutor:bodyslam",
    "tutor:bounce",
    "tutor:confide",
    "tutor:covet",
    "tutor:endeavor",
    "tutor:faketears",
    "tutor:firepunch",
    "tutor:gravity",
    "tutor:healbell",
    "tutor:helpinghand",
    "tutor:hypervoice",
    "tutor:icepunch",
    "tutor:icywind",
    "tutor:knockoff",
    "tutor:lastresort",
    "tutor:magiccoat",
    "tutor:mistyterrain",
    "tutor:painsplit",
    "tutor:playrough",
    "tutor:psychup",
    "tutor:roleplay",
    "tutor:screech",
    "tutor:snatch",
    "tutor:snore",
    "tutor:thunderpunch",
    "tutor:uproar"
  ]
}