{
  "target": "cobblemon:jolteon",
  "baseStats": {
    "hp": 65,
    "attack": 65,
    "defence": 60,
    "special_attack": 110,
    "special_defence": 95,
    "speed": 130
  },
  "moves": [
    "1:flash",
    "1:helpinghand",
    "1:pinmissile",
    "1:spikes",
    "1:tackle",
    "1:tailwhip",
    "1:thundershock",
    "9:babydolleyes",
    "13:quickattack",
    "17:doublekick",
    "20:thunderfang",
    "25:signalbeam",
    "29:agility",
    "33:thunderwave",
    "36:discharge",
    "41:lastresort",
    "45:thunder",
    "egg:captivate",
    "egg:charm",
    "egg:covet",
    "egg:curse",
    "egg:detect",
    "egg:doublekick",
    "egg:endure",
    "egg:faketears",
    "egg:flail",
    "egg:mudslap",
    "egg:naturalgift",
    "egg:storedpower",
    "egg:synchronoise",
    "egg:tickle",
    "egg:wish",
    "egg:yawn",
    "tm:calmmind",
    "tm:chargebeam",
    "tm:dig",
    "tm:facade",
    "tm:flash",
    "tm:hiddenpower",
    "tm:hypervoice",
    "tm:irontail",
    "tm:lightscreen",
    "tm:protect",
    "tm:raindance",
    "tm:reflect",
    "tm:rest",
    "tm:return",
    "tm:roar",
    "tm:rocksmash",
    "tm:shadowball",
    "tm:sleeptalk",
    "tm:spikes",
    "tm:strength",
    "tm:substitute",
    "tm:sunnyday",
    "tm:thunder",
    "tm:thunderbolt",
    "tm:thunderwave",
    "tm:toxic",
    "tm:trailblaze",
    "tm:voltswitch",
    "tm:wildcharge",
    "tm:workup",
    "tm:alluringvoice",
    "tutor:agility",
    "tutor:batonpass",
    "tutor:bodyslam",
    "tutor:celebrate",
    "tutor:confide",
    "tutor:covet",
    "tutor:electroball",
    "tutor:faketears",
    "tutor:focusenergy",
    "tutor:healbell",
    "tutor:helpinghand",
    "tutor:hypervoice",
    "tutor:laserfocus",
    "tutor:lastresort",
    "tutor:magnetrise",
    "tutor:pinmissile",
    "tutor:signalbeam",
    "tutor:snore",
    "tutor:storedpower",
    "tutor:thunderfang",
    "tutor:weatherball"
  ]
}