{
  "target": "cobblemon:jynx",
  "abilities": [
    "dryskin",
    "h:dryskin"
  ],
  "baseStats": {
    "hp": 65,
    "attack": 50,
    "defence": 50,
    "special_attack": 115,
    "special_defence": 95,
    "speed": 100
  },
  "moves": [
    "1:drainingkiss",
    "1:fakeout",
    "1:icywind",
    "1:perishsong",
    "1:pound",
    "1:psyshock",
    "5:lick",
    "8:lovelykiss",
    "11:powdersnow",
    "15:doubleslap",
    "18:icepunch",
    "21:psybeam",
    "25:meanlook",
    "28:faketears",
    "33:wakeupslap",
    "36:freezedry",
    "39:avalanche",
    "44:icebeam",
    "49:wringout",
    "52:freezingglare",
    "60:blizzard",
    "65:psystrike",
    "80:psychoboost",
    "egg:captivate",
    "egg:fakeout",
    "egg:icepunch",
    "egg:meditate",
    "egg:miracleeye",
    "egg:nastyplot",
    "egg:wakeupslap",
    "egg:wish",
    "tm:blizzard",
    "tm:brickbreak",
    "tm:calmmind",
    "tm:drainingkiss",
    "tm:drainpunch",
    "tm:energyball",
    "tm:expandingforce",
    "tm:facade",
    "tm:flash",
    "tm:focuspunch",
    "tm:frostbreath",
    "tm:grassknot",
    "tm:snowscape",
    "tm:hiddenpower",
    "tm:hypervoice",
    "tm:icebeam",
    "tm:icywind",
    "tm:lightscreen",
    "tm:poweruppunch",
    "tm:protect",
    "tm:psychic",
    "tm:psyshock",
    "tm:raindance",
    "tm:reflect",
    "tm:rest",
    "tm:return",
    "tm:shadowball",
    "tm:sleeptalk",
    "tm:substitute",
    "tm:taunt",
    "tm:thief",
    "tm:toxic",
    "tm:trickroom",
    "tm:alluringvoice",
    "tutor:aurasphere",
    "tutor:bodyslam",
    "tutor:confide",
    "tutor:covet",
    "tutor:encore",
    "tutor:faketears",
    "tutor:healbell",
    "tutor:helpinghand",
    "tutor:hypervoice",
    "tutor:icepunch",
    "tutor:iciclespear",
    "tutor:icywind",
    "tutor:magiccoat",
    "tutor:magicroom",
    "tutor:nastyplot",
    "tutor:psychicterrain",
    "tutor:psychocut",
    "tutor:psychup",
    "tutor:roleplay",
    "tutor:signalbeam",
    "tutor:snore",
    "tutor:storedpower",
    "tutor:trick",
    "tutor:uproar",
    "tutor:wonderroom",
    "tutor:zenheadbutt"
  ]
}