{
  "target": "cobblemon:kabutops",
  "abilities": [
    "sharpness",
    "h:swiftswim"
  ],
  "baseStats": {
    "hp": 60,
    "attack": 115,
    "defence": 105,
    "special_attack": 65,
    "special_defence": 70,
    "speed": 80
  },
  "moves": [
    "1:aquacutter",
    "1:feint",
    "1:harden",
    "1:leer",
    "1:nightslash",
    "1:razorshell",
    "1:scratch",
    "1:slash",
    "6:absorb",
    "16:mudshot",
    "26:endure",
    "31:aquajet",
    "36:megadrain",
    "45:metalsound",
    "54:stoneaxe",
    "63:sacredsword",
    "egg:aurorabeam",
    "egg:bubblebeam",
    "egg:confuseray",
    "egg:flail",
    "egg:foresight",
    "egg:gigadrain",
    "egg:icywind",
    "egg:knockoff",
    "egg:mudshot",
    "egg:rapidspin",
    "egg:screech",
    "egg:takedown",
    "tm:aerialace",
    "tm:blizzard",
    "tm:brickbreak",
    "tm:cut",
    "tm:dig",
    "tm:facade",
    "tm:flipturn",
    "tm:gigadrain",
    "tm:snowscape",
    "tm:hiddenpower",
    "tm:honeclaws",
    "tm:icebeam",
    "tm:icywind",
    "tm:leechlife",
    "tm:lowkick",
    "tm:meteorbeam",
    "tm:protect",
    "tm:raindance",
    "tm:reflect",
    "tm:rest",
    "tm:return",
    "tm:rockclimb",
    "tm:rockpolish",
    "tm:rockslide",
    "tm:rocksmash",
    "tm:rocktomb",
    "tm:sandstorm",
    "tm:scald",
    "tm:sleeptalk",
    "tm:stealthrock",
    "tm:stoneedge",
    "tm:substitute",
    "tm:superpower",
    "tm:surf",
    "tm:swordsdance",
    "tm:thief",
    "tm:toxic",
    "tm:waterfall",
    "tm:xscissor",
    "tutor:aquatail",
    "tutor:bodyslam",
    "tutor:confide",
    "tutor:crosspoison",
    "tutor:earthpower",
    "tutor:hydropump",
    "tutor:icywind",
    "tutor:irondefense",
    "tutor:knockoff",
    "tutor:liquidation",
    "tutor:lowkick",
    "tutor:psychocut",
    "tutor:razorshell",
    "tutor:rockblast",
    "tutor:screech",
    "tutor:snore",
    "tutor:superpower",
    "tutor:whirlpool"
  ]
}