{
  "target": "cobblemon:kabuto",
  "abilities": [
    "weakarmor",
    "battlearmor",
    "h:swiftswim"
  ],
  "baseStats": {
    "hp": 30,
    "attack": 80,
    "defence": 90,
    "special_attack": 55,
    "special_defence": 45,
    "speed": 55
  },
  "moves": [
    "1:harden",
    "1:scratch",
    "6:absorb",
    "11:leer",
    "16:mudshot",
    "26:endure",
    "31:aquajet",
    "36:megadrain",
    "41:metalsound",
    "46:ancientpower",
    "50:wringout",
    "egg:aurorabeam",
    "egg:bubblebeam",
    "egg:confuseray",
    "egg:flail",
    "egg:foresight",
    "egg:gigadrain",
    "egg:icywind",
    "egg:knockoff",
    "egg:mudshot",
    "egg:rapidspin",
    "egg:screech",
    "egg:takedown",
    "tm:aerialace",
    "tm:blizzard",
    "tm:dig",
    "tm:facade",
    "tm:flipturn",
    "tm:gigadrain",
    "tm:snowscape",
    "tm:hiddenpower",
    "tm:honeclaws",
    "tm:icebeam",
    "tm:icywind",
    "tm:protect",
    "tm:raindance",
    "tm:reflect",
    "tm:rest",
    "tm:return",
    "tm:rockpolish",
    "tm:rockslide",
    "tm:rocksmash",
    "tm:rocktomb",
    "tm:sandstorm",
    "tm:scald",
    "tm:sleeptalk",
    "tm:stealthrock",
    "tm:substitute",
    "tm:surf",
    "tm:thief",
    "tm:toxic",
    "tm:waterfall",
    "tutor:bodyslam",
    "tutor:confide",
    "tutor:earthpower",
    "tutor:hydropump",
    "tutor:icywind",
    "tutor:irondefense",
    "tutor:knockoff",
    "tutor:liquidation",
    "tutor:rockblast",
    "tutor:screech",
    "tutor:snore",
    "tutor:whirlpool"
  ]
}