{
  "target": "cobblemon:kangaskhan",
  "abilities": [
    "earlybird",
    "scrappy",
    "h:innerfocus"
  ],
  "baseStats": {
    "hp": 105,
    "attack": 95,
    "defence": 80,
    "special_attack": 40,
    "special_defence": 80,
    "speed": 90
  },
  "moves": [
    "1:cometpunch",
    "1:leer",
    "7:fakeout",
    "10:tailwhip",
    "13:bite",
    "19:doublehit",
    "22:rage",
    "25:megapunch",
    "31:chipaway",
    "34:dizzypunch",
    "37:crunch",
    "43:endure",
    "46:outrage",
    "49:suckerpunch",
    "50:reversal",
    "100:seismictoss",
    "egg:circlethrow",
    "egg:counter",
    "egg:crushclaw",
    "egg:disable",
    "egg:doubleedge",
    "egg:endeavor",
    "egg:focusenergy",
    "egg:focuspunch",
    "egg:foresight",
    "egg:hammerarm",
    "egg:stomp",
    "egg:trumpcard",
    "egg:wish",
    "tm:aerialace",
    "tm:blizzard",
    "tm:brickbreak",
    "tm:bulldoze",
    "tm:cut",
    "tm:dig",
    "tm:drainpunch",
    "tm:earthquake",
    "tm:facade",
    "tm:fireblast",
    "tm:flamethrower",
    "tm:focusblast",
    "tm:focuspunch",
    "tm:snowscape",
    "tm:hiddenpower",
    "tm:icebeam",
    "tm:icywind",
    "tm:irontail",
    "tm:lowkick",
    "tm:poweruppunch",
    "tm:protect",
    "tm:raindance",
    "tm:rest",
    "tm:return",
    "tm:roar",
    "tm:rockclimb",
    "tm:rockslide",
    "tm:rocksmash",
    "tm:rocktomb",
    "tm:sandstorm",
    "tm:shadowball",
    "tm:shadowclaw",
    "tm:sleeptalk",
    "tm:solarbeam",
    "tm:strength",
    "tm:substitute",
    "tm:sunnyday",
    "tm:surf",
    "tm:terrainpulse",
    "tm:thief",
    "tm:thunder",
    "tm:thunderbolt",
    "tm:toxic",
    "tm:workup",
    "tutor:aquatail",
    "tutor:bodyslam",
    "tutor:confide",
    "tutor:covet",
    "tutor:crunch",
    "tutor:endeavor",
    "tutor:firepunch",
    "tutor:focusenergy",
    "tutor:helpinghand",
    "tutor:hydropump",
    "tutor:icepunch",
    "tutor:icywind",
    "tutor:lowkick",
    "tutor:outrage",
    "tutor:reversal",
    "tutor:snore",
    "tutor:spite",
    "tutor:thunderpunch",
    "tutor:uproar",
    "tutor:whirlpool"
  ]
}