{
  "target": "cobblemon:kingler",
  "abilities": [
    "hypercutter",
    "shellarmor",
    "h:sheerforce"
  ],
  "baseStats": {
    "hp": 55,
    "attack": 130,
    "defence": 115,
    "special_attack": 50,
    "special_defence": 50,
    "speed": 75
  },
  "moves": [
    "1:aquajet",
    "1:bubble",
    "1:leer",
    "1:mudsport",
    "1:wideguard",
    "5:visegrip",
    "11:harden",
    "15:bubblebeam",
    "19:mudshot",
    "21:metalclaw",
    "25:stomp",
    "37:slash",
    "44:slam",
    "51:brine",
    "56:crabhammer",
    "63:flail",
    "69:meteormash",
    "75:icehammer",
    "egg:agility",
    "egg:amnesia",
    "egg:ancientpower",
    "egg:bide",
    "egg:chipaway",
    "egg:endure",
    "egg:flail",
    "egg:hammerarm",
    "egg:haze",
    "egg:knockoff",
    "egg:nightslash",
    "egg:slam",
    "egg:slash",
    "egg:tickle",
    "tm:blizzard",
    "tm:brickbreak",
    "tm:cut",
    "tm:dig",
    "tm:facade",
    "tm:flipturn",
    "tm:snowscape",
    "tm:hiddenpower",
    "tm:honeclaws",
    "tm:icebeam",
    "tm:icywind",
    "tm:protect",
    "tm:raindance",
    "tm:rest",
    "tm:return",
    "tm:rockslide",
    "tm:rocksmash",
    "tm:rocktomb",
    "tm:scald",
    "tm:sleeptalk",
    "tm:steelbeam",
    "tm:strength",
    "tm:substitute",
    "tm:superpower",
    "tm:surf",
    "tm:swordsdance",
    "tm:thief",
    "tm:toxic",
    "tm:xscissor",
    "tutor:agility",
    "tutor:bodyslam",
    "tutor:closecombat",
    "tutor:confide",
    "tutor:highhorsepower",
    "tutor:hydropump",
    "tutor:icepunch",
    "tutor:icywind",
    "tutor:irondefense",
    "tutor:ironhead",
    "tutor:knockoff",
    "tutor:liquidation",
    "tutor:razorshell",
    "tutor:snore",
    "tutor:stompingtantrum",
    "tutor:superpower",
    "tutor:whirlpool"
  ]
}