{
  "target": "cobblemon:koffing",
  "abilities": [
    "levitate",
    "neutralizinggas",
    "h:toxicdebris"
  ],
  "baseStats": {
    "hp": 40,
    "attack": 65,
    "defence": 95,
    "special_attack": 60,
    "special_defence": 45,
    "speed": 35
  },
  "moves": [
    "1:poisongas",
    "1:tackle",
    "4:smog",
    "12:assurance",
    "15:clearsmog",
    "18:sludge",
    "23:selfdestruct",
    "26:haze",
    "29:gyroball",
    "34:sludgebomb",
    "37:explosion",
    "40:destinybond",
    "42:belch",
    "45:memento",
    "egg:curse",
    "egg:destinybond",
    "egg:grudge",
    "egg:painsplit",
    "egg:psybeam",
    "egg:psywave",
    "egg:screech",
    "egg:spite",
    "egg:spitup",
    "egg:stockpile",
    "egg:swallow",
    "egg:toxicspikes",
    "egg:venomdrench",
    "tm:darkpulse",
    "tm:explosion",
    "tm:facade",
    "tm:fireblast",
    "tm:flamethrower",
    "tm:flash",
    "tm:gyroball",
    "tm:hiddenpower",
    "tm:protect",
    "tm:raindance",
    "tm:rest",
    "tm:return",
    "tm:shadowball",
    "tm:sleeptalk",
    "tm:sludgebomb",
    "tm:sludgewave",
    "tm:substitute",
    "tm:sunnyday",
    "tm:taunt",
    "tm:thief",
    "tm:thunder",
    "tm:thunderbolt",
    "tm:toxic",
    "tm:venoshock",
    "tm:willowisp",
    "tutor:confide",
    "tutor:painsplit",
    "tutor:screech",
    "tutor:snore",
    "tutor:spite",
    "tutor:toxicspikes",
    "tutor:uproar",
    "tutor:venomdrench"
  ]
}