{
  "target": "cobblemon:krabby",
  "abilities": [
    "hypercutter",
    "shellarmor",
    "h:sheerforce"
  ],
  "baseStats": {
    "hp": 30,
    "attack": 105,
    "defence": 90,
    "special_attack": 25,
    "special_defence": 25,
    "speed": 50
  },
  "moves": [
    "1:bubble",
    "1:mudsport",
    "5:visegrip",
    "9:leer",
    "11:harden",
    "15:bubblebeam",
    "19:mudshot",
    "21:metalclaw",
    "25:stomp",
    "29:protect",
    "31:slash",
    "35:slam",
    "39:brine",
    "41:crabhammer",
    "45:flail",
    "egg:agility",
    "egg:amnesia",
    "egg:ancientpower",
    "egg:bide",
    "egg:chipaway",
    "egg:endure",
    "egg:flail",
    "egg:hammerarm",
    "egg:haze",
    "egg:knockoff",
    "egg:nightslash",
    "egg:slam",
    "egg:slash",
    "egg:tickle",
    "tm:blizzard",
    "tm:brickbreak",
    "tm:cut",
    "tm:dig",
    "tm:facade",
    "tm:flipturn",
    "tm:snowscape",
    "tm:hiddenpower",
    "tm:honeclaws",
    "tm:icebeam",
    "tm:icywind",
    "tm:protect",
    "tm:raindance",
    "tm:rest",
    "tm:return",
    "tm:rockslide",
    "tm:rocksmash",
    "tm:rocktomb",
    "tm:scald",
    "tm:sleeptalk",
    "tm:strength",
    "tm:substitute",
    "tm:superpower",
    "tm:surf",
    "tm:swordsdance",
    "tm:thief",
    "tm:toxic",
    "tm:xscissor",
    "tutor:agility",
    "tutor:bodyslam",
    "tutor:confide",
    "tutor:icywind",
    "tutor:irondefense",
    "tutor:knockoff",
    "tutor:liquidation",
    "tutor:razorshell",
    "tutor:snore",
    "tutor:superpower",
    "tutor:whirlpool"
  ]
}