{
  "target": "cobblemon:lapras",
  "primaryType": "water",
  "secondaryType": "dragon",
  "abilities": [
    "waterabsorb",
    "hydration",
    "h:hydration"
  ],
  "baseStats": {
    "hp": 130,
    "attack": 85,
    "defence": 80,
    "special_attack": 85,
    "special_defence": 95,
    "speed": 60
  },
  "moves": [
    "1:growl",
    "1:sing",
    "1:watergun",
    "4:mist",
    "7:confuseray",
    "10:iceshard",
    "14:waterpulse",
    "18:bodyslam",
    "22:raindance",
    "27:perishsong",
    "32:icebeam",
    "37:brine",
    "43:safeguard",
    "47:hydropump",
    "50:dragonpulse",
    "60:wish",
    "65:boomburst",
    "70:dragonhammer",
    "egg:ancientpower",
    "egg:avalanche",
    "egg:curse",
    "egg:dragondance",
    "egg:dragonpulse",
    "egg:freezedry",
    "egg:futuresight",
    "egg:outrage",
    "egg:refresh",
    "egg:sleeptalk",
    "egg:sparklingaria",
    "egg:tickle",
    "egg:whirlpool",
    "tm:blizzard",
    "tm:bodypress",
    "tm:bulldoze",
    "tm:cut",
    "tm:dracobarrage",
    "tm:dragondance",
    "tm:dragonpulse",
    "tm:facade",
    "tm:frostbreath",
    "tm:futuresight",
    "tm:snowscape",
    "tm:hiddenpower",
    "tm:hypervoice",
    "tm:icebeam",
    "tm:icywind",
    "tm:irontail",
    "tm:protect",
    "tm:psychic",
    "tm:raindance",
    "tm:rest",
    "tm:return",
    "tm:roar",
    "tm:rocksmash",
    "tm:scald",
    "tm:sleeptalk",
    "tm:solarbeam",
    "tm:strength",
    "tm:substitute",
    "tm:surf",
    "tm:thunder",
    "tm:thunderbolt",
    "tm:toxic",
    "tm:waterfall",
    "tm:psychicnoise",
    "tm:alluringvoice",
    "tutor:aquatail",
    "tutor:block",
    "tutor:bodypress",
    "tutor:bodyslam",
    "tutor:confide",
    "tutor:dracometeor",
    "tutor:dragondance",
    "tutor:drillrun",
    "tutor:healbell",
    "tutor:helpinghand",
    "tutor:hydropump",
    "tutor:hypervoice",
    "tutor:icywind",
    "tutor:ironhead",
    "tutor:liquidation",
    "tutor:megahorn",
    "tutor:outrage",
    "tutor:signalbeam",
    "tutor:snore",
    "tutor:weatherball",
    "tutor:whirlpool",
    "tutor:zenheadbutt"
  ]
}