{
  "target": "cobblemon:lickitung",
  "abilities": [
    "owntempo",
    "oblivious",
    "h:cloudnine"
  ],
  "baseStats": {
    "hp": 90,
    "attack": 55,
    "defence": 75,
    "special_attack": 60,
    "special_defence": 75,
    "speed": 30
  },
  "moves": [
    "1:lick",
    "5:supersonic",
    "9:defensecurl",
    "13:knockoff",
    "17:wrap",
    "21:stomp",
    "25:disable",
    "29:slam",
    "33:rollout",
    "37:chipaway",
    "41:mefirst",
    "45:refresh",
    "49:screech",
    "53:powerwhip",
    "57:wringout",
    "egg:amnesia",
    "egg:belch",
    "egg:bellydrum",
    "egg:bodyslam",
    "egg:curse",
    "egg:hammerarm",
    "egg:magnitude",
    "egg:muddywater",
    "egg:sleeptalk",
    "egg:smellingsalts",
    "egg:snore",
    "egg:thrash",
    "egg:wish",
    "egg:zenheadbutt",
    "tm:blizzard",
    "tm:bodypress",
    "tm:brickbreak",
    "tm:bulldoze",
    "tm:cut",
    "tm:dig",
    "tm:dragontail",
    "tm:earthquake",
    "tm:facade",
    "tm:fireblast",
    "tm:flamethrower",
    "tm:focuspunch",
    "tm:hiddenpower",
    "tm:icebeam",
    "tm:icywind",
    "tm:irontail",
    "tm:poweruppunch",
    "tm:protect",
    "tm:raindance",
    "tm:rest",
    "tm:return",
    "tm:rockclimb",
    "tm:rockslide",
    "tm:rocksmash",
    "tm:rocktomb",
    "tm:sandstorm",
    "tm:shadowball",
    "tm:sleeptalk",
    "tm:solarbeam",
    "tm:steelroller",
    "tm:strength",
    "tm:substitute",
    "tm:sunnyday",
    "tm:surf",
    "tm:swordsdance",
    "tm:terrainpulse",
    "tm:thief",
    "tm:thunder",
    "tm:thunderbolt",
    "tm:toxic",
    "tm:workup",
    "tutor:aquatail",
    "tutor:bodypress",
    "tutor:bodyslam",
    "tutor:confide",
    "tutor:firepunch",
    "tutor:healbell",
    "tutor:helpinghand",
    "tutor:hydropump",
    "tutor:icepunch",
    "tutor:icywind",
    "tutor:knockoff",
    "tutor:muddywater",
    "tutor:powerwhip",
    "tutor:psychup",
    "tutor:screech",
    "tutor:snore",
    "tutor:stompingtantrum",
    "tutor:thunderpunch",
    "tutor:whirlpool",
    "tutor:zenheadbutt"
  ]
}