{
  "target": "cobblemon:machoke",
  "baseStats": {
    "hp": 80,
    "attack": 100,
    "defence": 70,
    "special_attack": 50,
    "special_defence": 60,
    "speed": 45
  },
  "moves": [
    "1:karatechop",
    "1:leer",
    "1:lowkick",
    "1:machpunch",
    "3:focusenergy",
    "9:foresight",
    "13:lowsweep",
    "15:seismictoss",
    "19:revenge",
    "21:knockoff",
    "25:vitalthrow",
    "27:wakeupslap",
    "33:dualchop",
    "37:submission",
    "43:bulkup",
    "47:crosschop",
    "53:scaryface",
    "57:dynamicpunch",
    "egg:bulletpunch",
    "egg:counter",
    "egg:encore",
    "egg:firepunch",
    "egg:heavyslam",
    "egg:icepunch",
    "egg:knockoff",
    "egg:meditate",
    "egg:powertrick",
    "egg:quickguard",
    "egg:rollingkick",
    "egg:smellingsalts",
    "egg:thunderpunch",
    "egg:tickle",
    "tm:brickbreak",
    "tm:bulkup",
    "tm:bulldoze",
    "tm:coaching",
    "tm:dig",
    "tm:drainpunch",
    "tm:dualchop",
    "tm:earthquake",
    "tm:facade",
    "tm:fireblast",
    "tm:flamethrower",
    "tm:focusblast",
    "tm:aurasphere",
    "tm:focuspunch",
    "tm:hiddenpower",
    "tm:lightscreen",
    "tm:lowkick",
    "tm:lowsweep",
    "tm:poisonjab",
    "tm:poweruppunch",
    "tm:protect",
    "tm:raindance",
    "tm:rest",
    "tm:return",
    "tm:rockclimb",
    "tm:rockslide",
    "tm:rocksmash",
    "tm:rocktomb",
    "tm:sleeptalk",
    "tm:strength",
    "tm:substitute",
    "tm:sunnyday",
    "tm:superpower",
    "tm:thief",
    "tm:toxic",
    "tm:workup",
    "tutor:bodyslam",
    "tutor:closecombat",
    "tutor:confide",
    "tutor:dualchop",
    "tutor:encore",
    "tutor:firepunch",
    "tutor:focusenergy",
    "tutor:heavyslam",
    "tutor:helpinghand",
    "tutor:icepunch",
    "tutor:knockoff",
    "tutor:lowkick",
    "tutor:reversal",
    "tutor:roleplay",
    "tutor:scaryface",
    "tutor:snore",
    "tutor:stompingtantrum",
    "tutor:superpower",
    "tutor:thunderpunch",
    "tutor:vacuumwave"
  ]
}