{
  "target": "cobblemon:magneton",
  "baseStats": {
    "hp": 50,
    "attack": 60,
    "defence": 95,
    "special_attack": 120,
    "special_defence": 70,
    "speed": 70
  },
  "moves": [
    "1:electricterrain",
    "1:shockwave",
    "1:supersonic",
    "1:tackle",
    "1:thunderwave",
    "1:triattack",
    "1:zapcannon",
    "5:thundershock",
    "11:magnetbomb",
    "13:lightscreen",
    "17:sonicboom",
    "19:spark",
    "23:mirrorshot",
    "25:metalsound",
    "29:electroball",
    "33:flashcannon",
    "39:screech",
    "43:discharge",
    "49:lockon",
    "53:magnetrise",
    "59:gyroball",
    "tm:chargebeam",
    "tm:electroweb",
    "tm:explosion",
    "tm:facade",
    "tm:flash",
    "tm:flashcannon",
    "tm:gyroball",
    "tm:hiddenpower",
    "tm:lightscreen",
    "tm:protect",
    "tm:raindance",
    "tm:reflect",
    "tm:rest",
    "tm:return",
    "tm:risingvoltage",
    "tm:sleeptalk",
    "tm:steelbeam",
    "tm:substitute",
    "tm:sunnyday",
    "tm:teleport",
    "tm:thunder",
    "tm:thunderbolt",
    "tm:thunderwave",
    "tm:toxic",
    "tm:voltswitch",
    "tm:wildcharge",
    "tutor:confide",
    "tutor:electricterrain",
    "tutor:electroball",
    "tutor:electroweb",
    "tutor:gravity",
    "tutor:irondefense",
    "tutor:magiccoat",
    "tutor:magnetrise",
    "tutor:psychup",
    "tutor:screech",
    "tutor:signalbeam",
    "tutor:snore"
  ]
}