{
  "target": "cobblemon:magnemite",
  "baseStats": {
    "hp": 25,
    "attack": 35,
    "defence": 70,
    "special_attack": 95,
    "special_defence": 55,
    "speed": 45
  },
  "moves": [
    "1:supersonic",
    "1:tackle",
    "5:shockwave",
    "7:thunderwave",
    "11:magnetbomb",
    "13:lightscreen",
    "17:sonicboom",
    "19:spark",
    "23:mirrorshot",
    "25:metalsound",
    "29:electroball",
    "31:flashcannon",
    "35:screech",
    "37:discharge",
    "41:lockon",
    "43:magnetrise",
    "47:gyroball",
    "49:zapcannon",
    "tm:chargebeam",
    "tm:electroweb",
    "tm:explosion",
    "tm:facade",
    "tm:flash",
    "tm:flashcannon",
    "tm:gyroball",
    "tm:hiddenpower",
    "tm:lightscreen",
    "tm:protect",
    "tm:raindance",
    "tm:reflect",
    "tm:rest",
    "tm:return",
    "tm:sleeptalk",
    "tm:steelbeam",
    "tm:substitute",
    "tm:sunnyday",
    "tm:teleport",
    "tm:thunder",
    "tm:thunderbolt",
    "tm:thunderwave",
    "tm:toxic",
    "tm:voltswitch",
    "tm:wildcharge",
    "tutor:confide",
    "tutor:electroball",
    "tutor:electroweb",
    "tutor:gravity",
    "tutor:irondefense",
    "tutor:magiccoat",
    "tutor:magnetrise",
    "tutor:psychup",
    "tutor:screech",
    "tutor:signalbeam",
    "tutor:snore"
  ]
}