{
  "target": "cobblemon:mankey",
  "baseStats": {
    "hp": 40,
    "attack": 80,
    "defence": 35,
    "special_attack": 35,
    "special_defence": 45,
    "speed": 70
  },
  "moves": [
    "1:covet",
    "1:leer",
    "1:lowkick",
    "1:scratch",
    "5:rocktomb",
    "8:karatechop",
    "12:pursuit",
    "15:seismictoss",
    "19:swagger",
    "23:brickbreak",
    "26:assurance",
    "29:punishment",
    "33:thrash",
    "37:screech",
    "40:stompingtantrum",
    "44:outrage",
    "47:crosschop",
    "50:finalgambit",
    "64:closecombat",
    "egg:beatup",
    "egg:counter",
    "egg:encore",
    "egg:focuspunch",
    "egg:foresight",
    "egg:meditate",
    "egg:nightslash",
    "egg:powertrip",
    "egg:revenge",
    "egg:reversal",
    "egg:sleeptalk",
    "egg:smellingsalts",
    "tm:acrobatics",
    "tm:aerialace",
    "tm:brickbreak",
    "tm:bulkup",
    "tm:bulldoze",
    "tm:dig",
    "tm:dualchop",
    "tm:earthquake",
    "tm:facade",
    "tm:focusblast",
    "tm:aurasphere",
    "tm:focuspunch",
    "tm:hiddenpower",
    "tm:honeclaws",
    "tm:irontail",
    "tm:lowkick",
    "tm:lowsweep",
    "tm:overheat",
    "tm:poisonjab",
    "tm:poweruppunch",
    "tm:protect",
    "tm:raindance",
    "tm:rest",
    "tm:return",
    "tm:rockclimb",
    "tm:rockslide",
    "tm:rocksmash",
    "tm:rocktomb",
    "tm:sleeptalk",
    "tm:strength",
    "tm:substitute",
    "tm:sunnyday",
    "tm:taunt",
    "tm:thief",
    "tm:thunder",
    "tm:thunderbolt",
    "tm:toxic",
    "tm:uturn",
    "tm:workup",
    "tutor:bodyslam",
    "tutor:closecombat",
    "tutor:confide",
    "tutor:covet",
    "tutor:dualchop",
    "tutor:encore",
    "tutor:endeavor",
    "tutor:firepunch",
    "tutor:focusenergy",
    "tutor:gunkshot",
    "tutor:helpinghand",
    "tutor:icepunch",
    "tutor:lowkick",
    "tutor:outrage",
    "tutor:psychup",
    "tutor:reversal",
    "tutor:roleplay",
    "tutor:scaryface",
    "tutor:screech",
    "tutor:seedbomb",
    "tutor:snore",
    "tutor:spite",
    "tutor:stompingtantrum",
    "tutor:thunderpunch",
    "tutor:uproar",
    "tutor:vacuumwave"
  ]
}