{
  "target": "cobblemon:mewtwo",
  "abilities": [
    "pressure",
    "h:unnerve"
  ],
  "baseStats": {
    "hp": 106,
    "attack": 110,
    "defence": 90,
    "special_attack": 154,
    "special_defence": 90,
    "speed": 130
  },
  "moves": [
    "1:confusion",
    "1:disable",
    "1:laserfocus",
    "1:psywave",
    "1:safeguard",
    "8:swift",
    "15:futuresight",
    "22:psychup",
    "29:miracleeye",
    "36:psychocut",
    "43:guardswap",
    "43:powerswap",
    "50:recover",
    "57:psychic",
    "64:barrier",
    "70:aurasphere",
    "79:amnesia",
    "83:psystrike",
    "86:mist",
    "93:mefirst",
    "100:soulrobbery",
    "tm:aerialace",
    "tm:blizzard",
    "tm:brickbreak",
    "tm:bulkup",
    "tm:bulldoze",
    "tm:calmmind",
    "tm:chargebeam",
    "tm:drainpunch",
    "tm:earthquake",
    "tm:energyball",
    "tm:expandingforce",
    "tm:facade",
    "tm:fireblast",
    "tm:flamethrower",
    "tm:flash",
    "tm:focusblast",
    "tm:focuspunch",
    "tm:futuresight",
    "tm:grassknot",
    "tm:snowscape",
    "tm:hiddenpower",
    "tm:icebeam",
    "tm:icywind",
    "tm:irontail",
    "tm:lightscreen",
    "tm:lowkick",
    "tm:lowsweep",
    "tm:poisonjab",
    "tm:poweruppunch",
    "tm:protect",
    "tm:psychic",
    "tm:psyshock",
    "tm:raindance",
    "tm:reflect",
    "tm:rest",
    "tm:return",
    "tm:rockclimb",
    "tm:rockslide",
    "tm:rocksmash",
    "tm:rocktomb",
    "tm:sandstorm",
    "tm:shadowball",
    "tm:sleeptalk",
    "tm:solarbeam",
    "tm:stoneedge",
    "tm:strength",
    "tm:substitute",
    "tm:sunnyday",
    "tm:taunt",
    "tm:teleport",
    "tm:thunder",
    "tm:thunderbolt",
    "tm:thunderwave",
    "tm:toxic",
    "tm:trailblaze",
    "tm:trickroom",
    "tm:willowisp",
    "tm:psychicnoise",
    "tm:knockoff",
    "tm:weatherball",
    "tutor:agility",
    "tutor:aquatail",
    "tutor:aurasphere",
    "tutor:bodyslam",
    "tutor:closecombat",
    "tutor:confide",
    "tutor:earthpower",
    "tutor:electroball",
    "tutor:firepunch",
    "tutor:foulplay",
    "tutor:gravity",
    "tutor:hurricane",
    "tutor:icepunch",
    "tutor:icywind",
    "tutor:laserfocus",
    "tutor:lowkick",
    "tutor:magiccoat",
    "tutor:magicroom",
    "tutor:nastyplot",
    "tutor:powergem",
    "tutor:psychicterrain",
    "tutor:psychocut",
    "tutor:psychup",
    "tutor:roleplay",
    "tutor:signalbeam",
    "tutor:snatch",
    "tutor:snore",
    "tutor:storedpower",
    "tutor:thunderpunch",
    "tutor:trick",
    "tutor:wonderroom",
    "tutor:zenheadbutt"
  ]
}