{
  "target": "cobblemon:nidoranf",
  "abilities": [
    "poisontouch",
    "rivalry",
    "h:hustle"
  ],
  "baseStats": {
    "hp": 55,
    "attack": 47,
    "defence": 52,
    "special_attack": 40,
    "special_defence": 40,
    "speed": 41
  },
  "moves": [
    "1:growl",
    "1:scratch",
    "7:tailwhip",
    "9:doublekick",
    "13:poisonsting",
    "19:furyswipes",
    "21:bite",
    "25:helpinghand",
    "31:toxicspikes",
    "33:flatter",
    "37:crunch",
    "43:captivate",
    "45:poisonfang",
    "egg:beatup",
    "egg:charm",
    "egg:chipaway",
    "egg:counter",
    "egg:disable",
    "egg:endure",
    "egg:focusenergy",
    "egg:irontail",
    "egg:poisontail",
    "egg:pursuit",
    "egg:skullbash",
    "egg:supersonic",
    "egg:takedown",
    "egg:venomdrench",
    "tm:aerialace",
    "tm:blizzard",
    "tm:cut",
    "tm:dig",
    "tm:facade",
    "tm:hiddenpower",
    "tm:honeclaws",
    "tm:icebeam",
    "tm:irontail",
    "tm:poisonjab",
    "tm:protect",
    "tm:raindance",
    "tm:reflect",
    "tm:rest",
    "tm:return",
    "tm:rocksmash",
    "tm:shadowclaw",
    "tm:sleeptalk",
    "tm:sludgebomb",
    "tm:strength",
    "tm:substitute",
    "tm:sunnyday",
    "tm:thief",
    "tm:thunder",
    "tm:thunderbolt",
    "tm:toxic",
    "tm:venoshock",
    "tutor:bodyslam",
    "tutor:confide",
    "tutor:crunch",
    "tutor:focusenergy",
    "tutor:helpinghand",
    "tutor:snore",
    "tutor:superfang",
    "tutor:toxicspikes",
    "tutor:venomdrench"
  ]
}