{
  "target": "cobblemon:nidorino",
  "abilities": [
    "poisontouch",
    "rivalry",
    "h:hustle"
  ],
  "baseStats": {
    "hp": 61,
    "attack": 72,
    "defence": 57,
    "special_attack": 55,
    "special_defence": 55,
    "speed": 65
  },
  "moves": [
    "1:leer",
    "1:peck",
    "7:focusenergy",
    "9:doublekick",
    "13:poisonsting",
    "20:furyattack",
    "23:hornattack",
    "28:poisonjab",
    "35:toxicspikes",
    "38:flatter",
    "50:captivate",
    "egg:amnesia",
    "egg:beatup",
    "egg:chipaway",
    "egg:confusion",
    "egg:counter",
    "egg:disable",
    "egg:endure",
    "egg:headsmash",
    "egg:irontail",
    "egg:poisontail",
    "egg:suckerpunch",
    "egg:supersonic",
    "egg:takedown",
    "egg:venomdrench",
    "tm:blizzard",
    "tm:cut",
    "tm:dig",
    "tm:facade",
    "tm:hiddenpower",
    "tm:honeclaws",
    "tm:icebeam",
    "tm:irontail",
    "tm:poisonjab",
    "tm:protect",
    "tm:raindance",
    "tm:reflect",
    "tm:rest",
    "tm:return",
    "tm:rocksmash",
    "tm:shadowclaw",
    "tm:sleeptalk",
    "tm:sludgebomb",
    "tm:strength",
    "tm:substitute",
    "tm:sunnyday",
    "tm:thief",
    "tm:thunder",
    "tm:thunderbolt",
    "tm:toxic",
    "tm:venoshock",
    "tutor:bodyslam",
    "tutor:confide",
    "tutor:drillrun",
    "tutor:focusenergy",
    "tutor:helpinghand",
    "tutor:snore",
    "tutor:stompingtantrum",
    "tutor:superfang",
    "tutor:toxicspikes",
    "tutor:venomdrench"
  ]
}