{
  "target": "cobblemon:nidoqueen",
  "abilities": [
    "poisontouch",
    "rivalry",
    "h:sheerforce"
  ],
  "baseStats": {
    "hp": 90,
    "attack": 92,
    "defence": 87,
    "special_attack": 75,
    "special_defence": 85,
    "speed": 76
  },
  "moves": [
    "1:doublekick",
    "1:poisonsting",
    "1:scratch",
    "1:sludge",
    "1:superpower",
    "1:tailwhip",
    "23:chipaway",
    "35:bodyslam",
    "43:earthpower",
    "egg:beatup",
    "egg:charm",
    "egg:chipaway",
    "egg:counter",
    "egg:disable",
    "egg:endure",
    "egg:focusenergy",
    "egg:irontail",
    "egg:poisontail",
    "egg:pursuit",
    "egg:skullbash",
    "egg:supersonic",
    "egg:takedown",
    "egg:venomdrench",
    "tm:aerialace",
    "tm:blizzard",
    "tm:bodypress",
    "tm:brickbreak",
    "tm:bulldoze",
    "tm:cut",
    "tm:dig",
    "tm:dragonpulse",
    "tm:dragontail",
    "tm:earthquake",
    "tm:facade",
    "tm:fireblast",
    "tm:flamethrower",
    "tm:focusblast",
    "tm:aurasphere",
    "tm:focuspunch",
    "tm:hiddenpower",
    "tm:honeclaws",
    "tm:icebeam",
    "tm:icywind",
    "tm:irontail",
    "tm:poisonjab",
    "tm:poweruppunch",
    "tm:protect",
    "tm:raindance",
    "tm:reflect",
    "tm:rest",
    "tm:return",
    "tm:roar",
    "tm:rockclimb",
    "tm:rockslide",
    "tm:rocksmash",
    "tm:rocktomb",
    "tm:sandstorm",
    "tm:scaleshot",
    "tm:scorchingsands",
    "tm:shadowball",
    "tm:shadowclaw",
    "tm:sleeptalk",
    "tm:sludgebomb",
    "tm:sludgewave",
    "tm:stealthrock",
    "tm:stoneedge",
    "tm:strength",
    "tm:substitute",
    "tm:sunnyday",
    "tm:superpower",
    "tm:surf",
    "tm:taunt",
    "tm:thief",
    "tm:thunder",
    "tm:thunderbolt",
    "tm:toxic",
    "tm:venoshock",
    "tutor:aquatail",
    "tutor:bodypress",
    "tutor:bodyslam",
    "tutor:confide",
    "tutor:crunch",
    "tutor:drillrun",
    "tutor:earthpower",
    "tutor:firepunch",
    "tutor:focusenergy",
    "tutor:helpinghand",
    "tutor:hex",
    "tutor:highhorsepower",
    "tutor:icepunch",
    "tutor:icywind",
    "tutor:outrage",
    "tutor:rockblast",
    "tutor:sandtomb",
    "tutor:snore",
    "tutor:stompingtantrum",
    "tutor:superfang",
    "tutor:superpower",
    "tutor:throatchop",
    "tutor:thunderpunch",
    "tutor:toxicspikes",
    "tutor:uproar",
    "tutor:venomdrench",
    "tutor:whirlpool"
  ]
}