{
  "target": "cobblemon:oddish",
  "baseStats": {
    "hp": 45,
    "attack": 50,
    "defence": 55,
    "special_attack": 75,
    "special_defence": 65,
    "speed": 30
  },
  "moves": [
    "1:absorb",
    "1:growth",
    "5:sweetscent",
    "9:acid",
    "13:poisonpowder",
    "14:stunspore",
    "15:sleeppowder",
    "19:megadrain",
    "23:sludge",
    "27:moonlight",
    "31:gigadrain",
    "35:toxic",
    "39:naturalgift",
    "43:moonblast",
    "47:grassyterrain",
    "51:petaldance",
    "54:strengthsap",
    "egg:afteryou",
    "egg:charm",
    "egg:flail",
    "egg:ingrain",
    "egg:leechseed",
    "egg:naturepower",
    "egg:razorleaf",
    "egg:secretpower",
    "egg:synthesis",
    "egg:teeterdance",
    "egg:tickle",
    "tm:bulletseed",
    "tm:cut",
    "tm:dazzlinggleam",
    "tm:energyball",
    "tm:facade",
    "tm:flash",
    "tm:gigadrain",
    "tm:grassknot",
    "tm:grassyglide",
    "tm:hiddenpower",
    "tm:protect",
    "tm:reflect",
    "tm:rest",
    "tm:return",
    "tm:sleeptalk",
    "tm:sludgebomb",
    "tm:solarbeam",
    "tm:substitute",
    "tm:sunnyday",
    "tm:swordsdance",
    "tm:toxic",
    "tm:venoshock",
    "tutor:afteryou",
    "tutor:confide",
    "tutor:gastroacid",
    "tutor:grassyterrain",
    "tutor:seedbomb",
    "tutor:snore",
    "tutor:synthesis",
    "tutor:worryseed"
  ]
}