{
  "target": "cobblemon:omanyte",
  "abilities": [
    "swiftswim",
    "shellarmor",
    "h:weakarmor"
  ],
  "baseStats": {
    "hp": 35,
    "attack": 40,
    "defence": 100,
    "special_attack": 90,
    "special_defence": 55,
    "speed": 35
  },
  "moves": [
    "1:constrict",
    "1:withdraw",
    "7:bite",
    "10:watergun",
    "16:rollout",
    "19:leer",
    "25:mudshot",
    "28:brine",
    "34:detect",
    "37:ancientpower",
    "43:tickle",
    "46:rockblast",
    "50:shellsmash",
    "55:hydropump",
    "egg:aurorabeam",
    "egg:bide",
    "egg:bubblebeam",
    "egg:haze",
    "egg:knockoff",
    "egg:muddywater",
    "egg:reflecttype",
    "egg:slam",
    "egg:spikes",
    "egg:supersonic",
    "egg:toxicspikes",
    "egg:waterpulse",
    "egg:whirlpool",
    "egg:wringout",
    "tm:blizzard",
    "tm:facade",
    "tm:gyroball",
    "tm:snowscape",
    "tm:hiddenpower",
    "tm:icebeam",
    "tm:icywind",
    "tm:protect",
    "tm:raindance",
    "tm:reflect",
    "tm:rest",
    "tm:return",
    "tm:rockpolish",
    "tm:rockslide",
    "tm:rocksmash",
    "tm:rocktomb",
    "tm:sandstorm",
    "tm:scald",
    "tm:sleeptalk",
    "tm:spikes",
    "tm:stealthrock",
    "tm:substitute",
    "tm:surf",
    "tm:thief",
    "tm:toxic",
    "tm:waterfall",
    "tutor:bodyslam",
    "tutor:confide",
    "tutor:earthpower",
    "tutor:hydropump",
    "tutor:icywind",
    "tutor:irondefense",
    "tutor:knockoff",
    "tutor:muddywater",
    "tutor:rockblast",
    "tutor:snore",
    "tutor:spikes",
    "tutor:toxicspikes",
    "tutor:whirlpool"
  ]
}