{
  "target": "cobblemon:omastar",
  "abilities": [
    "swiftswim",
    "shellarmor",
    "h:weakarmor"
  ],
  "baseStats": {
    "hp": 70,
    "attack": 60,
    "defence": 125,
    "special_attack": 115,
    "special_defence": 70,
    "speed": 55
  },
  "moves": [
    "1:bite",
    "1:constrict",
    "1:hydropump",
    "1:scald",
    "1:spikecannon",
    "1:withdraw",
    "10:watergun",
    "16:rollout",
    "19:leer",
    "25:mudshot",
    "28:brine",
    "34:detect",
    "37:ancientpower",
    "44:meteorbeam",
    "48:tickle",
    "67:shellsmash",
    "egg:aurorabeam",
    "egg:bide",
    "egg:bubblebeam",
    "egg:haze",
    "egg:knockoff",
    "egg:muddywater",
    "egg:reflecttype",
    "egg:slam",
    "egg:spikes",
    "egg:supersonic",
    "egg:toxicspikes",
    "egg:waterpulse",
    "egg:whirlpool",
    "egg:wringout",
    "tm:blizzard",
    "tm:facade",
    "tm:gyroball",
    "tm:snowscape",
    "tm:hiddenpower",
    "tm:icebeam",
    "tm:icywind",
    "tm:meteorbeam",
    "tm:protect",
    "tm:raindance",
    "tm:reflect",
    "tm:rest",
    "tm:return",
    "tm:rockclimb",
    "tm:rockpolish",
    "tm:rockslide",
    "tm:rocksmash",
    "tm:rocktomb",
    "tm:sandstorm",
    "tm:scald",
    "tm:sleeptalk",
    "tm:spikes",
    "tm:stealthrock",
    "tm:stoneedge",
    "tm:substitute",
    "tm:surf",
    "tm:thief",
    "tm:toxic",
    "tm:waterfall",
    "tutor:bodyslam",
    "tutor:confide",
    "tutor:earthpower",
    "tutor:hydropump",
    "tutor:icywind",
    "tutor:irondefense",
    "tutor:knockoff",
    "tutor:liquidation",
    "tutor:muddywater",
    "tutor:pinmissile",
    "tutor:powergem",
    "tutor:rockblast",
    "tutor:snore",
    "tutor:spikes",
    "tutor:toxicspikes",
    "tutor:whirlpool"
  ]
}