{
  "target": "cobblemon:onix",
  "abilities": [
    "rockhead",
    "sturdy",
    "h:weakarmor"
  ],
  "baseStats": {
    "hp": 50,
    "attack": 60,
    "defence": 150,
    "special_attack": 30,
    "special_defence": 45,
    "speed": 65
  },
  "moves": [
    "1:bind",
    "1:harden",
    "1:mudsport",
    "1:tackle",
    "4:curse",
    "7:rockthrow",
    "10:rocktomb",
    "13:rage",
    "16:stealthrock",
    "19:rockpolish",
    "20:gyroball",
    "22:smackdown",
    "25:dragonbreath",
    "28:slam",
    "31:screech",
    "34:rockslide",
    "37:sandtomb",
    "40:irontail",
    "43:dig",
    "46:stoneedge",
    "49:doubleedge",
    "52:sandstorm",
    "57:earthquake",
    "egg:block",
    "egg:defensecurl",
    "egg:flail",
    "egg:headsmash",
    "egg:heavyslam",
    "egg:rockblast",
    "egg:rockclimb",
    "egg:rollout",
    "egg:rototiller",
    "egg:stealthrock",
    "egg:wideguard",
    "tm:bodypress",
    "tm:bulldoze",
    "tm:dig",
    "tm:dragondance",
    "tm:dragonpulse",
    "tm:dragontail",
    "tm:earthquake",
    "tm:explosion",
    "tm:facade",
    "tm:flashcannon",
    "tm:gyroball",
    "tm:hiddenpower",
    "tm:irontail",
    "tm:meteorbeam",
    "tm:protect",
    "tm:rest",
    "tm:return",
    "tm:roar",
    "tm:rockclimb",
    "tm:rockpolish",
    "tm:rockslide",
    "tm:rocksmash",
    "tm:rocktomb",
    "tm:sandstorm",
    "tm:scorchingsands",
    "tm:sleeptalk",
    "tm:stealthrock",
    "tm:stoneedge",
    "tm:strength",
    "tm:substitute",
    "tm:sunnyday",
    "tm:taunt",
    "tm:toxic",
    "tm:supercellslam",
    "tutor:block",
    "tutor:bodypress",
    "tutor:bodyslam",
    "tutor:breakingswipe",
    "tutor:confide",
    "tutor:dragondance",
    "tutor:drillrun",
    "tutor:earthpower",
    "tutor:heavyslam",
    "tutor:highhorsepower",
    "tutor:ironhead",
    "tutor:psychup",
    "tutor:rockblast",
    "tutor:sandtomb",
    "tutor:scaryface",
    "tutor:screech",
    "tutor:snore",
    "tutor:stompingtantrum"
  ]
}