{
  "target": "cobblemon:paras",
  "baseStats": {
    "hp": 35,
    "attack": 70,
    "defence": 55,
    "special_attack": 45,
    "special_defence": 55,
    "speed": 25
  },
  "moves": [
    "1:scratch",
    "6:poisonpowder",
    "6:stunspore",
    "11:leafage",
    "14:bugbite",
    "17:furycutter",
    "22:spore",
    "27:leechlife",
    "33:swordsdance",
    "38:leafblade",
    "40:crabhammer",
    "43:aromatherapy",
    "49:ragepowder",
    "egg:agility",
    "egg:bugbite",
    "egg:counter",
    "egg:crosspoison",
    "egg:endure",
    "egg:fellstinger",
    "egg:flail",
    "egg:grassyterrain",
    "egg:leechseed",
    "egg:metalclaw",
    "egg:naturalgift",
    "egg:psybeam",
    "egg:pursuit",
    "egg:rototiller",
    "egg:screech",
    "egg:sweetscent",
    "egg:wideguard",
    "tm:aerialace",
    "tm:brickbreak",
    "tm:bulletseed",
    "tm:cut",
    "tm:dig",
    "tm:energyball",
    "tm:facade",
    "tm:flash",
    "tm:gigadrain",
    "tm:grassknot",
    "tm:grassyglide",
    "tm:hiddenpower",
    "tm:honeclaws",
    "tm:leechlife",
    "tm:lightscreen",
    "tm:protect",
    "tm:rest",
    "tm:return",
    "tm:rocksmash",
    "tm:sleeptalk",
    "tm:sludgebomb",
    "tm:solarbeam",
    "tm:substitute",
    "tm:sunnyday",
    "tm:swordsdance",
    "tm:thief",
    "tm:toxic",
    "tm:venoshock",
    "tm:xscissor",
    "tutor:afteryou",
    "tutor:agility",
    "tutor:bodyslam",
    "tutor:bugbite",
    "tutor:confide",
    "tutor:crosspoison",
    "tutor:grassyterrain",
    "tutor:knockoff",
    "tutor:screech",
    "tutor:seedbomb",
    "tutor:snore",
    "tutor:synthesis",
    "tutor:worryseed"
  ]
}