{
  "target": "cobblemon:parasect",
  "abilities": [
    "effectspore",
    "dryskin",
    "h:damp"
  ],
  "baseStats": {
    "hp": 80,
    "attack": 110,
    "defence": 100,
    "special_attack": 60,
    "special_defence": 80,
    "speed": 30
  },
  "moves": [
    "1:crosspoison",
    "1:leafage",
    "1:leechseed",
    "1:poisonpowder",
    "1:scratch",
    "1:stunspore",
    "14:bugbite",
    "17:furycutter",
    "22:spore",
    "28:leechlife",
    "37:swordsdance",
    "44:sappyseed",
    "47:crabhammer",
    "51:aromatherapy",
    "59:ragepowder",
    "egg:agility",
    "egg:bugbite",
    "egg:counter",
    "egg:crosspoison",
    "egg:endure",
    "egg:fellstinger",
    "egg:flail",
    "egg:grassyterrain",
    "egg:leechseed",
    "egg:metalclaw",
    "egg:naturalgift",
    "egg:psybeam",
    "egg:pursuit",
    "egg:rototiller",
    "egg:screech",
    "egg:sweetscent",
    "egg:wideguard",
    "tm:aerialace",
    "tm:brickbreak",
    "tm:bulletseed",
    "tm:cut",
    "tm:dig",
    "tm:energyball",
    "tm:facade",
    "tm:flash",
    "tm:gigadrain",
    "tm:grassknot",
    "tm:grassyglide",
    "tm:hiddenpower",
    "tm:honeclaws",
    "tm:leechlife",
    "tm:lightscreen",
    "tm:protect",
    "tm:rest",
    "tm:return",
    "tm:rocksmash",
    "tm:sleeptalk",
    "tm:sludgebomb",
    "tm:solarbeam",
    "tm:substitute",
    "tm:sunnyday",
    "tm:swordsdance",
    "tm:thief",
    "tm:toxic",
    "tm:venoshock",
    "tm:xscissor",
    "tutor:afteryou",
    "tutor:agility",
    "tutor:bodyslam",
    "tutor:bugbite",
    "tutor:confide",
    "tutor:crosspoison",
    "tutor:grassyterrain",
    "tutor:knockoff",
    "tutor:screech",
    "tutor:seedbomb",
    "tutor:snore",
    "tutor:synthesis",
    "tutor:throatchop",
    "tutor:worryseed"
  ]
}