{
  "target": "cobblemon:pidgeotto",
  "abilities": [
    "frisk",
    "h:noguard"
  ],
  "baseStats": {
    "hp": 63,
    "attack": 60,
    "defence": 55,
    "special_attack": 50,
    "special_defence": 50,
    "speed": 71
  },
  "moves": [
    "1:dualwingbeat",
    "1:tackle",
    "5:featherdance",
    "9:gust",
    "13:quickattack",
    "15:takedown",
    "17:whirlwind",
    "23:return",
    "26:roost",
    "32:agility",
    "37:airslash",
    "40:mirrormove",
    "47:tailwind",
    "62:hurricane",
    "tm:aerialace",
    "tm:bravebird",
    "tm:defog",
    "tm:dualwingbeat",
    "tm:facade",
    "tm:fly",
    "tm:hiddenpower",
    "tm:pluck",
    "tm:protect",
    "tm:raindance",
    "tm:reflect",
    "tm:rest",
    "tm:return",
    "tm:roost",
    "tm:sleeptalk",
    "tm:steelwing",
    "tm:substitute",
    "tm:sunnyday",
    "tm:thief",
    "tm:toxic",
    "tm:uturn",
    "tm:workup",
    "tutor:agility",
    "tutor:airslash",
    "tutor:bravebird",
    "tutor:confide",
    "tutor:heatwave",
    "tutor:hurricane",
    "tutor:skyattack",
    "tutor:snore",
    "tutor:tailwind",
    "tutor:uproar",
    "egg:aircutter",
    "egg:airslash",
    "egg:defog",
    "egg:feintattack",
    "egg:foresight",
    "egg:pursuit",
    "egg:steelwing",
    "egg:uproar"
  ]
}