{
  "target": "cobblemon:pidgeot",
  "abilities": [
    "frisk",
    "h:noguard"
  ],
  "baseStats": {
    "hp": 83,
    "attack": 80,
    "defence": 75,
    "special_attack": 70,
    "special_defence": 70,
    "speed": 101
  },
  "moves": [
    "1:bravebird",
    "1:dualwingbeat",
    "1:heatwave",
    "1:hurricane",
    "1:quickattack",
    "1:tackle",
    "7:featherdance",
    "9:gust",
    "17:whirlwind",
    "23:return",
    "26:roost",
    "32:agility",
    "38:airslash",
    "44:mirrormove",
    "50:tailwind",
    "tm:aerialace",
    "tm:bravebird",
    "tm:defog",
    "tm:dualwingbeat",
    "tm:facade",
    "tm:fly",
    "tm:focusblast",
    "tm:aurasphere",
    "tm:hiddenpower",
    "tm:hypervoice",
    "tm:pluck",
    "tm:protect",
    "tm:raindance",
    "tm:reflect",
    "tm:rest",
    "tm:return",
    "tm:roost",
    "tm:sleeptalk",
    "tm:steelwing",
    "tm:substitute",
    "tm:sunnyday",
    "tm:thief",
    "tm:toxic",
    "tm:uturn",
    "tm:workup",
    "tutor:agility",
    "tutor:airslash",
    "tutor:bravebird",
    "tutor:confide",
    "tutor:heatwave",
    "tutor:hurricane",
    "tutor:hypervoice",
    "tutor:laserfocus",
    "tutor:skyattack",
    "tutor:snore",
    "tutor:tailwind",
    "tutor:uproar",
    "egg:aircutter",
    "egg:airslash",
    "egg:defog",
    "egg:feintattack",
    "egg:foresight",
    "egg:pursuit",
    "egg:steelwing",
    "egg:uproar"
  ]
}