{
  "target": "cobblemon:pidgey",
  "abilities": [
    "frisk",
    "h:noguard"
  ],
  "baseStats": {
    "hp": 40,
    "attack": 45,
    "defence": 40,
    "special_attack": 35,
    "special_defence": 35,
    "speed": 56
  },
  "moves": [
    "1:tackle",
    "5:featherdance",
    "9:gust",
    "13:quickattack",
    "15:takedown",
    "17:whirlwind",
    "21:return",
    "23:roost",
    "29:agility",
    "33:fly",
    "41:tailwind",
    "45:mirrormove",
    "49:airslash",
    "53:hurricane",
    "egg:aircutter",
    "egg:airslash",
    "egg:defog",
    "egg:feintattack",
    "egg:foresight",
    "egg:pursuit",
    "egg:steelwing",
    "egg:uproar",
    "tm:aerialace",
    "tm:bravebird",
    "tm:defog",
    "tm:dualwingbeat",
    "tm:facade",
    "tm:fly",
    "tm:hiddenpower",
    "tm:pluck",
    "tm:protect",
    "tm:raindance",
    "tm:reflect",
    "tm:rest",
    "tm:return",
    "tm:roost",
    "tm:sleeptalk",
    "tm:steelwing",
    "tm:substitute",
    "tm:sunnyday",
    "tm:thief",
    "tm:toxic",
    "tm:uturn",
    "tm:workup",
    "tutor:agility",
    "tutor:airslash",
    "tutor:bravebird",
    "tutor:confide",
    "tutor:heatwave",
    "tutor:hurricane",
    "tutor:skyattack",
    "tutor:snore",
    "tutor:tailwind",
    "tutor:uproar"
  ]
}