{
  "target": "cobblemon:pikachu",
  "abilities": [
    "static",
    "h:lightningrod"
  ],
  "baseStats": {
    "hp": 35,
    "attack": 55,
    "defence": 40,
    "special_attack": 50,
    "special_defence": 50,
    "speed": 90
  },
  "moves": [
    "1:fakeout",
    "1:tailwhip",
    "1:thundershock",
    "3:babydolleyes",
    "5:growl",
    "7:playnice",
    "10:quickattack",
    "13:electroball",
    "18:thunderwave",
    "21:feint",
    "26:spark",
    "29:nuzzle",
    "34:discharge",
    "36:extremespeed",
    "42:thunderbolt",
    "45:agility",
    "50:wildcharge",
    "53:lightscreen",
    "55:zippyzap",
    "58:thunder",
    "egg:bestow",
    "egg:bide",
    "egg:charge",
    "egg:disarmingvoice",
    "egg:doubleslap",
    "egg:electricterrain",
    "egg:encore",
    "egg:endure",
    "egg:fakeout",
    "egg:flail",
    "egg:luckychant",
    "egg:present",
    "egg:reversal",
    "egg:thunderpunch",
    "egg:tickle",
    "egg:wish",
    "tm:brickbreak",
    "tm:calmmind",
    "tm:chargebeam",
    "tm:dig",
    "tm:drainingkiss",
    "tm:electroweb",
    "tm:facade",
    "tm:flash",
    "tm:focuspunch",
    "tm:grassknot",
    "tm:hiddenpower",
    "tm:irontail",
    "tm:lightscreen",
    "tm:protect",
    "tm:raindance",
    "tm:reflect",
    "tm:rest",
    "tm:return",
    "tm:risingvoltage",
    "tm:rocksmash",
    "tm:sleeptalk",
    "tm:strength",
    "tm:substitute",
    "tm:surf",
    "tm:thief",
    "tm:thunder",
    "tm:thunderbolt",
    "tm:thunderwave",
    "tm:toxic",
    "tm:trailblaze",
    "tm:voltswitch",
    "tm:wildcharge",
    "tm:alluringvoice",
    "tm:supercellslam",
    "tutor:agility",
    "tutor:bodyslam",
    "tutor:celebrate",
    "tutor:confide",
    "tutor:covet",
    "tutor:electricterrain",
    "tutor:electroball",
    "tutor:electroweb",
    "tutor:encore",
    "tutor:endeavor",
    "tutor:helpinghand",
    "tutor:knockoff",
    "tutor:laserfocus",
    "tutor:magnetrise",
    "tutor:nastyplot",
    "tutor:playrough",
    "tutor:reversal",
    "tutor:signalbeam",
    "tutor:snore",
    "tutor:thunderpunch",
    "tutor:uproar"
  ]
}