{
  "target": "cobblemon:pinsir",
  "abilities": [
    "hypercutter",
    "moldbreaker",
    "h:moxie"
  ],
  "baseStats": {
    "hp": 65,
    "attack": 125,
    "defence": 100,
    "special_attack": 55,
    "special_defence": 70,
    "speed": 85
  },
  "moves": [
    "1:focusenergy",
    "1:visegrip",
    "4:bind",
    "8:seismictoss",
    "11:harden",
    "15:revenge",
    "18:vitalthrow",
    "22:doublehit",
    "26:brickbreak",
    "29:xscissor",
    "33:submission",
    "36:stormthrow",
    "40:swordsdance",
    "43:thrash",
    "47:superpower",
    "50:slash",
    "60:megahorn",
    "69:doubleedge",
    "egg:bugbite",
    "egg:closecombat",
    "egg:feint",
    "egg:feintattack",
    "egg:flail",
    "egg:furyattack",
    "egg:mefirst",
    "egg:quickattack",
    "egg:superpower",
    "tm:brickbreak",
    "tm:bulkup",
    "tm:bulldoze",
    "tm:cut",
    "tm:dig",
    "tm:earthquake",
    "tm:facade",
    "tm:focusblast",
    "tm:focuspunch",
    "tm:hiddenpower",
    "tm:protect",
    "tm:raindance",
    "tm:rest",
    "tm:return",
    "tm:rockclimb",
    "tm:rockslide",
    "tm:rocksmash",
    "tm:rocktomb",
    "tm:sleeptalk",
    "tm:stealthrock",
    "tm:stoneedge",
    "tm:strength",
    "tm:substitute",
    "tm:sunnyday",
    "tm:superpower",
    "tm:swordsdance",
    "tm:thief",
    "tm:toxic",
    "tm:xscissor",
    "tutor:bodyslam",
    "tutor:bugbite",
    "tutor:closecombat",
    "tutor:confide",
    "tutor:focusenergy",
    "tutor:helpinghand",
    "tutor:highhorsepower",
    "tutor:irondefense",
    "tutor:knockoff",
    "tutor:reversal",
    "tutor:snore",
    "tutor:superpower",
    "tutor:throatchop",
    "tutor:extremespeed"
  ]
}