{
  "target": "cobblemon:poliwhirl",
  "baseStats": {
    "hp": 65,
    "attack": 65,
    "defence": 65,
    "special_attack": 50,
    "special_defence": 50,
    "speed": 90
  },
  "moves": [
    "1:hypnosis",
    "1:watergun",
    "1:watersport",
    "11:bubble",
    "15:doubleslap",
    "18:raindance",
    "21:bodyslam",
    "27:bubblebeam",
    "32:mudshot",
    "37:bellydrum",
    "43:wakeupslap",
    "48:hydropump",
    "53:mudbomb",
    "egg:bubblebeam",
    "egg:encore",
    "egg:endeavor",
    "egg:endure",
    "egg:haze",
    "egg:iceball",
    "egg:mindreader",
    "egg:mist",
    "egg:mudshot",
    "egg:refresh",
    "egg:splash",
    "egg:waterpulse",
    "egg:watersport",
    "tm:blizzard",
    "tm:brickbreak",
    "tm:bulldoze",
    "tm:dig",
    "tm:earthquake",
    "tm:facade",
    "tm:flipturn",
    "tm:focuspunch",
    "tm:snowscape",
    "tm:hiddenpower",
    "tm:icebeam",
    "tm:icywind",
    "tm:poweruppunch",
    "tm:protect",
    "tm:psychic",
    "tm:raindance",
    "tm:rest",
    "tm:return",
    "tm:rocksmash",
    "tm:scald",
    "tm:sleeptalk",
    "tm:strength",
    "tm:substitute",
    "tm:surf",
    "tm:thief",
    "tm:toxic",
    "tm:waterfall",
    "tutor:bodyslam",
    "tutor:confide",
    "tutor:encore",
    "tutor:endeavor",
    "tutor:helpinghand",
    "tutor:hydropump",
    "tutor:icepunch",
    "tutor:icywind",
    "tutor:muddywater",
    "tutor:snore",
    "tutor:whirlpool"
  ]
}