{
  "target": "cobblemon:poliwag",
  "baseStats": {
    "hp": 40,
    "attack": 50,
    "defence": 40,
    "special_attack": 40,
    "special_defence": 40,
    "speed": 90
  },
  "moves": [
    "1:watersport",
    "5:watergun",
    "8:hypnosis",
    "11:bubble",
    "15:doubleslap",
    "18:raindance",
    "21:bodyslam",
    "25:bubblebeam",
    "28:mudshot",
    "31:bellydrum",
    "35:wakeupslap",
    "38:hydropump",
    "41:mudbomb",
    "egg:bubblebeam",
    "egg:encore",
    "egg:endeavor",
    "egg:endure",
    "egg:haze",
    "egg:iceball",
    "egg:mindreader",
    "egg:mist",
    "egg:mudshot",
    "egg:refresh",
    "egg:splash",
    "egg:waterpulse",
    "egg:watersport",
    "tm:blizzard",
    "tm:bulldoze",
    "tm:dig",
    "tm:facade",
    "tm:flipturn",
    "tm:snowscape",
    "tm:hiddenpower",
    "tm:icebeam",
    "tm:icywind",
    "tm:protect",
    "tm:psychic",
    "tm:raindance",
    "tm:rest",
    "tm:return",
    "tm:scald",
    "tm:sleeptalk",
    "tm:substitute",
    "tm:surf",
    "tm:thief",
    "tm:toxic",
    "tm:waterfall",
    "tutor:bodyslam",
    "tutor:confide",
    "tutor:encore",
    "tutor:endeavor",
    "tutor:helpinghand",
    "tutor:hydropump",
    "tutor:icywind",
    "tutor:muddywater",
    "tutor:snore",
    "tutor:whirlpool"
  ]
}