{
  "target": "cobblemon:poliwrath",
  "baseStats": {
    "hp": 90,
    "attack": 95,
    "defence": 95,
    "special_attack": 70,
    "special_defence": 90,
    "speed": 70
  },
  "moves": [
    "1:bubblebeam",
    "1:circlethrow",
    "1:doubleslap",
    "1:hypnosis",
    "1:submission",
    "32:dynamicpunch",
    "56:jetpunch",
    "66:surgingstrikes",
    "egg:bubblebeam",
    "egg:encore",
    "egg:endeavor",
    "egg:endure",
    "egg:haze",
    "egg:iceball",
    "egg:mindreader",
    "egg:mist",
    "egg:mudshot",
    "egg:refresh",
    "egg:splash",
    "egg:waterpulse",
    "egg:watersport",
    "tm:blizzard",
    "tm:brickbreak",
    "tm:bulkup",
    "tm:bulldoze",
    "tm:coaching",
    "tm:dig",
    "tm:drainpunch",
    "tm:dualchop",
    "tm:earthquake",
    "tm:facade",
    "tm:flipturn",
    "tm:focusblast",
    "tm:aurasphere",
    "tm:focuspunch",
    "tm:snowscape",
    "tm:hiddenpower",
    "tm:icebeam",
    "tm:icywind",
    "tm:lowsweep",
    "tm:poisonjab",
    "tm:poweruppunch",
    "tm:protect",
    "tm:psychic",
    "tm:raindance",
    "tm:rest",
    "tm:return",
    "tm:rockclimb",
    "tm:rockslide",
    "tm:rocksmash",
    "tm:rocktomb",
    "tm:scald",
    "tm:sleeptalk",
    "tm:strength",
    "tm:substitute",
    "tm:superpower",
    "tm:surf",
    "tm:thief",
    "tm:toxic",
    "tm:waterfall",
    "tm:workup",
    "tutor:bodyslam",
    "tutor:closecombat",
    "tutor:confide",
    "tutor:darkestlariat",
    "tutor:dualchop",
    "tutor:encore",
    "tutor:endeavor",
    "tutor:helpinghand",
    "tutor:highhorsepower",
    "tutor:hydropump",
    "tutor:icepunch",
    "tutor:icywind",
    "tutor:liquidation",
    "tutor:muddywater",
    "tutor:reversal",
    "tutor:snore",
    "tutor:superpower",
    "tutor:throatchop",
    "tutor:vacuumwave",
    "tutor:whirlpool",
    "tutor:knockoff"
  ]
}