{
  "target": "cobblemon:primeape",
  "baseStats": {
    "hp": 65,
    "attack": 105,
    "defence": 60,
    "special_attack": 60,
    "special_defence": 70,
    "speed": 95
  },
  "moves": [
    "1:agility",
    "1:finalgambit",
    "1:fling",
    "1:focusenergy",
    "1:leer",
    "1:lowkick",
    "1:rage",
    "1:scratch",
    "5:rocktomb",
    "8:karatechop",
    "12:pursuit",
    "15:seismictoss",
    "19:swagger",
    "23:brickbreak",
    "26:assurance",
    "30:punishment",
    "35:shadowpunch",
    "40:screech",
    "44:stompingtantrum",
    "47:outrage",
    "53:crosschop",
    "60:closecombat",
    "64:ragefist",
    "egg:beatup",
    "egg:counter",
    "egg:encore",
    "egg:focuspunch",
    "egg:foresight",
    "egg:meditate",
    "egg:nightslash",
    "egg:powertrip",
    "egg:revenge",
    "egg:reversal",
    "egg:sleeptalk",
    "egg:smellingsalts",
    "tm:acrobatics",
    "tm:aerialace",
    "tm:brickbreak",
    "tm:bulkup",
    "tm:bulldoze",
    "tm:dig",
    "tm:dualchop",
    "tm:earthquake",
    "tm:facade",
    "tm:focusblast",
    "tm:aurasphere",
    "tm:focuspunch",
    "tm:hiddenpower",
    "tm:honeclaws",
    "tm:irontail",
    "tm:lowkick",
    "tm:lowsweep",
    "tm:overheat",
    "tm:poisonjab",
    "tm:poweruppunch",
    "tm:protect",
    "tm:raindance",
    "tm:rest",
    "tm:return",
    "tm:rockclimb",
    "tm:rockslide",
    "tm:rocksmash",
    "tm:rocktomb",
    "tm:sleeptalk",
    "tm:stealthrock",
    "tm:stoneedge",
    "tm:strength",
    "tm:substitute",
    "tm:sunnyday",
    "tm:taunt",
    "tm:thief",
    "tm:thunder",
    "tm:thunderbolt",
    "tm:toxic",
    "tm:uturn",
    "tm:workup",
    "tutor:bodyslam",
    "tutor:closecombat",
    "tutor:confide",
    "tutor:covet",
    "tutor:dualchop",
    "tutor:encore",
    "tutor:endeavor",
    "tutor:firepunch",
    "tutor:focusenergy",
    "tutor:gunkshot",
    "tutor:helpinghand",
    "tutor:icepunch",
    "tutor:lowkick",
    "tutor:outrage",
    "tutor:psychup",
    "tutor:reversal",
    "tutor:roleplay",
    "tutor:scaryface",
    "tutor:screech",
    "tutor:seedbomb",
    "tutor:snore",
    "tutor:spite",
    "tutor:stompingtantrum",
    "tutor:throatchop",
    "tutor:thunderpunch",
    "tutor:uproar",
    "tutor:vacuumwave"
  ]
}