{
  "target": "cobblemon:psyduck",
    "baseStats": {
    "hp": 50,
    "attack": 52,
    "defence": 48,
    "special_attack": 65,
    "special_defence": 50,
    "speed": 55
  },
  "moves": [
    "1:scratch",
    "1:watersport",
    "4:tailwhip",
    "7:watergun",
    "10:confusion",
    "13:furyswipes",
    "16:waterpulse",
    "19:disable",
    "22:screech",
    "25:zenheadbutt",
    "28:aquatail",
    "31:soak",
    "34:psychup",
    "37:amnesia",
    "40:hydropump",
    "43:wonderroom",
    "egg:clearsmog",
    "egg:confuseray",
    "egg:crosschop",
    "egg:encore",
    "egg:foresight",
    "egg:futuresight",
    "egg:hypnosis",
    "egg:mudbomb",
    "egg:psybeam",
    "egg:refresh",
    "egg:secretpower",
    "egg:simplebeam",
    "egg:sleeptalk",
    "egg:synchronoise",
    "egg:yawn",
    "tm:aerialace",
    "tm:blizzard",
    "tm:brickbreak",
    "tm:calmmind",
    "tm:dig",
    "tm:expandingforce",
    "tm:facade",
    "tm:flash",
    "tm:flipturn",
    "tm:focuspunch",
    "tm:futuresight",
    "tm:snowscape",
    "tm:hiddenpower",
    "tm:honeclaws",
    "tm:icebeam",
    "tm:icywind",
    "tm:irontail",
    "tm:lightscreen",
    "tm:poweruppunch",
    "tm:protect",
    "tm:psychic",
    "tm:psyshock",
    "tm:raindance",
    "tm:rest",
    "tm:return",
    "tm:rocksmash",
    "tm:scald",
    "tm:shadowclaw",
    "tm:sleeptalk",
    "tm:strength",
    "tm:substitute",
    "tm:surf",
    "tm:teleport",
    "tm:toxic",
    "tm:trailblaze",
    "tm:waterfall",
    "tm:psychicnoise",
    "tm:vacuumwave",
    "tutor:aquatail",
    "tutor:bodyslam",
    "tutor:confide",
    "tutor:encore",
    "tutor:hydropump",
    "tutor:icepunch",
    "tutor:icywind",
    "tutor:psychup",
    "tutor:roleplay",
    "tutor:screech",
    "tutor:signalbeam",
    "tutor:snore",
    "tutor:whirlpool",
    "tutor:wonderroom",
    "tutor:worryseed",
    "tutor:zenheadbutt"
  ]
}