{
  "target": "cobblemon:rhydon",
  "baseStats": {
    "hp": 105,
    "attack": 130,
    "defence": 120,
    "special_attack": 45,
    "special_defence": 45,
    "speed": 40
  },
  "moves": [
    "1:furyattack",
    "1:hammerarm",
    "1:hornattack",
    "1:scaryface",
    "1:tailwhip",
    "13:smackdown",
    "17:stomp",
    "21:bulldoze",
    "25:chipaway",
    "29:rockblast",
    "33:drillrun",
    "37:takedown",
    "41:stoneedge",
    "48:earthquake",
    "55:megahorn",
    "egg:counter",
    "egg:crunch",
    "egg:crushclaw",
    "egg:curse",
    "egg:dragonrush",
    "egg:firefang",
    "egg:guardsplit",
    "egg:icefang",
    "egg:irontail",
    "egg:magnitude",
    "egg:metalburst",
    "egg:reversal",
    "egg:rockclimb",
    "egg:rototiller",
    "egg:skullbash",
    "egg:thunderfang",
    "tm:blizzard",
    "tm:bodypress",
    "tm:brickbreak",
    "tm:bulldoze",
    "tm:cut",
    "tm:dig",
    "tm:dragonpulse",
    "tm:dragontail",
    "tm:earthquake",
    "tm:facade",
    "tm:fireblast",
    "tm:flamethrower",
    "tm:focusblast",
    "tm:focuspunch",
    "tm:heatcrash",
    "tm:hiddenpower",
    "tm:icebeam",
    "tm:icywind",
    "tm:irontail",
    "tm:meteorbeam",
    "tm:poisonjab",
    "tm:poweruppunch",
    "tm:protect",
    "tm:raindance",
    "tm:rest",
    "tm:return",
    "tm:roar",
    "tm:rockclimb",
    "tm:rockpolish",
    "tm:rockslide",
    "tm:rocksmash",
    "tm:rocktomb",
    "tm:sandstorm",
    "tm:scorchingsands",
    "tm:shadowclaw",
    "tm:sleeptalk",
    "tm:stealthrock",
    "tm:stoneedge",
    "tm:strength",
    "tm:substitute",
    "tm:sunnyday",
    "tm:superpower",
    "tm:surf",
    "tm:swordsdance",
    "tm:thief",
    "tm:thunder",
    "tm:thunderbolt",
    "tm:toxic",
    "tm:supercellslam",
    "tutor:aquatail",
    "tutor:block",
    "tutor:bodypress",
    "tutor:bodyslam",
    "tutor:breakingswipe",
    "tutor:confide",
    "tutor:crunch",
    "tutor:drillrun",
    "tutor:earthpower",
    "tutor:endeavor",
    "tutor:firefang",
    "tutor:firepunch",
    "tutor:heatcrash",
    "tutor:heavyslam",
    "tutor:helpinghand",
    "tutor:highhorsepower",
    "tutor:hydropump",
    "tutor:icefang",
    "tutor:icepunch",
    "tutor:icywind",
    "tutor:irondefense",
    "tutor:megahorn",
    "tutor:outrage",
    "tutor:reversal",
    "tutor:rockblast",
    "tutor:scaryface",
    "tutor:snore",
    "tutor:spite",
    "tutor:stompingtantrum",
    "tutor:superpower",
    "tutor:thunderfang",
    "tutor:thunderpunch",
    "tutor:uproar",
    "tutor:whirlpool"
  ]
}