{
  "target": "cobblemon:rhyhorn",
  "baseStats": {
    "hp": 80,
    "attack": 85,
    "defence": 95,
    "special_attack": 30,
    "special_defence": 30,
    "speed": 25
  },
  "moves": [
    "1:hornattack",
    "1:tailwhip",
    "5:furyattack",
    "9:scaryface",
    "13:smackdown",
    "17:stomp",
    "21:bulldoze",
    "25:chipaway",
    "29:rockblast",
    "33:drillrun",
    "37:takedown",
    "41:stoneedge",
    "45:earthquake",
    "49:megahorn",
    "egg:counter",
    "egg:crunch",
    "egg:crushclaw",
    "egg:curse",
    "egg:dragonrush",
    "egg:firefang",
    "egg:guardsplit",
    "egg:icefang",
    "egg:irontail",
    "egg:magnitude",
    "egg:metalburst",
    "egg:reversal",
    "egg:rockclimb",
    "egg:rototiller",
    "egg:skullbash",
    "egg:thunderfang",
    "tm:blizzard",
    "tm:bulldoze",
    "tm:cut",
    "tm:dig",
    "tm:dragonpulse",
    "tm:earthquake",
    "tm:facade",
    "tm:fireblast",
    "tm:flamethrower",
    "tm:hiddenpower",
    "tm:icebeam",
    "tm:icywind",
    "tm:irontail",
    "tm:poisonjab",
    "tm:protect",
    "tm:raindance",
    "tm:rest",
    "tm:return",
    "tm:roar",
    "tm:rockclimb",
    "tm:rockpolish",
    "tm:rockslide",
    "tm:rocksmash",
    "tm:rocktomb",
    "tm:sandstorm",
    "tm:scorchingsands",
    "tm:sleeptalk",
    "tm:stealthrock",
    "tm:stoneedge",
    "tm:strength",
    "tm:substitute",
    "tm:sunnyday",
    "tm:superpower",
    "tm:swordsdance",
    "tm:thief",
    "tm:thunder",
    "tm:thunderbolt",
    "tm:toxic",
    "tm:supercellslam",
    "tutor:aquatail",
    "tutor:bodyslam",
    "tutor:confide",
    "tutor:crunch",
    "tutor:drillrun",
    "tutor:earthpower",
    "tutor:endeavor",
    "tutor:firefang",
    "tutor:highhorsepower",
    "tutor:icefang",
    "tutor:icywind",
    "tutor:megahorn",
    "tutor:reversal",
    "tutor:rockblast",
    "tutor:scaryface",
    "tutor:snore",
    "tutor:spite",
    "tutor:stompingtantrum",
    "tutor:superpower",
    "tutor:thunderfang",
    "tutor:uproar"
  ]
}