{
  "target": "cobblemon:scyther",
  "baseStats": {
    "hp": 70,
    "attack": 110,
    "defence": 80,
    "special_attack": 55,
    "special_defence": 80,
    "speed": 105
  },
  "moves": [
    "1:leer",
    "1:pounce",
    "1:psychocut",
    "1:quickattack",
    "1:vacuumwave",
    "5:focusenergy",
    "9:pursuit",
    "13:falseswipe",
    "17:agility",
    "21:wingattack",
    "25:furycutter",
    "29:slash",
    "33:razorwind",
    "41:xscissor",
    "45:nightslash",
    "49:doublehit",
    "57:swordsdance",
    "61:feint",
    "egg:bugbuzz",
    "egg:counter",
    "egg:defog",
    "egg:endure",
    "egg:nightslash",
    "egg:quickguard",
    "egg:razorwind",
    "egg:reversal",
    "egg:silverwind",
    "egg:steelwing",
    "tm:acrobatics",
    "tm:aerialace",
    "tm:brickbreak",
    "tm:cut",
    "tm:defog",
    "tm:dualwingbeat",
    "tm:facade",
    "tm:fly",
    "tm:hiddenpower",
    "tm:lightscreen",
    "tm:protect",
    "tm:raindance",
    "tm:rest",
    "tm:return",
    "tm:rocksmash",
    "tm:roost",
    "tm:sleeptalk",
    "tm:steelwing",
    "tm:substitute",
    "tm:sunnyday",
    "tm:swordsdance",
    "tm:thief",
    "tm:toxic",
    "tm:trailblaze",
    "tm:uturn",
    "tm:xscissor",
    "tutor:agility",
    "tutor:airslash",
    "tutor:batonpass",
    "tutor:bugbite",
    "tutor:bugbuzz",
    "tutor:closecombat",
    "tutor:confide",
    "tutor:crosspoison",
    "tutor:focusenergy",
    "tutor:knockoff",
    "tutor:laserfocus",
    "tutor:psychocut",
    "tutor:reversal",
    "tutor:snore",
    "tutor:tailwind",
    "tutor:vacuumwave"
  ]
}