{
  "target": "cobblemon:seaking",
  "baseStats": {
    "hp": 80,
    "attack": 92,
    "defence": 65,
    "special_attack": 65,
    "special_defence": 80,
    "speed": 68
  },
  "moves": [
    "1:aquajet",
    "1:megahorn",
    "1:peck",
    "1:poisonjab",
    "1:supersonic",
    "8:hornattack",
    "13:flail",
    "21:aquaring",
    "29:agility",
    "32:waterfall",
    "46:soak",
    "60:fishiousrend",
    "egg:aquatail",
    "egg:bodyslam",
    "egg:fishiousrend",
    "egg:haze",
    "egg:hydropump",
    "egg:mudshot",
    "egg:mudslap",
    "egg:psybeam",
    "egg:signalbeam",
    "egg:skullbash",
    "egg:sleeptalk",
    "tm:blizzard",
    "tm:cut",
    "tm:facade",
    "tm:flipturn",
    "tm:snowscape",
    "tm:hiddenpower",
    "tm:icebeam",
    "tm:icywind",
    "tm:poisonjab",
    "tm:protect",
    "tm:raindance",
    "tm:rest",
    "tm:return",
    "tm:scald",
    "tm:scaleshot",
    "tm:sleeptalk",
    "tm:substitute",
    "tm:surf",
    "tm:swordsdance",
    "tm:toxic",
    "tm:waterfall",
    "tutor:agility",
    "tutor:aquatail",
    "tutor:bodyslam",
    "tutor:bounce",
    "tutor:confide",
    "tutor:drillrun",
    "tutor:hydropump",
    "tutor:icywind",
    "tutor:knockoff",
    "tutor:megahorn",
    "tutor:muddywater",
    "tutor:signalbeam",
    "tutor:snore",
    "tutor:throatchop",
    "tutor:whirlpool"
  ]
}