{
  "target": "cobblemon:seel",
  "baseStats": {
    "hp": 65,
    "attack": 45,
    "defence": 55,
    "special_attack": 45,
    "special_defence": 70,
    "speed": 45
  },
  "moves": [
    "1:headbutt",
    "3:growl",
    "7:watersport",
    "11:icywind",
    "13:encore",
    "17:iceshard",
    "21:rest",
    "27:aurorabeam",
    "31:aquajet",
    "33:brine",
    "37:takedown",
    "41:dive",
    "43:aquatail",
    "47:icebeam",
    "51:safeguard",
    "53:snowscape",
    "egg:belch",
    "egg:disable",
    "egg:encore",
    "egg:entrainment",
    "egg:fakeout",
    "egg:iciclespear",
    "egg:irontail",
    "egg:lick",
    "egg:perishsong",
    "egg:signalbeam",
    "egg:slam",
    "egg:sleeptalk",
    "egg:spitup",
    "egg:stockpile",
    "egg:swallow",
    "egg:waterpulse",
    "tm:blizzard",
    "tm:cut",
    "tm:facade",
    "tm:flipturn",
    "tm:frostbreath",
    "tm:snowscape",
    "tm:hiddenpower",
    "tm:icebeam",
    "tm:icywind",
    "tm:irontail",
    "tm:protect",
    "tm:raindance",
    "tm:rest",
    "tm:return",
    "tm:scald",
    "tm:sleeptalk",
    "tm:strength",
    "tm:substitute",
    "tm:surf",
    "tm:thief",
    "tm:toxic",
    "tm:waterfall",
    "tutor:aquatail",
    "tutor:bodyslam",
    "tutor:confide",
    "tutor:drillrun",
    "tutor:encore",
    "tutor:helpinghand",
    "tutor:iciclespear",
    "tutor:icywind",
    "tutor:signalbeam",
    "tutor:snore",
    "tutor:whirlpool"
  ]
}