{
  "target": "cobblemon:shellder",
  "baseStats": {
    "hp": 30,
    "attack": 65,
    "defence": 100,
    "special_attack": 45,
    "special_defence": 25,
    "speed": 40
  },
  "moves": [
    "1:tackle",
    "1:watergun",
    "4:withdraw",
    "8:supersonic",
    "13:iciclespear",
    "16:protect",
    "20:leer",
    "25:clamp",
    "28:iceshard",
    "32:razorshell",
    "37:aurorabeam",
    "40:whirlpool",
    "44:brine",
    "49:irondefense",
    "52:icebeam",
    "56:shellsmash",
    "61:hydropump",
    "egg:aquaring",
    "egg:avalanche",
    "egg:barrier",
    "egg:bubblebeam",
    "egg:iciclespear",
    "egg:lifedew",
    "egg:mudshot",
    "egg:rapidspin",
    "egg:rockblast",
    "egg:screech",
    "egg:takedown",
    "egg:twineedle",
    "egg:waterpulse",
    "tm:blizzard",
    "tm:explosion",
    "tm:facade",
    "tm:snowscape",
    "tm:hiddenpower",
    "tm:icebeam",
    "tm:icespinner",
    "tm:icywind",
    "tm:protect",
    "tm:raindance",
    "tm:rest",
    "tm:return",
    "tm:sleeptalk",
    "tm:substitute",
    "tm:surf",
    "tm:teleport",
    "tm:toxic",
    "tutor:confide",
    "tutor:hydropump",
    "tutor:iciclespear",
    "tutor:icywind",
    "tutor:irondefense",
    "tutor:liquidation",
    "tutor:razorshell",
    "tutor:rockblast",
    "tutor:screech",
    "tutor:snore",
    "tutor:whirlpool",
    "tutor:spikes",
    "tutor:toxicspikes"
  ]
}