{
  "target": "cobblemon:snorlax",
  "abilities": [
    "immunity",
    "thickfat",
    "h:gluttony"
  ],
  "baseStats": {
    "hp": 160,
    "attack": 110,
    "defence": 65,
    "special_attack": 65,
    "special_defence": 110,
    "speed": 30
  },
  "moves": [
    "1:tackle",
    "4:defensecurl",
    "9:amnesia",
    "12:lick",
    "17:chipaway",
    "20:yawn",
    "25:bodyslam",
    "28:rest",
    "28:snore",
    "33:sleeptalk",
    "35:gigaimpact",
    "36:rollout",
    "41:block",
    "44:bellydrum",
    "49:crunch",
    "50:heavyslam",
    "57:highhorsepower",
    "65:woodhammer",
    "egg:afteryou",
    "egg:belch",
    "egg:charm",
    "egg:counter",
    "egg:curse",
    "egg:doubleedge",
    "egg:gastroacid",
    "egg:lick",
    "egg:naturalgift",
    "egg:poweruppunch",
    "egg:pursuit",
    "egg:whirlwind",
    "egg:selfdestruct",
    "egg:zenheadbutt",
    "tm:blizzard",
    "tm:bodypress",
    "tm:brickbreak",
    "tm:bulldoze",
    "tm:earthquake",
    "tm:facade",
    "tm:fireblast",
    "tm:flamethrower",
    "tm:focusblast",
    "tm:focuspunch",
    "tm:heatcrash",
    "tm:hiddenpower",
    "tm:hypervoice",
    "tm:icebeam",
    "tm:icywind",
    "tm:poweruppunch",
    "tm:protect",
    "tm:psychic",
    "tm:raindance",
    "tm:reflect",
    "tm:rest",
    "tm:return",
    "tm:rockclimb",
    "tm:rockslide",
    "tm:rocksmash",
    "tm:rocktomb",
    "tm:sandstorm",
    "tm:shadowball",
    "tm:sleeptalk",
    "tm:solarbeam",
    "tm:steelroller",
    "tm:strength",
    "tm:substitute",
    "tm:sunnyday",
    "tm:superpower",
    "tm:surf",
    "tm:terrainpulse",
    "tm:thunder",
    "tm:thunderbolt",
    "tm:toxic",
    "tm:wildcharge",
    "tm:workup",
    "tm:supercellslam",
    "tutor:afteryou",
    "tutor:block",
    "tutor:bodypress",
    "tutor:bodyslam",
    "tutor:confide",
    "tutor:covet",
    "tutor:crunch",
    "tutor:darkestlariat",
    "tutor:encore",
    "tutor:firepunch",
    "tutor:gunkshot",
    "tutor:heatcrash",
    "tutor:heavyslam",
    "tutor:highhorsepower",
    "tutor:hydropump",
    "tutor:hypervoice",
    "tutor:icepunch",
    "tutor:icywind",
    "tutor:ironhead",
    "tutor:lastresort",
    "tutor:outrage",
    "tutor:psychup",
    "tutor:screech",
    "tutor:seedbomb",
    "tutor:snatch",
    "tutor:snore",
    "tutor:stompingtantrum",
    "tutor:superpower",
    "tutor:thunderpunch",
    "tutor:uproar",
    "tutor:whirlpool",
    "tutor:zenheadbutt"
  ]
}