{
  "target": "cobblemon:spearow",
      "abilities": [
      "frisk",
      "technician",
      "h:sniper"
    ],
  "baseStats": {
    "hp": 40,
    "attack": 60,
    "defence": 30,
    "special_attack": 31,
    "special_defence": 31,
    "speed": 70
  },
  "moves": [
    "1:growl",
    "1:peck",
    "1:quickattack",
    "4:leer",
    "8:pursuit",
    "11:pluck",
    "15:furyattack",
    "18:mirrormove",
    "22:assurance",
    "25:agility",
    "29:focusenergy",
    "32:roost",
    "36:drillpeck",
    "egg:astonish",
    "egg:featherdance",
    "egg:feintattack",
    "egg:quickattack",
    "egg:razorwind",
    "egg:scaryface",
    "egg:skyattack",
    "egg:steelwing",
    "egg:triattack",
    "egg:uproar",
    "egg:whirlwind",
    "tm:aerialace",
    "tm:bravebird",
    "tm:defog",
    "tm:dualwingbeat",
    "tm:facade",
    "tm:fly",
    "tm:hiddenpower",
    "tm:pluck",
    "tm:protect",
    "tm:raindance",
    "tm:rest",
    "tm:return",
    "tm:roost",
    "tm:sleeptalk",
    "tm:steelwing",
    "tm:substitute",
    "tm:sunnyday",
    "tm:thief",
    "tm:toxic",
    "tm:uturn",
    "tm:workup",
    "tutor:agility",
    "tutor:batonpass",
    "tutor:confide",
    "tutor:drillrun",
    "tutor:focusenergy",
    "tutor:heatwave",
    "tutor:scaryface",
    "tutor:skyattack",
    "tutor:snore",
    "tutor:tailwind",
    "tutor:uproar"
  ]
}