{
  "target": "cobblemon:squirtle",
  "baseStats": {
    "hp": 44,
    "attack": 48,
    "defence": 65,
    "special_attack": 50,
    "special_defence": 64,
    "speed": 43
  },
  "moves": [
    "1:falseswipe",
    "1:tackle",
    "4:tailwhip",
    "7:bubble",
    "10:rapidspin",
    "13:waterpulse",
    "16:bite",
    "19:fakeout",
    "22:detect",
    "28:aquatail",
    "31:skullbash",
    "34:irondefense",
    "37:raindance",
    "40:hydropump",
    "egg:aquajet",
    "egg:aquaring",
    "egg:aurasphere",
    "egg:brine",
    "egg:dragonpulse",
    "egg:fakeout",
    "egg:flail",
    "egg:haze",
    "egg:lifedew",
    "egg:mirrorcoat",
    "egg:mist",
    "egg:muddywater",
    "egg:mudsport",
    "egg:refresh",
    "egg:waterspout",
    "egg:yawn",
    "tm:blizzard",
    "tm:brickbreak",
    "tm:dig",
    "tm:dragonpulse",
    "tm:facade",
    "tm:flipturn",
    "tm:focuspunch",
    "tm:gyroball",
    "tm:snowscape",
    "tm:hiddenpower",
    "tm:icebeam",
    "tm:icywind",
    "tm:irontail",
    "tm:poweruppunch",
    "tm:protect",
    "tm:raindance",
    "tm:reflect",
    "tm:rest",
    "tm:return",
    "tm:rocksmash",
    "tm:rocktomb",
    "tm:scald",
    "tm:sleeptalk",
    "tm:strength",
    "tm:substitute",
    "tm:surf",
    "tm:toxic",
    "tm:waterfall",
    "tm:workup",
    "tutor:aquatail",
    "tutor:aurasphere",
    "tutor:block",
    "tutor:bodyslam",
    "tutor:celebrate",
    "tutor:confide",
    "tutor:helpinghand",
    "tutor:hydropump",
    "tutor:icepunch",
    "tutor:icywind",
    "tutor:irondefense",
    "tutor:muddywater",
    "tutor:snore",
    "tutor:waterpledge",
    "tutor:weatherball",
    "tutor:whirlpool",
    "tutor:zenheadbutt"
  ]
}