{
  "target": "cobblemon:starmie",
  "abilities": [
    "illuminate",
    "naturalcure",
    "h:analytic"
  ],
  "baseStats": {
    "hp": 60,
    "attack": 75,
    "defence": 85,
    "special_attack": 100,
    "special_defence": 85,
    "speed": 115
  },
  "moves": [
    "1:hydropump",
    "1:psybeam",
    "1:rapidspin",
    "1:recover",
    "1:spotlight",
    "1:watergun",
    "40:confuseray",
    "60:meteorbeam",
    "tm:blizzard",
    "tm:cosmicpower",
    "tm:dazzlinggleam",
    "tm:expandingforce",
    "tm:facade",
    "tm:flash",
    "tm:flashcannon",
    "tm:flipturn",
    "tm:futuresight",
    "tm:grassknot",
    "tm:gyroball",
    "tm:snowscape",
    "tm:hiddenpower",
    "tm:icebeam",
    "tm:icywind",
    "tm:lightscreen",
    "tm:meteorbeam",
    "tm:protect",
    "tm:psychic",
    "tm:psyshock",
    "tm:raindance",
    "tm:reflect",
    "tm:rest",
    "tm:return",
    "tm:scald",
    "tm:sleeptalk",
    "tm:substitute",
    "tm:surf",
    "tm:teleport",
    "tm:thunder",
    "tm:thunderbolt",
    "tm:thunderwave",
    "tm:toxic",
    "tm:trickroom",
    "tm:waterfall",
    "tutor:agility",
    "tutor:confide",
    "tutor:cosmicpower",
    "tutor:gravity",
    "tutor:hydropump",
    "tutor:icywind",
    "tutor:magiccoat",
    "tutor:painsplit",
    "tutor:powergem",
    "tutor:psychocut",
    "tutor:psychup",
    "tutor:signalbeam",
    "tutor:snore",
    "tutor:trick",
    "tutor:whirlpool",
    "tutor:wonderroom"
  ]
}