{
  "target": "cobblemon:staryu",
  "abilities": [
      "illuminate",
      "naturalcure",
      "h:analytic"
    ],
  "baseStats": {
    "hp": 30,
    "attack": 45,
    "defence": 55,
    "special_attack": 70,
    "special_defence": 55,
    "speed": 85
  },
  "moves": [
    "1:harden",
    "1:tackle",
    "4:waterpulse",
    "7:rapidspin",
    "10:recover",
    "13:psywave",
    "16:aurorabeam",
    "18:bubblebeam",
    "22:camouflage",
    "24:gyroball",
    "28:brine",
    "35:reflecttype",
    "37:powergem",
    "40:confuseray",
    "42:psychic",
    "46:lightscreen",
    "49:cosmicpower",
    "53:hydropump",
    "tm:blizzard",
    "tm:cosmicpower",
    "tm:dazzlinggleam",
    "tm:facade",
    "tm:flash",
    "tm:flashcannon",
    "tm:flipturn",
    "tm:gyroball",
    "tm:snowscape",
    "tm:hiddenpower",
    "tm:icebeam",
    "tm:icywind",
    "tm:lightscreen",
    "tm:protect",
    "tm:psychic",
    "tm:raindance",
    "tm:reflect",
    "tm:rest",
    "tm:return",
    "tm:scald",
    "tm:sleeptalk",
    "tm:substitute",
    "tm:surf",
    "tm:teleport",
    "tm:thunder",
    "tm:thunderbolt",
    "tm:thunderwave",
    "tm:toxic",
    "tm:waterfall",
    "tutor:confide",
    "tutor:cosmicpower",
    "tutor:gravity",
    "tutor:hydropump",
    "tutor:icywind",
    "tutor:magiccoat",
    "tutor:painsplit",
    "tutor:powergem",
    "tutor:psychup",
    "tutor:signalbeam",
    "tutor:snore",
    "tutor:whirlpool"
  ]
}