{
  "target": "cobblemon:tangela",
  "baseStats": {
    "hp": 65,
    "attack": 55,
    "defence": 115,
    "special_attack": 100,
    "special_defence": 40,
    "speed": 60
  },
  "moves": [
    "1:constrict",
    "1:ingrain",
    "4:sleeppowder",
    "7:vinewhip",
    "10:absorb",
    "14:poisonpowder",
    "17:bind",
    "20:growth",
    "23:megadrain",
    "27:knockoff",
    "30:stunspore",
    "33:naturalgift",
    "36:gigadrain",
    "38:ancientpower",
    "41:slam",
    "44:tickle",
    "46:wringout",
    "48:grassyterrain",
    "50:powerwhip",
    "egg:amnesia",
    "egg:confusion",
    "egg:endeavor",
    "egg:flail",
    "egg:gigadrain",
    "egg:leafstorm",
    "egg:leechseed",
    "egg:megadrain",
    "egg:naturalgift",
    "egg:naturepower",
    "egg:powerswap",
    "egg:ragepowder",
    "egg:wakeupslap",
    "tm:bulletseed",
    "tm:cut",
    "tm:energyball",
    "tm:facade",
    "tm:flash",
    "tm:gigadrain",
    "tm:grassknot",
    "tm:grassyglide",
    "tm:hiddenpower",
    "tm:protect",
    "tm:reflect",
    "tm:rest",
    "tm:return",
    "tm:rocksmash",
    "tm:sleeptalk",
    "tm:sludgebomb",
    "tm:solarbeam",
    "tm:substitute",
    "tm:sunnyday",
    "tm:swordsdance",
    "tm:thief",
    "tm:toxic",
    "tutor:bodyslam",
    "tutor:confide",
    "tutor:endeavor",
    "tutor:grassyterrain",
    "tutor:knockoff",
    "tutor:leafstorm",
    "tutor:painsplit",
    "tutor:powerwhip",
    "tutor:psychup",
    "tutor:seedbomb",
    "tutor:snore",
    "tutor:synthesis",
    "tutor:worryseed"
  ]
}