{
  "target": "cobblemon:tentacool",
  "abilities": [
    "clearbody",
    "liquidooze",
    "h:raindish"
  ],
  "baseStats": {
    "hp": 40,
    "attack": 40,
    "defence": 35,
    "special_attack": 50,
    "special_defence": 100,
    "speed": 70
  },
  "moves": [
    "1:rapidspin",
    "1:watergun",
    "4:supersonic",
    "10:acid",
    "13:toxicspikes",
    "16:waterpulse",
    "19:acidspray",
    "22:sludge",
    "25:bubblebeam",
    "28:barrier",
    "31:poisonjab",
    "34:scald",
    "37:screech",
    "40:hex",
    "43:sludgewave",
    "46:hydropump",
    "49:wringout",
    "egg:aquaring",
    "egg:aurorabeam",
    "egg:bubble",
    "egg:confuseray",
    "egg:haze",
    "egg:knockoff",
    "egg:mirrorcoat",
    "egg:muddywater",
    "egg:rapidspin",
    "egg:tickle",
    "tm:blizzard",
    "tm:cut",
    "tm:dazzlinggleam",
    "tm:facade",
    "tm:flipturn",
    "tm:gigadrain",
    "tm:snowscape",
    "tm:hiddenpower",
    "tm:icebeam",
    "tm:icywind",
    "tm:poisonjab",
    "tm:protect",
    "tm:raindance",
    "tm:reflect",
    "tm:rest",
    "tm:return",
    "tm:scald",
    "tm:sleeptalk",
    "tm:sludgebomb",
    "tm:sludgewave",
    "tm:substitute",
    "tm:surf",
    "tm:swordsdance",
    "tm:thief",
    "tm:toxic",
    "tm:venoshock",
    "tm:waterfall",
    "tutor:confide",
    "tutor:crosspoison",
    "tutor:hex",
    "tutor:hydropump",
    "tutor:icywind",
    "tutor:knockoff",
    "tutor:magiccoat",
    "tutor:muddywater",
    "tutor:screech",
    "tutor:snore",
    "tutor:toxicspikes",
    "tutor:whirlpool"
  ]
}