{
  "target": "cobblemon:vaporeon",
  "baseStats": {
    "hp": 130,
    "attack": 65,
    "defence": 60,
    "special_attack": 110,
    "special_defence": 95,
    "speed": 65
  },
  "moves": [
    "1:helpinghand",
    "1:tackle",
    "1:waterpulse",
    "9:babydolleyes",
    "13:quickattack",
    "17:brine",
    "20:aurorabeam",
    "25:aquaring",
    "29:acidarmor",
    "33:haze",
    "37:muddywater",
    "41:lastresort",
    "45:hydropump",
    "egg:captivate",
    "egg:charm",
    "egg:covet",
    "egg:curse",
    "egg:detect",
    "egg:doublekick",
    "egg:endure",
    "egg:faketears",
    "egg:flail",
    "egg:mudslap",
    "egg:naturalgift",
    "egg:storedpower",
    "egg:synchronoise",
    "egg:tickle",
    "egg:wish",
    "egg:yawn",
    "tm:blizzard",
    "tm:calmmind",
    "tm:dig",
    "tm:facade",
    "tm:flipturn",
    "tm:snowscape",
    "tm:hiddenpower",
    "tm:hypervoice",
    "tm:icebeam",
    "tm:icywind",
    "tm:irontail",
    "tm:protect",
    "tm:raindance",
    "tm:reflect",
    "tm:rest",
    "tm:return",
    "tm:roar",
    "tm:rocksmash",
    "tm:scald",
    "tm:shadowball",
    "tm:sleeptalk",
    "tm:strength",
    "tm:substitute",
    "tm:sunnyday",
    "tm:surf",
    "tm:toxic",
    "tm:trailblaze",
    "tm:waterfall",
    "tm:workup",
    "tm:alluringvoice",
    "tutor:aquatail",
    "tutor:batonpass",
    "tutor:bodyslam",
    "tutor:celebrate",
    "tutor:confide",
    "tutor:covet",
    "tutor:faketears",
    "tutor:focusenergy",
    "tutor:healbell",
    "tutor:helpinghand",
    "tutor:hydropump",
    "tutor:hypervoice",
    "tutor:icywind",
    "tutor:laserfocus",
    "tutor:lastresort",
    "tutor:liquidation",
    "tutor:muddywater",
    "tutor:signalbeam",
    "tutor:snore",
    "tutor:storedpower",
    "tutor:weatherball",
    "tutor:whirlpool"
  ]
}