{
  "target": "cobblemon:venonat",
  "abilities": [
    "compoundeyes",
    "tintedlens",
    "h:runaway"
  ],
  "baseStats": {
    "hp": 60,
    "attack": 55,
    "defence": 50,
    "special_attack": 40,
    "special_defence": 55,
    "speed": 45
  },
  "moves": [
    "1:disable",
    "1:foresight",
    "1:strugglebug",
    "5:supersonic",
    "11:confusion",
    "13:poisonpowder",
    "17:psybeam",
    "23:stunspore",
    "25:signalbeam",
    "29:sleeppowder",
    "35:leechlife",
    "37:zenheadbutt",
    "41:poisonfang",
    "47:psychic",
    "egg:agility",
    "egg:bugbite",
    "egg:gigadrain",
    "egg:morningsun",
    "egg:ragepowder",
    "egg:screech",
    "egg:secretpower",
    "egg:signalbeam",
    "egg:skillswap",
    "egg:toxicspikes",
    "tm:facade",
    "tm:flash",
    "tm:gigadrain",
    "tm:hiddenpower",
    "tm:leechlife",
    "tm:protect",
    "tm:psychic",
    "tm:reflect",
    "tm:rest",
    "tm:return",
    "tm:sleeptalk",
    "tm:sludgebomb",
    "tm:solarbeam",
    "tm:substitute",
    "tm:sunnyday",
    "tm:thief",
    "tm:toxic",
    "tm:venoshock",
    "tm:psychicnoise",
    "tutor:agility",
    "tutor:batonpass",
    "tutor:bugbite",
    "tutor:confide",
    "tutor:screech",
    "tutor:signalbeam",
    "tutor:snore",
    "tutor:toxicspikes",
    "tutor:venomdrench",
    "tutor:zenheadbutt"
  ]
}