{
  "target": "cobblemon:venomoth",
  "primaryType": "bug",
  "secondaryType": "psychic",
  "abilities": [
    "shielddust",
    "tintedlens",
    "h:wonderskin"
  ],
  "baseStats": {
    "hp": 70,
    "attack": 65,
    "defence": 65,
    "special_attack": 95,
    "special_defence": 75,
    "speed": 90
  },
  "moves": [
    "1:bugbuzz",
    "1:disable",
    "1:foresight",
    "1:gust",
    "1:silverwind",
    "1:strugglebug",
    "1:supersonic",
    "11:confusion",
    "13:poisonpowder",
    "17:psybeam",
    "23:stunspore",
    "25:signalbeam",
    "29:sleeppowder",
    "37:leechlife",
    "41:zenheadbutt",
    "47:poisonfang",
    "55:psychic",
    "63:quiverdance",
    "egg:agility",
    "egg:bugbite",
    "egg:gigadrain",
    "egg:morningsun",
    "egg:ragepowder",
    "egg:screech",
    "egg:secretpower",
    "egg:signalbeam",
    "egg:skillswap",
    "egg:toxicspikes",
    "tm:acrobatics",
    "tm:aerialace",
    "tm:defog",
    "tm:dualwingbeat",
    "tm:energyball",
    "tm:facade",
    "tm:flash",
    "tm:fly",
    "tm:gigadrain",
    "tm:hiddenpower",
    "tm:leechlife",
    "tm:protect",
    "tm:psychic",
    "tm:reflect",
    "tm:rest",
    "tm:return",
    "tm:roost",
    "tm:sleeptalk",
    "tm:sludgebomb",
    "tm:solarbeam",
    "tm:substitute",
    "tm:sunnyday",
    "tm:teleport",
    "tm:thief",
    "tm:toxic",
    "tm:uturn",
    "tm:venoshock",
    "tm:psychicnoise",
    "tutor:agility",
    "tutor:batonpass",
    "tutor:bugbite",
    "tutor:bugbuzz",
    "tutor:confide",
    "tutor:screech",
    "tutor:signalbeam",
    "tutor:snore",
    "tutor:tailwind",
    "tutor:toxicspikes",
    "tutor:venomdrench",
    "tutor:zenheadbutt"
  ]
}