{
  "target": "cobblemon:venusaur",
  "baseStats": {
    "hp": 80,
    "attack": 82,
    "defence": 83,
    "special_attack": 100,
    "special_defence": 100,
    "speed": 80
  },
  "moves": [
    "1:growl",
    "1:leechseed",
    "1:magicalleaf",
    "1:petaldance",
    "1:tackle",
    "9:vinewhip",
    "13:poisonpowder",
    "13:sleeppowder",
    "15:takedown",
    "20:megadrain",
    "23:sludge",
    "28:growth",
    "31:doubleedge",
    "39:sludgebomb",
    "45:synthesis",
    "50:petalblizzard",
    "53:solarbeam",
    "64:chloroblast",
    "tm:bulldoze",
    "tm:bulletseed",
    "tm:cut",
    "tm:dig",
    "tm:earthquake",
    "tm:energyball",
    "tm:facade",
    "tm:flash",
    "tm:gigadrain",
    "tm:grassknot",
    "tm:grassyglide",
    "tm:hiddenpower",
    "tm:lightscreen",
    "tm:protect",
    "tm:reflect",
    "tm:rest",
    "tm:return",
    "tm:roar",
    "tm:rockclimb",
    "tm:rocksmash",
    "tm:sleeptalk",
    "tm:sludgebomb",
    "tm:solarbeam",
    "tm:strength",
    "tm:substitute",
    "tm:sunnyday",
    "tm:swordsdance",
    "tm:terrainpulse",
    "tm:toxic",
    "tm:venoshock",
    "tm:workup",
    "tutor:block",
    "tutor:bodyslam",
    "tutor:celebrate",
    "tutor:confide",
    "tutor:earthpower",
    "tutor:frenzyplant",
    "tutor:grasspledge",
    "tutor:grassyterrain",
    "tutor:helpinghand",
    "tutor:knockoff",
    "tutor:leafstorm",
    "tutor:outrage",
    "tutor:powerwhip",
    "tutor:seedbomb",
    "tutor:snore",
    "tutor:stompingtantrum",
    "tutor:synthesis",
    "tutor:weatherball",
    "tutor:worryseed",
    "egg:amnesia",
    "egg:charm",
    "egg:curse",
    "egg:endure",
    "egg:gigadrain",
    "egg:grasswhistle",
    "egg:grassyterrain",
    "egg:ingrain",
    "egg:leafstorm",
    "egg:magicalleaf",
    "egg:naturepower",
    "egg:petaldance",
    "egg:powerwhip",
    "egg:skullbash",
    "egg:sludge"
  ]
}