{
  "target": "cobblemon:victreebel",
  "baseStats": {
    "hp": 80,
    "attack": 105,
    "defence": 70,
    "special_attack": 100,
    "special_defence": 75,
    "speed": 70
  },
  "moves": [
    "1:leaftornado",
    "1:poisonjab",
    "1:powerwhip",
    "1:razorleaf",
    "1:sleeppowder",
    "1:spitup",
    "1:stockpile",
    "1:swallow",
    "1:sweetscent",
    "1:barbbarrage",
    "32:leafstorm",
    "36:lunge",
    "41:leafblade",
    "44:sludgebomb",
    "egg:acidspray",
    "egg:belch",
    "egg:bulletseed",
    "egg:clearsmog",
    "egg:encore",
    "egg:gigadrain",
    "egg:ingrain",
    "egg:leechlife",
    "egg:magicalleaf",
    "egg:naturalgift",
    "egg:powerwhip",
    "egg:strengthsap",
    "egg:synthesis",
    "egg:tickle",
    "egg:weatherball",
    "egg:worryseed",
    "tm:bulletseed",
    "tm:cut",
    "tm:energyball",
    "tm:facade",
    "tm:flash",
    "tm:gigadrain",
    "tm:grassknot",
    "tm:grassyglide",
    "tm:hiddenpower",
    "tm:leechlife",
    "tm:poisonjab",
    "tm:protect",
    "tm:reflect",
    "tm:rest",
    "tm:return",
    "tm:sleeptalk",
    "tm:sludgebomb",
    "tm:solarbeam",
    "tm:solarblade",
    "tm:substitute",
    "tm:sunnyday",
    "tm:swordsdance",
    "tm:thief",
    "tm:toxic",
    "tm:venoshock",
    "tutor:bodyslam",
    "tutor:bugbite",
    "tutor:confide",
    "tutor:encore",
    "tutor:gastroacid",
    "tutor:grassyterrain",
    "tutor:gunkshot",
    "tutor:knockoff",
    "tutor:leafblade",
    "tutor:leafstorm",
    "tutor:powerwhip",
    "tutor:seedbomb",
    "tutor:snore",
    "tutor:solarblade",
    "tutor:synthesis",
    "tutor:weatherball",
    "tutor:worryseed"
  ]
}