{
  "target": "cobblemon:vileplume",
  "baseStats": {
    "hp": 75,
    "attack": 80,
    "defence": 85,
    "special_attack": 110,
    "special_defence": 90,
    "speed": 50
  },
  "moves": [
    "1:aromatherapy",
    "1:megadrain",
    "1:poisonpowder",
    "1:sludgebomb",
    "1:stunspore",
    "49:petalblizzard",
    "59:petaldance",
    "67:strengthsap",
    "69:solarbeam",
    "70:appleacid",
    "egg:afteryou",
    "egg:charm",
    "egg:flail",
    "egg:ingrain",
    "egg:leechseed",
    "egg:naturepower",
    "egg:razorleaf",
    "egg:secretpower",
    "egg:synthesis",
    "egg:teeterdance",
    "egg:tickle",
    "tm:bulletseed",
    "tm:cut",
    "tm:dazzlinggleam",
    "tm:drainpunch",
    "tm:energyball",
    "tm:facade",
    "tm:flash",
    "tm:gigadrain",
    "tm:grassknot",
    "tm:grassyglide",
    "tm:hiddenpower",
    "tm:protect",
    "tm:reflect",
    "tm:rest",
    "tm:return",
    "tm:sleeptalk",
    "tm:sludgebomb",
    "tm:sludgewave",
    "tm:solarbeam",
    "tm:substitute",
    "tm:sunnyday",
    "tm:swordsdance",
    "tm:toxic",
    "tm:venoshock",
    "tutor:afteryou",
    "tutor:bodyslam",
    "tutor:confide",
    "tutor:gastroacid",
    "tutor:grassyterrain",
    "tutor:pollenpuff",
    "tutor:seedbomb",
    "tutor:snore",
    "tutor:synthesis",
    "tutor:worryseed"
  ]
}