{
  "target": "cobblemon:weepinbell",
  "baseStats": {
    "hp": 65,
    "attack": 90,
    "defence": 50,
    "special_attack": 85,
    "special_defence": 45,
    "speed": 55
  },
  "moves": [
    "1:growth",
    "1:vinewhip",
    "1:wrap",
    "13:sleeppowder",
    "15:poisonpowder",
    "17:stunspore",
    "24:sludge",
    "27:megadrain",
    "32:knockoff",
    "39:gastroacid",
    "44:razorleaf",
    "47:poisonjab",
    "54:slam",
    "58:wringout",
    "egg:acidspray",
    "egg:belch",
    "egg:bulletseed",
    "egg:clearsmog",
    "egg:encore",
    "egg:gigadrain",
    "egg:ingrain",
    "egg:leechlife",
    "egg:magicalleaf",
    "egg:naturalgift",
    "egg:powerwhip",
    "egg:strengthsap",
    "egg:synthesis",
    "egg:tickle",
    "egg:weatherball",
    "egg:worryseed",
    "tm:bulletseed",
    "tm:cut",
    "tm:energyball",
    "tm:facade",
    "tm:flash",
    "tm:gigadrain",
    "tm:grassknot",
    "tm:grassyglide",
    "tm:hiddenpower",
    "tm:leechlife",
    "tm:poisonjab",
    "tm:protect",
    "tm:reflect",
    "tm:rest",
    "tm:return",
    "tm:sleeptalk",
    "tm:sludgebomb",
    "tm:solarbeam",
    "tm:solarblade",
    "tm:substitute",
    "tm:sunnyday",
    "tm:swordsdance",
    "tm:thief",
    "tm:toxic",
    "tm:venoshock",
    "tutor:bugbite",
    "tutor:confide",
    "tutor:encore",
    "tutor:gastroacid",
    "tutor:knockoff",
    "tutor:powerwhip",
    "tutor:seedbomb",
    "tutor:snore",
    "tutor:solarblade",
    "tutor:synthesis",
    "tutor:weatherball",
    "tutor:worryseed"
  ]
}