{
  "target": "cobblemon:wigglytuff",
  "abilities": [
    "sheerforce",
    "competitive",
    "h:frisk"
  ],
  "baseStats": {
    "hp": 140,
    "attack": 70,
    "defence": 45,
    "special_attack": 85,
    "special_defence": 50,
    "speed": 45
  },
  "moves": [
    "1:covet",
    "1:disable",
    "1:doubleedge",
    "1:playrough",
    "1:sing",
    "1:triattack",
    "50:moonblast",
    "65:lovelykiss",
    "egg:captivate",
    "egg:covet",
    "egg:faketears",
    "egg:feintattack",
    "egg:gravity",
    "egg:healpulse",
    "egg:mistyterrain",
    "egg:perishsong",
    "egg:present",
    "egg:punishment",
    "egg:sleeptalk",
    "egg:wish",
    "tm:blizzard",
    "tm:brickbreak",
    "tm:chargebeam",
    "tm:dazzlinggleam",
    "tm:dig",
    "tm:drainingkiss",
    "tm:drainpunch",
    "tm:expandingforce",
    "tm:facade",
    "tm:fireblast",
    "tm:flamethrower",
    "tm:flash",
    "tm:focusblast",
    "tm:aurasphere",
    "tm:focuspunch",
    "tm:grassknot",
    "tm:gyroball",
    "tm:hiddenpower",
    "tm:hypervoice",
    "tm:icebeam",
    "tm:icespinner",
    "tm:icywind",
    "tm:lightscreen",
    "tm:mistyexplosion",
    "tm:poweruppunch",
    "tm:protect",
    "tm:psychic",
    "tm:raindance",
    "tm:reflect",
    "tm:rest",
    "tm:return",
    "tm:shadowball",
    "tm:sleeptalk",
    "tm:solarbeam",
    "tm:stealthrock",
    "tm:steelroller",
    "tm:strength",
    "tm:substitute",
    "tm:sunnyday",
    "tm:teleport",
    "tm:thunder",
    "tm:thunderbolt",
    "tm:thunderwave",
    "tm:toxic",
    "tm:trailblaze",
    "tm:wildcharge",
    "tm:workup",
    "tm:alluringvoice",
    "tm:psychicnoise",
    "tutor:batonpass",
    "tutor:bodyslam",
    "tutor:bounce",
    "tutor:confide",
    "tutor:covet",
    "tutor:endeavor",
    "tutor:faketears",
    "tutor:firepunch",
    "tutor:gravity",
    "tutor:healbell",
    "tutor:helpinghand",
    "tutor:hypervoice",
    "tutor:icepunch",
    "tutor:icywind",
    "tutor:knockoff",
    "tutor:laserfocus",
    "tutor:lastresort",
    "tutor:magiccoat",
    "tutor:magicroom",
    "tutor:mistyterrain",
    "tutor:painsplit",
    "tutor:playrough",
    "tutor:psychup",
    "tutor:roleplay",
    "tutor:screech",
    "tutor:snatch",
    "tutor:snore",
    "tutor:thunderpunch",
    "tutor:uproar"
  ]
}