{
  "target": "cobblemon:zubat",
  "abilities": [
    "infiltrator",
    "sniper",
    "h:corrosion"
  ],
  "baseStats": {
    "hp": 40,
    "attack": 45,
    "defence": 35,
    "special_attack": 30,
    "special_defence": 40,
    "speed": 55
  },
  "moves": [
    "1:absorb",
    "5:supersonic",
    "7:astonish",
    "11:bite",
    "13:wingattack",
    "17:confuseray",
    "19:aircutter",
    "23:meanlook",
    "25:poisonfang",
    "29:leechlife",
    "31:dualwingbeat",
    "35:haze",
    "37:venoshock",
    "41:airslash",
    "43:quickguard",
    "egg:curse",
    "egg:defog",
    "egg:feintattack",
    "egg:gigadrain",
    "egg:gust",
    "egg:hypnosis",
    "egg:nastyplot",
    "egg:pursuit",
    "egg:quickattack",
    "egg:steelwing",
    "egg:venomdrench",
    "egg:whirlwind",
    "egg:zenheadbutt",
    "tm:acrobatics",
    "tm:aerialace",
    "tm:bravebird",
    "tm:defog",
    "tm:dualwingbeat",
    "tm:facade",
    "tm:fly",
    "tm:gigadrain",
    "tm:hiddenpower",
    "tm:leechlife",
    "tm:pluck",
    "tm:protect",
    "tm:raindance",
    "tm:rest",
    "tm:return",
    "tm:roost",
    "tm:shadowball",
    "tm:sleeptalk",
    "tm:sludgebomb",
    "tm:steelwing",
    "tm:substitute",
    "tm:sunnyday",
    "tm:taunt",
    "tm:thief",
    "tm:toxic",
    "tm:uturn",
    "tm:venoshock",
    "tutor:agility",
    "tutor:airslash",
    "tutor:bravebird",
    "tutor:confide",
    "tutor:crunch",
    "tutor:heatwave",
    "tutor:nastyplot",
    "tutor:snatch",
    "tutor:snore",
    "tutor:superfang",
    "tutor:tailwind",
    "tutor:uproar",
    "tutor:venomdrench",
    "tutor:zenheadbutt"
  ]
}