{
    "type": "minecraft:empty",
    "pools": [
        {
            "bonus_rolls": 0,
            "entries": [
                {
                    "type": "minecraft:item",
                    "functions": [
                        {
                            "count": {
                                "type": "minecraft:uniform",
                                "max": 3,
                                "min": 1
                            },
                            "function": "minecraft:set_count"
                        }
                    ],
                    "name": "cobblemon:ancient_poke_ball",
                    "weight": 3
                },
                {
                    "type": "minecraft:item",
                    "functions": [
                        {
                            "count": {
                                "type": "minecraft:uniform",
                                "max": 3,
                                "min": 1
                            },
                            "function": "minecraft:set_count"
                        }
                    ],
                    "name": "cobblemon:ancient_citrine_ball",
                    "weight": 3
                },
                {
                    "type": "minecraft:item",
                    "functions": [
                        {
                            "count": {
                                "type": "minecraft:uniform",
                                "max": 3,
                                "min": 1
                            },
                            "function": "minecraft:set_count"
                        }
                    ],
                    "name": "cobblemon:ancient_verdant_ball",
                    "weight": 3
                },
                {
                    "type": "minecraft:item",
                    "functions": [
                        {
                            "count": {
                                "type": "minecraft:uniform",
                                "max": 3,
                                "min": 1
                            },
                            "function": "minecraft:set_count"
                        }
                    ],
                    "name": "cobblemon:ancient_azure_ball",
                    "weight": 3
                },
                {
                    "type": "minecraft:item",
                    "functions": [
                        {
                            "count": {
                                "type": "minecraft:uniform",
                                "max": 3,
                                "min": 1
                            },
                            "function": "minecraft:set_count"
                        }
                    ],
                    "name": "cobblemon:ancient_roseate_ball",
                    "weight": 3
                },
                {
                    "type": "minecraft:item",
                    "functions": [
                        {
                            "count": {
                                "type": "minecraft:uniform",
                                "max": 3,
                                "min": 1
                            },
                            "function": "minecraft:set_count"
                        }
                    ],
                    "name": "cobblemon:ancient_slate_ball",
                    "weight": 3
                },
                {
                    "type": "minecraft:item",
                    "functions": [
                        {
                            "count": {
                                "type": "minecraft:uniform",
                                "max": 3,
                                "min": 1
                            },
                            "function": "minecraft:set_count"
                        }
                    ],
                    "name": "cobblemon:ancient_ivory_ball",
                    "weight": 3
                },
                {
                    "type": "minecraft:item",
                    "functions": [
                        {
                            "count": {
                                "type": "minecraft:uniform",
                                "max": 3,
                                "min": 1
                            },
                            "function": "minecraft:set_count"
                        }
                    ],
                    "name": "cobblemon:ancient_great_ball",
                    "weight": 5
                },
                {
                    "type": "minecraft:item",
                    "functions": [
                        {
                            "count": {
                                "type": "minecraft:uniform",
                                "max": 3,
                                "min": 1
                            },
                            "function": "minecraft:set_count"
                        }
                    ],
                    "name": "cobblemon:ancient_ultra_ball",
                    "weight": 5
                }
            ],
            "rolls": 1
        }
    ]
}