{
  "type": "minecraft:empty",
  "pools": [
    {
      "bonus_rolls": 0,
      "entries": [
       {
  "type": "minecraft:item",
  "functions": [
    {
      "count": {
        "type": "minecraft:uniform",
        "max": 4,
        "min": 2
      },
      "function": "minecraft:set_count"
    }
  ],
  "name": "cobblemon:ancient_jet_ball",
  "weight": 2
},
{
  "type": "minecraft:item",
  "functions": [
    {
      "count": {
        "type": "minecraft:uniform",
        "max": 4,
        "min": 2
      },
      "function": "minecraft:set_count"
    }
  ],
  "name": "cobblemon:ancient_feather_ball",
  "weight": 2
},
{
  "type": "minecraft:item",
  "functions": [
    {
      "count": {
        "type": "minecraft:uniform",
        "max": 4,
        "min": 2
      },
      "function": "minecraft:set_count"
    }
  ],
  "name": "cobblemon:ancient_wing_ball",
  "weight": 2
},
{
  "type": "minecraft:item",
  "functions": [
    {
      "count": {
        "type": "minecraft:uniform",
        "max": 4,
        "min": 2
      },
      "function": "minecraft:set_count"
    }
  ],
  "name": "cobblemon:ancient_heavy_ball",
  "weight": 2
},
{
  "type": "minecraft:item",
  "functions": [
    {
      "count": {
        "type": "minecraft:uniform",
        "max": 4,
        "min": 2
      },
      "function": "minecraft:set_count"
    }
  ],
  "name": "cobblemon:ancient_leaden_ball",
  "weight": 2
},
{
  "type": "minecraft:item",
  "functions": [
    {
      "count": {
        "type": "minecraft:uniform",
        "max": 4,
        "min": 2
      },
      "function": "minecraft:set_count"
    }
  ],
  "name": "cobblemon:ancient_gigaton_ball",
  "weight": 2
}
      ],
      "rolls": 2
    }
  ]
}