{
  "implemented": true,
  "nationalPokedexNumber": 359,
  "name": "Absol",
  "primaryType": "dark",
  "maleRatio": 0.5,
  "height": 12,
  "weight": 470,
  "pokedex": [
    "cobblemon.species.absol.desc"
  ],
  "labels": [
    "gen3"
  ],
  "aspects": [],
  "abilities": [
    "pressure",
    "superluck",
    "h:justified"
  ],
  "eggGroups": [
    "field"
  ],
  "baseStats": {
    "hp": 65,
    "attack": 130,
    "defence": 60,
    "special_attack": 75,
    "special_defence": 60,
    "speed": 75
  },
  "evYield": {
    "hp": 0,
    "attack": 2,
    "defence": 0,
    "special_attack": 0,
    "special_defence": 0,
    "speed": 0
  },
  "baseExperienceYield": 163,
  "experienceGroup": "medium_slow",
  "catchRate": 30,
  "eggCycles": 25,
  "baseFriendship": 35,
  "baseScale": 0.7,
  "hitbox": {
    "width": 1.2,
    "height": 2.1,
    "fixed": false
  },
  "drops": {
    "amount": 3,
    "entries": [
      {
        "item": "cobblemon:razor_claw",
        "percentage": 5.0
      },
      {
        "item": "cobblemon:life_orb",
        "percentage": 5.0
      },
      {
        "item": "cobblemon:roseli_berry",
        "percentage": 5.0
      }
    ]
  },
  "moves": [
    "1:feint",
    "1:futuresight",
    "1:leer",
    "1:perishsong",
    "1:quickattack",
    "1:scratch",
    "10:pursuit",
    "13:taunt",
    "16:bite",
    "22:slash",
    "25:swordsdance",
    "29:nightslash",
    "33:detect",
    "37:psychocut",
    "41:mefirst",
    "45:suckerpunch",
    "49:razorwind",
    "egg:assurance",
    "egg:curse",
    "egg:doubleedge",
    "egg:feintattack",
    "egg:hex",
    "egg:magiccoat",
    "egg:meanlook",
    "egg:mefirst",
    "egg:megahorn",
    "egg:perishsong",
    "egg:playrough",
    "egg:punishment",
    "egg:suckerpunch",
    "egg:wish",
    "egg:zenheadbutt",
    "tm:aerialace",
    "tm:blizzard",
    "tm:calmmind",
    "tm:chargebeam",
    "tm:cut",
    "tm:darkpulse",
    "tm:facade",
    "tm:fireblast",
    "tm:flamethrower",
    "tm:flash",
    "tm:futuresight",
    "tm:snowscape",
    "tm:hiddenpower",
    "tm:honeclaws",
    "tm:icebeam",
    "tm:icywind",
    "tm:irontail",
    "tm:protect",
    "tm:raindance",
    "tm:rest",
    "tm:return",
    "tm:rockslide",
    "tm:rocksmash",
    "tm:rocktomb",
    "tm:sandstorm",
    "tm:shadowball",
    "tm:shadowclaw",
    "tm:sleeptalk",
    "tm:snarl",
    "tm:stoneedge",
    "tm:strength",
    "tm:substitute",
    "tm:sunnyday",
    "tm:superpower",
    "tm:swordsdance",
    "tm:taunt",
    "tm:thief",
    "tm:thunder",
    "tm:thunderbolt",
    "tm:thunderwave",
    "tm:toxic",
    "tm:willowisp",
    "tm:xscissor",
    "tutor:airslash",
    "tutor:batonpass",
    "tutor:bodyslam",
    "tutor:bounce",
    "tutor:closecombat",
    "tutor:confide",
    "tutor:darkhole",
    "tutor:foulplay",
    "tutor:hex",
    "tutor:icywind",
    "tutor:knockoff",
    "tutor:laserfocus",
    "tutor:magiccoat",
    "tutor:megahorn",
    "tutor:playrough",
    "tutor:psychocut",
    "tutor:psychup",
    "tutor:roleplay",
    "tutor:snatch",
    "tutor:snore",
    "tutor:spite",
    "tutor:superpower",
    "tutor:throatchop",
    "tutor:zenheadbutt"
  ],
  "evolutions": [],
  "forms": [
    {
      "name": "Mega",
      "primaryType": "dark",
      "secondaryType": "fairy",
      "maleRatio": 0.5,
      "height": 12,
      "weight": 490,
      "pokedex": [
        "cobblemon.species.absol-mega.desc"
      ],
      "labels": [
        "gen6",
        "mega"
      ],
      "aspects": [
        "mega"
      ],
      "abilities": [
        "sharpness",
        "h:sharpness"
      ],
      "baseStats": {
        "hp": 65,
        "attack": 150,
        "defence": 60,
        "special_attack": 115,
        "special_defence": 60,
        "speed": 115
      },
      "baseExperienceYield": 198,
      "dynamaxBlocked": true,
      "evolutions": [],
      "battleOnly": true
    }
  ]
}