{
  "nationalPokedexNumber": 334,
  "name": "Altaria",
  "primaryType": "dragon",
  "secondaryType": "flying",
  "maleRatio": 0.5,
  "height": 11,
  "weight": 206,
  "pokedex": [
    "cobblemon.species.altaria.desc"
  ],
  "labels": [
    "gen3"
  ],
  "aspects": [],
  "abilities": [
    "naturalcure",
    "h:cloudnine"
  ],
  "eggGroups": [
    "flying",
    "dragon"
  ],
  "baseStats": {
    "hp": 85,
    "attack": 70,
    "defence": 90,
    "special_attack": 70,
    "special_defence": 105,
    "speed": 80
  },
  "evYield": {
    "hp": 0,
    "attack": 0,
    "defence": 0,
    "special_attack": 0,
    "special_defence": 2,
    "speed": 0
  },
  "baseExperienceYield": 172,
  "experienceGroup": "erratic",
  "catchRate": 45,
  "eggCycles": 20,
  "baseFriendship": 50,
  "baseScale": 1,
  "hitbox": {
    "width": 1,
    "height": 1,
    "fixed": false
  },
  "drops": {
    "amount": 4,
    "entries": [
      {
        "item": "minecraft:white_wool",
        "quantityRange": "0-2"
      },
      {
        "item": "minecraft:chicken"
      },
      {
        "item": "cobblemon:yache_berry",
        "percentage": 5.0
      }
    ]
  },
  "moves": [
    "1:dragonbreath",
    "1:dragonpulse",
    "1:growl",
    "1:peck",
    "1:pluck",
    "1:sing",
    "1:skyattack",
    "3:astonish",
    "7:furyattack",
    "9:safeguard",
    "11:disarmingvoice",
    "14:mist",
    "15:icywind",
    "17:round",
    "20:naturalgift",
    "23:takedown",
    "26:refresh",
    "30:dragondance",
    "34:cottonguard",
    "40:dragonclaw",
    "46:perishsong",
    "52:moonblast",
    "63:outrage",
    "egg:agility",
    "egg:dragonrush",
    "egg:featherdance",
    "egg:haze",
    "egg:hypervoice",
    "egg:playrough",
    "egg:powerswap",
    "egg:pursuit",
    "egg:rage",
    "egg:roost",
    "egg:steelwing",
    "tm:aerialace",
    "tm:bravebird",
    "tm:bulldoze",
    "tm:calmmind",
    "tm:dazzlinggleam",
    "tm:defog",
    "tm:dracobarrage",
    "tm:dragonclaw",
    "tm:dragondance",
    "tm:dragonpulse",
    "tm:dualwingbeat",
    "tm:earthquake",
    "tm:facade",
    "tm:fireblast",
    "tm:flamethrower",
    "tm:fly",
    "tm:hiddenpower",
    "tm:honeclaws",
    "tm:hypervoice",
    "tm:icebeam",
    "tm:irontail",
    "tm:pluck",
    "tm:protect",
    "tm:raindance",
    "tm:rest",
    "tm:return",
    "tm:roar",
    "tm:rocksmash",
    "tm:roost",
    "tm:sleeptalk",
    "tm:solarbeam",
    "tm:steelwing",
    "tm:substitute",
    "tm:sunnyday",
    "tm:thief",
    "tm:toxic",
    "tm:trailblaze",
    "tm:willowisp",
    "tm:alluringvoice",
    "tm:weatherball",
    "tutor:agility",
    "tutor:bodyslam",
    "tutor:breakingswipe",
    "tutor:confide",
    "tutor:dracometeor",
    "tutor:dragondance",
    "tutor:firespin",
    "tutor:healbell",
    "tutor:heatwave",
    "tutor:hurricane",
    "tutor:hypervoice",
    "tutor:outrage",
    "tutor:playrough",
    "tutor:psychup",
    "tutor:skyattack",
    "tutor:snore",
    "tutor:tailwind",
    "tutor:uproar",
    "tutor:wonderroom"
  ],
  "preEvolution": "swablu",
  "evolutions": [],
  "forms": [
    {
      "name": "Mega",
      "primaryType": "dragon",
      "secondaryType": "fairy",
      "maleRatio": 0.5,
      "height": 15,
      "weight": 206,
      "pokedex": [
        "cobblemon.species.altaria-mega.desc"
      ],
      "labels": [
        "gen6",
        "mega"
      ],
      "aspects": [
        "mega"
      ],
      "abilities": [
        "pixilate",
        "h:pixilate"
      ],
      "baseStats": {
        "hp": 85,
        "attack": 110,
        "defence": 110,
        "special_attack": 110,
        "special_defence": 105,
        "speed": 80
      },
      "baseExperienceYield": 207,
      "dynamaxBlocked": true,
      "evolutions": [],
      "battleOnly": true
    }
  ]
}