{
  "nationalPokedexNumber": 354,
  "name": "Banette",
  "primaryType": "ghost",
  "maleRatio": 0.5,
  "height": 11,
  "weight": 125,
  "pokedex": [
    "cobblemon.species.banette.desc"
  ],
  "labels": [
    "gen3"
  ],
  "aspects": [],
  "abilities": [
    "insomnia",
    "frisk",
    "h:wanderingspirit"
  ],
  "eggGroups": [
    "amorphous"
  ],
  "baseStats": {
    "hp": 64,
    "attack": 115,
    "defence": 65,
    "special_attack": 83,
    "special_defence": 63,
    "speed": 65
  },
  "evYield": {
    "hp": 0,
    "attack": 2,
    "defence": 0,
    "special_attack": 0,
    "special_defence": 0,
    "speed": 0
  },
  "baseExperienceYield": 159,
  "experienceGroup": "fast",
  "catchRate": 45,
  "eggCycles": 25,
  "baseFriendship": 35,
  "baseScale": 1,
  "hitbox": {
    "width": 1,
    "height": 1,
    "fixed": false
  },
  "drops": {
    "amount": 2,
    "entries": [
      {
        "item": "minecraft:phantom_membrane",
        "percentage": 5.0
      },
      {
        "item": "cobblemon:spell_tag",
        "percentage": 5.0
      }
    ]
  },
  "moves": [
    "1:knockoff",
    "1:phantomforce",
    "1:screech",
    "1:spite",
    "1:thunderwave",
    "7:nightshade",
    "13:shadowsneak",
    "16:willowisp",
    "19:feintattack",
    "22:hex",
    "26:curse",
    "30:shadowball",
    "34:embargo",
    "40:suckerpunch",
    "46:snatch",
    "52:grudge",
    "58:taunt",
    "64:poltergeist",
    "68:doubleedge",
    "egg:astonish",
    "egg:confuseray",
    "egg:destinybond",
    "egg:disable",
    "egg:foresight",
    "egg:gunkshot",
    "egg:imprison",
    "egg:ominouswind",
    "egg:phantomforce",
    "egg:pursuit",
    "egg:shadowsneak",
    "tm:calmmind",
    "tm:chargebeam",
    "tm:darkpulse",
    "tm:dazzlinggleam",
    "tm:facade",
    "tm:flash",
    "tm:hiddenpower",
    "tm:icywind",
    "tm:poltergeist",
    "tm:protect",
    "tm:psychic",
    "tm:raindance",
    "tm:rest",
    "tm:return",
    "tm:shadowball",
    "tm:shadowclaw",
    "tm:sleeptalk",
    "tm:substitute",
    "tm:sunnyday",
    "tm:swordsdance",
    "tm:taunt",
    "tm:thief",
    "tm:thunder",
    "tm:thunderbolt",
    "tm:thunderwave",
    "tm:toxic",
    "tm:trailblaze",
    "tm:trickroom",
    "tm:willowisp",
    "tutor:bodyslam",
    "tutor:confide",
    "tutor:foulplay",
    "tutor:gunkshot",
    "tutor:helpinghand",
    "tutor:hex",
    "tutor:icywind",
    "tutor:knockoff",
    "tutor:magiccoat",
    "tutor:magicroom",
    "tutor:painsplit",
    "tutor:phantomforce",
    "tutor:psychup",
    "tutor:roleplay",
    "tutor:screech",
    "tutor:snatch",
    "tutor:snore",
    "tutor:spite",
    "tutor:throatchop",
    "tutor:trick"
  ],
  "preEvolution": "shuppet",
  "evolutions": [],
  "forms": [
    {
      "name": "Mega",
      "primaryType": "ghost",
      "secondaryType": "normal",
      "maleRatio": 0.5,
      "height": 12,
      "weight": 130,
      "pokedex": [
        "cobblemon.species.banette-mega.desc"
      ],
      "labels": [
        "gen6",
        "mega"
      ],
      "aspects": [
        "mega"
      ],
      "abilities": [
        "prankster",
        "h:prankster"
      ],
      "baseStats": {
        "hp": 64,
        "attack": 165,
        "defence": 75,
        "special_attack": 93,
        "special_defence": 83,
        "speed": 75
      },
      "baseExperienceYield": 194,
      "dynamaxBlocked": true,
      "evolutions": [],
      "battleOnly": true
    }
  ]
}