{
  "implemented": true,
  "nationalPokedexNumber": 323,
  "name": "Camerupt",
  "primaryType": "fire",
  "secondaryType": "ground",
  "maleRatio": 0.5,
  "height": 19,
  "weight": 2200,
  "pokedex": [
    "cobblemon.species.camerupt.desc"
  ],
  "labels": [
    "gen3"
  ],
  "aspects": [],
  "abilities": [
    "magmaarmor",
    "solidrock",
    "h:angerpoint"
  ],
  "eggGroups": [
    "field"
  ],
  "baseStats": {
    "hp": 90,
    "attack": 100,
    "defence": 70,
    "special_attack": 105,
    "special_defence": 75,
    "speed": 40
  },
  "evYield": {
    "hp": 0,
    "attack": 1,
    "defence": 0,
    "special_attack": 1,
    "special_defence": 0,
    "speed": 0
  },
  "baseExperienceYield": 161,
  "experienceGroup": "medium_fast",
  "catchRate": 150,
  "eggCycles": 20,
  "baseFriendship": 50,
  "baseScale": 1.2,
  "hitbox": {
    "width": 2,
    "height": 1.5,
    "fixed": false
  },
  "drops": {
    "amount": 2,
    "entries": [
      {
        "item": "minecraft:magma_cream",
        "percentage": 5.0
      },
      {
        "item": "cobblemon:rawst_berry",
        "percentage": 5.0
      }
    ]
  },
  "moves": [
    "1:ember",
    "1:eruption",
    "1:focusenergy",
    "1:growl",
    "1:rockslide",
    "1:tackle",
    "12:magnitude",
    "15:flameburst",
    "19:amnesia",
    "22:lavaplume",
    "26:earthpower",
    "29:curse",
    "31:takedown",
    "39:yawn",
    "46:earthquake",
    "56:hydrosteam",
    "63:slackoff",
    "66:steameruption",
    "72:magmastorm",
    "egg:ancientpower",
    "egg:bodyslam",
    "egg:defensecurl",
    "egg:endure",
    "egg:growth",
    "egg:heatwave",
    "egg:heavyslam",
    "egg:howl",
    "egg:ironhead",
    "egg:mudbomb",
    "egg:rollout",
    "egg:scaryface",
    "egg:spitup",
    "egg:stockpile",
    "egg:stomp",
    "egg:swallow",
    "egg:yawn",
    "tm:bodypress",
    "tm:bulldoze",
    "tm:dig",
    "tm:earthquake",
    "tm:explosion",
    "tm:facade",
    "tm:fireblast",
    "tm:flamecharge",
    "tm:flamethrower",
    "tm:flashcannon",
    "tm:heatcrash",
    "tm:hiddenpower",
    "tm:overheat",
    "tm:protect",
    "tm:rest",
    "tm:return",
    "tm:roar",
    "tm:rockpolish",
    "tm:rockslide",
    "tm:rocksmash",
    "tm:rocktomb",
    "tm:sandstorm",
    "tm:scald",
    "tm:scorchingsands",
    "tm:sleeptalk",
    "tm:solarbeam",
    "tm:stealthrock",
    "tm:stoneedge",
    "tm:strength",
    "tm:substitute",
    "tm:sunnyday",
    "tm:toxic",
    "tm:trailblaze",
    "tm:willowisp",
    "tm:temperflare",
    "tutor:afteryou",
    "tutor:bodypress",
    "tutor:bodyslam",
    "tutor:confide",
    "tutor:earthpower",
    "tutor:flareblitz",
    "tutor:focusenergy",
    "tutor:heatcrash",
    "tutor:heatwave",
    "tutor:heavyslam",
    "tutor:highhorsepower",
    "tutor:ironhead",
    "tutor:sandtomb",
    "tutor:scaryface",
    "tutor:snore",
    "tutor:stompingtantrum"
  ],
  "preEvolution": "numel",
  "evolutions": [],
  "forms": [
    {
      "name": "Mega",
      "primaryType": "fire",
      "secondaryType": "ground",
      "maleRatio": 0.5,
      "height": 25,
      "weight": 3205,
      "pokedex": [
        "cobblemon.species.camerupt-mega.desc"
      ],
      "labels": [
        "gen6",
        "mega"
      ],
      "aspects": [
        "mega"
      ],
      "abilities": [
        "sheerforce",
        "h:sheerforce"
      ],
      "baseStats": {
        "hp": 90,
        "attack": 100,
        "defence": 110,
        "special_attack": 145,
        "special_defence": 115,
        "speed": 20
      },
      "baseExperienceYield": 196,
      "dynamaxBlocked": true,
      "evolutions": [],
      "battleOnly": true
    }
  ]
}