{
  "nationalPokedexNumber": 362,
  "name": "Glalie",
  "primaryType": "ice",
  "maleRatio": 0.5,
  "height": 15,
  "weight": 2565,
  "pokedex": [
    "cobblemon.species.glalie.desc"
  ],
  "labels": [
    "gen3"
  ],
  "aspects": [],
  "abilities": [
    "innerfocus",
    "icebody",
    "h:refrigerate"
  ],
  "eggGroups": [
    "fairy",
    "mineral"
  ],
  "baseStats": {
    "hp": 80,
    "attack": 80,
    "defence": 80,
    "special_attack": 80,
    "special_defence": 80,
    "speed": 80
  },
  "evYield": {
    "hp": 2,
    "attack": 0,
    "defence": 0,
    "special_attack": 0,
    "special_defence": 0,
    "speed": 0
  },
  "baseExperienceYield": 168,
  "experienceGroup": "medium_fast",
  "catchRate": 75,
  "eggCycles": 20,
  "baseFriendship": 50,
  "baseScale": 1,
  "hitbox": {
    "width": 1,
    "height": 1,
    "fixed": false
  },
  "drops": {
    "amount": 5,
    "entries": [
      {
        "item": "minecraft:snowball",
        "quantityRange": "0-2"
      },
      {
        "item": "cobblemon:dawn_stone",
        "percentage": 5.0
      },
      {
        "item": "cobblemon:never_melt_ice",
        "percentage": 5.0
      },
      {
        "item": "cobblemon:babiri_berry",
        "percentage": 5.0
      }
    ]
  },
  "moves": [
    "1:freezedry",
    "1:icebeam",
    "1:leer",
    "1:powdersnow",
    "1:quickattack",
    "10:iceshard",
    "14:icywind",
    "19:bite",
    "23:icefang",
    "28:headbutt",
    "32:protect",
    "37:frostbreath",
    "41:crunch",
    "45:fakeout",
    "48:blizzard",
    "54:snowscape",
    "egg:avalanche",
    "egg:bide",
    "egg:block",
    "egg:disable",
    "egg:faketears",
    "egg:hex",
    "egg:iciclecrash",
    "egg:rollout",
    "egg:spikes",
    "egg:switcheroo",
    "egg:weatherball",
    "tm:blizzard",
    "tm:bulldoze",
    "tm:darkpulse",
    "tm:earthquake",
    "tm:explosion",
    "tm:facade",
    "tm:flash",
    "tm:frostbreath",
    "tm:gyroball",
    "tm:snowscape",
    "tm:hiddenpower",
    "tm:hypervoice",
    "tm:icebeam",
    "tm:icespinner",
    "tm:icywind",
    "tm:lightscreen",
    "tm:protect",
    "tm:raindance",
    "tm:rest",
    "tm:return",
    "tm:shadowball",
    "tm:sleeptalk",
    "tm:spikes",
    "tm:steelroller",
    "tm:substitute",
    "tm:taunt",
    "tm:toxic",
    "tm:trailblaze",
    "tutor:block",
    "tutor:bodyslam",
    "tutor:confide",
    "tutor:crunch",
    "tutor:faketears",
    "tutor:hex",
    "tutor:icefang",
    "tutor:iciclespear",
    "tutor:icywind",
    "tutor:ironhead",
    "tutor:laserfocus",
    "tutor:scaryface",
    "tutor:signalbeam",
    "tutor:snore",
    "tutor:spikes",
    "tutor:spite",
    "tutor:superfang",
    "tutor:weatherball"
  ],
  "preEvolution": "snorunt",
  "evolutions": [],
  "forms": [
    {
      "name": "Mega",
      "primaryType": "ice",
      "maleRatio": 0.5,
      "height": 21,
      "weight": 3502,
      "pokedex": [
        "cobblemon.species.glalie-mega.desc"
      ],
      "labels": [
        "gen6",
        "mega"
      ],
      "aspects": [
        "mega"
      ],
      "abilities": [
        "refrigerate",
        "h:refrigerate"
      ],
      "baseStats": {
        "hp": 80,
        "attack": 135,
        "defence": 80,
        "special_attack": 105,
        "special_defence": 80,
        "speed": 100
      },
      "baseExperienceYield": 203,
      "dynamaxBlocked": true,
      "evolutions": [],
      "battleOnly": true
    }
  ]
}