{
  "implemented": true,
  "nationalPokedexNumber": 264,
  "name": "Linoone",
  "primaryType": "normal",
  "maleRatio": 0.5,
  "height": 5,
  "weight": 325,
  "pokedex": [
    "cobblemon.species.linoone.desc"
  ],
  "labels": [
    "gen3",
    "hoennian_form"
  ],
  "aspects": [],
  "abilities": [
    "pickup",
    "gluttony",
    "h:quickfeet"
  ],
  "eggGroups": [
    "field"
  ],
  "baseStats": {
    "hp": 85,
    "attack": 85,
    "defence": 61,
    "special_attack": 50,
    "special_defence": 61,
    "speed": 100
  },
  "evYield": {
    "hp": 0,
    "attack": 0,
    "defence": 0,
    "special_attack": 0,
    "special_defence": 0,
    "speed": 2
  },
  "baseExperienceYield": 147,
  "experienceGroup": "medium_fast",
  "catchRate": 90,
  "eggCycles": 15,
  "baseFriendship": 50,
  "features": [
    "galarian"
  ],
  "baseScale": 1,
  "hitbox": {
    "width": 0.6,
    "height": 0.5,
    "fixed": false
  },
  "behaviour": {
    "moving": {
      "walk": {
        "walkSpeed": 0.31
      }
    },
    "resting": {
      "canSleep": true,
      "light": "0-4"
    }
  },
  "drops": {
    "amount": 1,
    "entries": [
      {
        "item": "cobblemon:oran_berry",
        "percentage": 5.0
      }
    ]
  },
  "moves": [
    "1:growl",
    "1:playrough",
    "1:rototiller",
    "1:switcheroo",
    "1:tackle",
    "1:tailwhip",
    "11:headbutt",
    "13:odorsleuth",
    "17:mudsport",
    "19:furyswipes",
    "24:covet",
    "27:bestow",
    "32:slash",
    "35:doubleedge",
    "40:rest",
    "43:bellydrum",
    "48:fling",
    "egg:charm",
    "egg:extremespeed",
    "egg:helpinghand",
    "egg:mudslap",
    "egg:pursuit",
    "egg:rockclimb",
    "egg:simplebeam",
    "egg:sleeptalk",
    "egg:tickle",
    "egg:trick",
    "tm:blizzard",
    "tm:chargebeam",
    "tm:cut",
    "tm:dig",
    "tm:facade",
    "tm:grassknot",
    "tm:hiddenpower",
    "tm:honeclaws",
    "tm:hypervoice",
    "tm:icebeam",
    "tm:icywind",
    "tm:irontail",
    "tm:protect",
    "tm:raindance",
    "tm:rest",
    "tm:return",
    "tm:roar",
    "tm:rocksmash",
    "tm:shadowball",
    "tm:shadowclaw",
    "tm:sleeptalk",
    "tm:strength",
    "tm:substitute",
    "tm:sunnyday",
    "tm:surf",
    "tm:thief",
    "tm:thunder",
    "tm:thunderbolt",
    "tm:thunderwave",
    "tm:toxic",
    "tm:workup",
    "tutor:bodyslam",
    "tutor:confide",
    "tutor:covet",
    "tutor:gunkshot",
    "tutor:helpinghand",
    "tutor:hypervoice",
    "tutor:icywind",
    "tutor:lastresort",
    "tutor:pinmissile",
    "tutor:playrough",
    "tutor:seedbomb",
    "tutor:snore",
    "tutor:stompingtantrum",
    "tutor:superfang",
    "tutor:tailslap",
    "tutor:throatchop",
    "tutor:trick",
    "tutor:whirlpool"
  ],
  "preEvolution": "zigzagoon",
  "evolutions": [],
  "forms": [
    {
      "name": "Galar",
      "primaryType": "dark",
      "secondaryType": "normal",
      "abilities": [
        "pickup",
        "gluttony",
        "h:quickfeet"
      ],
      "maleRatio": 0.5,
      "height": 5,
      "weight": 325,
      "pokedex": [
        "cobblemon.species.linoone-galar.desc"
      ],
      "labels": [
        "gen8",
        "galarian_form"
      ],
      "aspects": [
        "galarian"
      ],
      "drops": {
        "amount": 1,
        "entries": [
          {
            "item": "cobblemon:chople_berry",
            "percentage": 5.0
          }
        ]
      },
      "moves": [
        "1:babydolleyes",
        "1:leer",
        "1:nightslash",
        "1:pinmissile",
        "1:seedbomb",
        "1:switcheroo",
        "1:tackle",
        "6:lick",
        "9:snarl",
        "12:headbutt",
        "15:honeclaws",
        "18:furyswipes",
        "23:rest",
        "26:partingshot",
        "28:return",
        "33:scaryface",
        "38:counter",
        "43:taunt",
        "48:doubleedge",
        "egg:knockoff",
        "egg:partingshot",
        "egg:pursuit",
        "egg:quickguard",
        "tm:blizzard",
        "tm:bodypress",
        "tm:dig",
        "tm:facade",
        "tm:grassknot",
        "tm:hiddenpower",
        "tm:hypervoice",
        "tm:icebeam",
        "tm:icywind",
        "tm:irontail",
        "tm:protect",
        "tm:raindance",
        "tm:rest",
        "tm:return",
        "tm:shadowball",
        "tm:shadowclaw",
        "tm:sleeptalk",
        "tm:snarl",
        "tm:substitute",
        "tm:sunnyday",
        "tm:surf",
        "tm:taunt",
        "tm:thief",
        "tm:thunder",
        "tm:thunderbolt",
        "tm:thunderwave",
        "tm:toxic",
        "tm:workup",
        "tutor:bodypress",
        "tutor:bodyslam",
        "tutor:confide",
        "tutor:covet",
        "tutor:faketears",
        "tutor:gunkshot",
        "tutor:helpinghand",
        "tutor:hypervoice",
        "tutor:icywind",
        "tutor:lastresort",
        "tutor:pinmissile",
        "tutor:scaryface",
        "tutor:screech",
        "tutor:seedbomb",
        "tutor:snore",
        "tutor:stompingtantrum",
        "tutor:superfang",
        "tutor:throatchop",
        "tutor:trick",
        "tutor:whirlpool"
      ],
      "preEvolution": "zigzagoon galarian",
      "evolutions": [
        {
          "id": "linoone_obstagoon",
          "variant": "level_up",
          "result": "obstagoon",
          "consumeHeldItem": false,
          "learnableMoves": [
            "obstruct"
          ],
          "requirements": [
            {
              "variant": "level",
              "minLevel": 35
            },
            {
              "variant": "time_range",
              "range": "night"
            }
          ]
        }
      ],
      "battleOnly": false
    }
  ]
}