{
  "implemented": true,
  "nationalPokedexNumber": 254,
  "name": "Sceptile",
  "primaryType": "grass",
  "secondaryType": "dragon",
  "maleRatio": 0.875,
  "height": 17,
  "weight": 522,
  "pokedex": [
    "cobblemon.species.sceptile.desc"
  ],
  "labels": [
    "gen3"
  ],
  "aspects": [],
  "abilities": [
    "overgrow",
    "h:unburden"
  ],
  "eggGroups": [
    "monster",
    "dragon"
  ],
  "baseStats": {
    "hp": 70,
    "attack": 105,
    "defence": 65,
    "special_attack": 85,
    "special_defence": 85,
    "speed": 120
  },
  "evYield": {
    "hp": 0,
    "attack": 0,
    "defence": 0,
    "special_attack": 0,
    "special_defence": 0,
    "speed": 3
  },
  "baseExperienceYield": 265,
  "experienceGroup": "medium_slow",
  "catchRate": 45,
  "eggCycles": 20,
  "baseFriendship": 50,
  "baseScale": 1.1,
  "hitbox": {
    "width": 1,
    "height": 2.2,
    "fixed": false
  },
  "behaviour": {
    "resting": {
      "canSleep": true,
      "light": "0-4"
    }
  },
  "drops": {
    "amount": 4,
    "entries": [
      {
        "item": "minecraft:stick",
        "quantityRange": "0-3"
      },
      {
        "item": "cobblemon:miracle_seed",
        "percentage": 25.0
      }
    ]
  },
  "moves": [
    "1:absorb",
    "1:breakingswipe",
    "1:dualchop",
    "1:falseswipe",
    "1:furycutter",
    "1:leafstorm",
    "1:leer",
    "1:nightslash",
    "1:pound",
    "1:quickattack",
    "13:megadrain",
    "18:pursuit",
    "23:seismictoss",
    "28:leafblade",
    "30:agility",
    "33:slam",
    "37:gigadrain",
    "39:detect",
    "45:xscissor",
    "57:quickguard",
    "63:screech",
    "70:scaleshot",
    "85:shedtail",
    "egg:bulletseed",
    "egg:crunch",
    "egg:crushclaw",
    "egg:doublekick",
    "egg:dragonbreath",
    "egg:endeavor",
    "egg:grasswhistle",
    "egg:grassyterrain",
    "egg:leafstorm",
    "egg:leechseed",
    "egg:magicalleaf",
    "egg:mudsport",
    "egg:naturalgift",
    "egg:razorwind",
    "egg:synthesis",
    "egg:worryseed",
    "tm:acrobatics",
    "tm:aerialace",
    "tm:brickbreak",
    "tm:bulldoze",
    "tm:bulletseed",
    "tm:cut",
    "tm:dig",
    "tm:dracobarrage",
    "tm:dragonclaw",
    "tm:dragondance",
    "tm:dragonpulse",
    "tm:drainpunch",
    "tm:dualchop",
    "tm:earthquake",
    "tm:energyball",
    "tm:facade",
    "tm:flash",
    "tm:focusblast",
    "tm:aurasphere",
    "tm:focuspunch",
    "tm:gigadrain",
    "tm:grassknot",
    "tm:grassyglide",
    "tm:hiddenpower",
    "tm:honeclaws",
    "tm:irontail",
    "tm:lowkick",
    "tm:lowsweep",
    "tm:poweruppunch",
    "tm:protect",
    "tm:rest",
    "tm:return",
    "tm:roar",
    "tm:rockclimb",
    "tm:rockslide",
    "tm:rocksmash",
    "tm:rocktomb",
    "tm:scaleshot",
    "tm:sleeptalk",
    "tm:solarbeam",
    "tm:solarblade",
    "tm:strength",
    "tm:substitute",
    "tm:sunnyday",
    "tm:swordsdance",
    "tm:toxic",
    "tm:workup",
    "tm:xscissor",
    "tm:vacuumwave",
    "tutor:agility",
    "tutor:bodyslam",
    "tutor:breakingswipe",
    "tutor:confide",
    "tutor:crosspoison",
    "tutor:crunch",
    "tutor:dracometeor",
    "tutor:dragondance",
    "tutor:dualchop",
    "tutor:endeavor",
    "tutor:frenzyplant",
    "tutor:grasspledge",
    "tutor:grassyterrain",
    "tutor:laserfocus",
    "tutor:leafblade",
    "tutor:leafstorm",
    "tutor:lowkick",
    "tutor:outrage",
    "tutor:screech",
    "tutor:seedbomb",
    "tutor:snore",
    "tutor:solarblade",
    "tutor:synthesis",
    "tutor:throatchop",
    "tutor:thunderpunch",
    "tutor:worryseed"
  ],
  "preEvolution": "grovyle",
  "evolutions": [],
  "forms": [
    {
      "name": "Mega",
      "primaryType": "grass",
      "secondaryType": "dragon",
      "maleRatio": 0.875,
      "height": 19,
      "weight": 552,
      "pokedex": [
        "cobblemon.species.sceptile-mega.desc"
      ],
      "labels": [
        "gen6",
        "mega"
      ],
      "aspects": [
        "mega"
      ],
      "abilities": [
        "technician",
        "h:technician"
      ],
      "baseStats": {
        "hp": 70,
        "attack": 135,
        "defence": 75,
        "special_attack": 110,
        "special_defence": 85,
        "speed": 145
      },
      "baseExperienceYield": 315,
      "dynamaxBlocked": true,
      "evolutions": [],
      "battleOnly": true
    }
  ]
}