{
  "implemented": true,
  "nationalPokedexNumber": 263,
  "name": "Zigzagoon",
  "primaryType": "normal",
  "maleRatio": 0.5,
  "height": 4,
  "weight": 175,
  "pokedex": [
    "cobblemon.species.zigzagoon.desc"
  ],
  "labels": [
    "gen3",
    "hoennian_form"
  ],
  "aspects": [],
  "abilities": [
    "pickup",
    "gluttony",
    "h:quickfeet"
  ],
  "eggGroups": [
    "field"
  ],
  "baseStats": {
    "hp": 38,
    "attack": 30,
    "defence": 41,
    "special_attack": 30,
    "special_defence": 41,
    "speed": 60
  },
  "evYield": {
    "hp": 0,
    "attack": 0,
    "defence": 0,
    "special_attack": 0,
    "special_defence": 0,
    "speed": 1
  },
  "baseExperienceYield": 56,
  "experienceGroup": "medium_fast",
  "catchRate": 255,
  "eggCycles": 15,
  "baseFriendship": 50,
  "features": [
    "galarian"
  ],
  "shoulderMountable": true,
  "baseScale": 0.8,
  "hitbox": {
    "width": 0.6,
    "height": 0.4,
    "fixed": false
  },
  "behaviour": {
    "resting": {
      "canSleep": true,
      "willSleepOnBed": true,
      "light": "0-4"
    }
  },
  "drops": {
    "amount": 1,
    "entries": [
      {
        "item": "cobblemon:oran_berry",
        "percentage": 2.5
      }
    ]
  },
  "moves": [
    "1:growl",
    "1:tackle",
    "5:tailwhip",
    "11:headbutt",
    "12:babydolleyes",
    "13:odorsleuth",
    "17:mudsport",
    "19:pinmissile",
    "23:covet",
    "25:bestow",
    "29:flail",
    "31:takedown",
    "35:rest",
    "37:bellydrum",
    "41:fling",
    "egg:charm",
    "egg:extremespeed",
    "egg:helpinghand",
    "egg:mudslap",
    "egg:pursuit",
    "egg:rockclimb",
    "egg:simplebeam",
    "egg:sleeptalk",
    "egg:tickle",
    "egg:trick",
    "tm:blizzard",
    "tm:chargebeam",
    "tm:cut",
    "tm:dig",
    "tm:facade",
    "tm:grassknot",
    "tm:hiddenpower",
    "tm:honeclaws",
    "tm:hypervoice",
    "tm:icebeam",
    "tm:icywind",
    "tm:irontail",
    "tm:protect",
    "tm:raindance",
    "tm:rest",
    "tm:return",
    "tm:rocksmash",
    "tm:shadowball",
    "tm:sleeptalk",
    "tm:substitute",
    "tm:sunnyday",
    "tm:surf",
    "tm:thief",
    "tm:thunder",
    "tm:thunderbolt",
    "tm:thunderwave",
    "tm:toxic",
    "tm:workup",
    "tutor:bodyslam",
    "tutor:confide",
    "tutor:covet",
    "tutor:gunkshot",
    "tutor:helpinghand",
    "tutor:hypervoice",
    "tutor:icywind",
    "tutor:lastresort",
    "tutor:pinmissile",
    "tutor:seedbomb",
    "tutor:snore",
    "tutor:superfang",
    "tutor:tailslap",
    "tutor:trick",
    "tutor:whirlpool"
  ],
  "evolutions": [
    {
      "id": "zigzagoon_linoone",
      "variant": "level_up",
      "result": "linoone",
      "consumeHeldItem": false,
      "learnableMoves": [
        "slash"
      ],
      "requirements": [
        {
          "variant": "level",
          "minLevel": 20
        }
      ]
    }
  ],
  "forms": [
    {
      "name": "Galar",
      "primaryType": "dark",
      "secondaryType": "normal",
      "maleRatio": 0.5,
      "height": 4,
      "weight": 175,
      "pokedex": [
        "cobblemon.species.zigzagoon-galar.desc"
      ],
      "labels": [
        "gen8",
        "galarian_form"
      ],
      "aspects": [
        "galarian"
      ],
      "drops": {
        "amount": 1,
        "entries": [
          {
            "item": "cobblemon:chople_berry",
            "percentage": 2.5
          }
        ]
      },
      "moves": [
        "1:leer",
        "1:tackle",
        "6:lick",
        "9:snarl",
        "11:headbutt",
        "12:babydolleyes",
        "18:pinmissile",
        "21:rest",
        "23:return",
        "27:scaryface",
        "30:counter",
        "33:taunt",
        "36:doubleedge",
        "egg:knockoff",
        "egg:partingshot",
        "egg:pursuit",
        "egg:quickguard",
        "tm:blizzard",
        "tm:dig",
        "tm:facade",
        "tm:grassknot",
        "tm:hiddenpower",
        "tm:hypervoice",
        "tm:icebeam",
        "tm:icywind",
        "tm:irontail",
        "tm:protect",
        "tm:raindance",
        "tm:rest",
        "tm:return",
        "tm:shadowball",
        "tm:sleeptalk",
        "tm:snarl",
        "tm:substitute",
        "tm:sunnyday",
        "tm:surf",
        "tm:taunt",
        "tm:thief",
        "tm:thunder",
        "tm:thunderbolt",
        "tm:thunderwave",
        "tm:toxic",
        "tm:workup",
        "tutor:bodyslam",
        "tutor:confide",
        "tutor:covet",
        "tutor:faketears",
        "tutor:gunkshot",
        "tutor:helpinghand",
        "tutor:hypervoice",
        "tutor:icywind",
        "tutor:lastresort",
        "tutor:pinmissile",
        "tutor:scaryface",
        "tutor:screech",
        "tutor:seedbomb",
        "tutor:snore",
        "tutor:superfang",
        "tutor:trick",
        "tutor:whirlpool"
      ],
      "evolutions": [
        {
          "id": "zigzagoon_linoonegalar",
          "variant": "level_up",
          "result": "linoone galarian",
          "consumeHeldItem": false,
          "learnableMoves": [
            "nightslash"
          ],
          "requirements": [
            {
              "variant": "level",
              "minLevel": 20
            }
          ]
        }
      ],
      "battleOnly": false
    }
  ]
}