{
  "type": "minecraft:archaeology",
  "pools": [
    {
      "bonus_rolls": 0.0,
      "entries": [
        {
          "type": "minecraft:item",
          "name": "minecraft:copper_ingot",
          "weight": 10
        },
        {
          "type": "minecraft:item",
          "name": "minecraft:iron_ingot",
          "weight": 5
        },
        {
          "type": "minecraft:item",
          "name": "minecraft:gold_ingot",
          "weight": 1
        },
        {
          "type": "minecraft:item",
          "name": "cobblemon:relic_coin",
          "weight": 25
        },
        {
          "type": "minecraft:item",
          "name": "cobblemon:poison_barb",
          "weight": 2
        },
        {
          "type": "minecraft:item",
          "name": "cobblemon:dome_sherd",
          "weight": 1
        },
        {
          "type": "minecraft:item",
          "name": "cobblemon:poison_gem",
          "weight": 5
        },
        {
          "type": "minecraft:item",
          "name": "cobblemon:water_gem",
          "weight": 5
        },
        {
          "type": "minecraft:item",
          "name": "mega_showdown:rusted_shield",
          "weight": 1
        },
        {
          "type": "minecraft:item",
          "name": "mega_showdown:zygarde_cell",
          "weight": 2
        }
      ],
      "rolls": 1.0
    }
  ],
  "random_sequence": "cobblemon:ruins/common/mossy_oubliette_ruins"
}
