{
    "enabled": true,
    "neededInstalledMods": [],
    "neededUninstalledMods": [],
    "spawns": [
        {
            "id": "morpeko-1",
            "pokemon": "morpeko",
            "presets": [
               "natural"
           ],
            "type": "pokemon",
            "context": "grounded",
            "bucket": "uncommon",
            "level": "15-32",
            "weight": 4.1,
            "condition": {
                "biomes": [
                    "#cobblemon:is_spooky",
                    "#cobblemon:is_magical"
                ]
            }
        }
    ]
}