{
    "enabled": true,
    "neededInstalledMods": [],
    "neededUninstalledMods": [],
    "spawns": [
        {
            "id": "bisharp-1",
            "pokemon": "bisharp",
            "presets": [
                "natural"
            ],
            "type": "pokemon",
            "context": "grounded",
            "bucket": "rare",
            "level": "38-65",
            "weight": 4.0,
            "condition": {
                "biomes": [
                    "#cobblemon:is_bamboo"
                ]
            },
            "weightMultipliers": [
                {
                    "multiplier": 3,
                    "condition": {
                        "timeRange": "night"
                    }
                }
            ]
        }
    ]
 }