{
    "enabled": true,
    "neededInstalledMods": [],
    "neededUninstalledMods": [],
    "spawns": [
        {
            "id": "fezandipti-1",
            "pokemon": "fezandipti",
            "type": "pokemon",
            "context": "grounded",
            "bucket": "ultra-rare",
            "level": "70",
            "weight": 3.25,
            "condition": {
                "canSeeSky": true,
                "biomes": [
                    "#cobblemon:is_peak"
                ]
            }
        }
    ]
}