{
  "species": "cobblemon:gyarados",
  "order": 2,
  "variations": [
    {
      "aspects": ["gyarados-eye-color-purple"],
      "texture": "cobblemon:textures/pokemon/0130_gyarados/gyarados_purple.png",
      "layers": [
        {
          "name": "purple_eyes",
          "texture": "cobblemon:textures/pokemon/0130_gyarados/gyarados_eyes_purple.png"
        }
      ]
    },
    {
      "aspects": ["magikarp-jump-apricot-stripes", "gyarados-eye-color-purple"],
      "texture": "cobblemon:textures/pokemon/0130_gyarados/magikarp_jump/gyarados_apricot_stripes_purple.png"
    },
    {
      "aspects": ["magikarp-jump-apricot-tiger", "gyarados-eye-color-purple"],
      "texture": "cobblemon:textures/pokemon/0130_gyarados/magikarp_jump/gyarados_apricot_tiger_purple.png"
    },
    {
      "aspects": ["magikarp-jump-apricot-zebra", "gyarados-eye-color-purple"],
      "texture": "cobblemon:textures/pokemon/0130_gyarados/magikarp_jump/gyarados_apricot_zebra_purple.png"
    },
    {
      "aspects": ["magikarp-jump-black-forehead", "gyarados-eye-color-purple"],
      "texture": "cobblemon:textures/pokemon/0130_gyarados/magikarp_jump/gyarados_black_forehead_purple.png"
    },
    {
      "aspects": ["magikarp-jump-black-mask", "gyarados-eye-color-purple"],
      "texture": "cobblemon:textures/pokemon/0130_gyarados/magikarp_jump/gyarados_black_mask_purple.png"
    },
    {
      "aspects": ["magikarp-jump-blue-raindrops", "gyarados-eye-color-purple"],
      "texture": "cobblemon:textures/pokemon/0130_gyarados/magikarp_jump/gyarados_blue_raindrops_purple.png"
    },
    {
      "aspects": ["magikarp-jump-blue-saucy", "gyarados-eye-color-purple"],
      "texture": "cobblemon:textures/pokemon/0130_gyarados/magikarp_jump/gyarados_blue_saucy_purple.png"
    },
    {
      "aspects": ["magikarp-jump-brown-stripes", "gyarados-eye-color-purple"],
      "texture": "cobblemon:textures/pokemon/0130_gyarados/magikarp_jump/gyarados_brown_stripes_purple.png"
    },
    {
      "aspects": ["magikarp-jump-brown-tiger", "gyarados-eye-color-purple"],
      "texture": "cobblemon:textures/pokemon/0130_gyarados/magikarp_jump/gyarados_brown_tiger_purple.png"
    },
    {
      "aspects": ["magikarp-jump-brown-zebra", "gyarados-eye-color-purple"],
      "texture": "cobblemon:textures/pokemon/0130_gyarados/magikarp_jump/gyarados_brown_zebra_purple.png"
    },
    {
      "aspects": ["magikarp-jump-calico-orange-gold", "gyarados-eye-color-purple"],
      "texture": "cobblemon:textures/pokemon/0130_gyarados/magikarp_jump/gyarados_calico_orange_gold_purple.png"
    },
    {
      "aspects": ["magikarp-jump-calico-orange-white", "gyarados-eye-color-purple"],
      "texture": "cobblemon:textures/pokemon/0130_gyarados/magikarp_jump/gyarados_calico_orange_white_purple.png"
    },
    {
      "aspects": ["magikarp-jump-calico-orange-white-black", "gyarados-eye-color-purple"],
      "texture": "cobblemon:textures/pokemon/0130_gyarados/magikarp_jump/gyarados_calico_orange_white_black_purple.png"
    },
    {
      "aspects": ["magikarp-jump-calico-white-orange", "gyarados-eye-color-purple"],
      "texture": "cobblemon:textures/pokemon/0130_gyarados/magikarp_jump/gyarados_calico_white_orange_purple.png"
    },
    {
      "aspects": ["magikarp-jump-gray-bubbles", "gyarados-eye-color-purple"],
      "texture": "cobblemon:textures/pokemon/0130_gyarados/magikarp_jump/gyarados_gray_bubbles_purple.png"
    },
    {
      "aspects": ["magikarp-jump-gray-diamonds", "gyarados-eye-color-purple"],
      "texture": "cobblemon:textures/pokemon/0130_gyarados/magikarp_jump/gyarados_gray_diamonds_purple.png"
    },
    {
      "aspects": ["magikarp-jump-gray-patches", "gyarados-eye-color-purple"],
      "texture": "cobblemon:textures/pokemon/0130_gyarados/magikarp_jump/gyarados_gray_patches_purple.png"
    },
    {
      "aspects": ["magikarp-jump-orange-dapples", "gyarados-eye-color-purple"],
      "texture": "cobblemon:textures/pokemon/0130_gyarados/magikarp_jump/gyarados_orange_dapples_purple.png"
    },
    {
      "aspects": ["magikarp-jump-orange-forehead", "gyarados-eye-color-purple"],
      "texture": "cobblemon:textures/pokemon/0130_gyarados/magikarp_jump/gyarados_orange_forehead_purple.png"
    },
    {
      "aspects": ["magikarp-jump-orange-mask", "gyarados-eye-color-purple"],
      "texture": "cobblemon:textures/pokemon/0130_gyarados/magikarp_jump/gyarados_orange_mask_purple.png"
    },
    {
      "aspects": ["magikarp-jump-orange-orca", "gyarados-eye-color-purple"],
      "texture": "cobblemon:textures/pokemon/0130_gyarados/magikarp_jump/gyarados_orange_orca_purple.png"
    },
    {
      "aspects": ["magikarp-jump-orange-two-tone", "gyarados-eye-color-purple"],
      "texture": "cobblemon:textures/pokemon/0130_gyarados/magikarp_jump/gyarados_orange_two_tone_purple.png"
    },
    {
      "aspects": ["magikarp-jump-pink-dapples", "gyarados-eye-color-purple"],
      "texture": "cobblemon:textures/pokemon/0130_gyarados/magikarp_jump/gyarados_pink_dapples_purple.png"
    },
    {
      "aspects": ["magikarp-jump-pink-orca", "gyarados-eye-color-purple"],
      "texture": "cobblemon:textures/pokemon/0130_gyarados/magikarp_jump/gyarados_pink_orca_purple.png"
    },
    {
      "aspects": ["magikarp-jump-pink-two-tone", "gyarados-eye-color-purple"],
      "texture": "cobblemon:textures/pokemon/0130_gyarados/magikarp_jump/gyarados_pink_two_tone_purple.png"
    },
    {
      "aspects": ["magikarp-jump-purple-bubbles", "gyarados-eye-color-purple"],
      "texture": "cobblemon:textures/pokemon/0130_gyarados/magikarp_jump/gyarados_purple_bubbles_purple.png"
    },
    {
      "aspects": ["magikarp-jump-purple-diamonds", "gyarados-eye-color-purple"],
      "texture": "cobblemon:textures/pokemon/0130_gyarados/magikarp_jump/gyarados_purple_diamonds_purple.png"
    },
    {
      "aspects": ["magikarp-jump-purple-patches", "gyarados-eye-color-purple"],
      "texture": "cobblemon:textures/pokemon/0130_gyarados/magikarp_jump/gyarados_purple_patches_purple.png"
    },
    {
      "aspects": ["magikarp-jump-skelly", "gyarados-eye-color-purple"],
      "texture": "cobblemon:textures/pokemon/0130_gyarados/magikarp_jump/gyarados_skelly_purple.png"
    },
    {
      "aspects": ["magikarp-jump-violet-raindrops", "gyarados-eye-color-purple"],
      "texture": "cobblemon:textures/pokemon/0130_gyarados/magikarp_jump/gyarados_violet_raindrops_purple.png"
    },
    {
      "aspects": ["magikarp-jump-violet-saucy", "gyarados-eye-color-purple"],
      "texture": "cobblemon:textures/pokemon/0130_gyarados/magikarp_jump/gyarados_violet_saucy_purple.png"
    },
    {
      "aspects": ["female", "gyarados-eye-color-purple"],
      "texture": "cobblemon:textures/pokemon/0130_gyarados/gyarados_female_purple.png"
    },
    {
      "aspects": ["magikarp-jump-apricot-stripes", "gyarados-eye-color-purple", "female"],
      "texture": "cobblemon:textures/pokemon/0130_gyarados/magikarp_jump/gyarados_apricot_stripes_female_purple.png"
    },
    {
      "aspects": ["magikarp-jump-apricot-tiger", "gyarados-eye-color-purple", "female"],
      "texture": "cobblemon:textures/pokemon/0130_gyarados/magikarp_jump/gyarados_apricot_tiger_female_purple.png"
    },
    {
      "aspects": ["magikarp-jump-apricot-zebra", "gyarados-eye-color-purple", "female"],
      "texture": "cobblemon:textures/pokemon/0130_gyarados/magikarp_jump/gyarados_apricot_zebra_female_purple.png"
    },
    {
      "aspects": ["magikarp-jump-black-forehead", "gyarados-eye-color-purple", "female"],
      "texture": "cobblemon:textures/pokemon/0130_gyarados/magikarp_jump/gyarados_black_forehead_female_purple.png"
    },
    {
      "aspects": ["magikarp-jump-black-mask", "gyarados-eye-color-purple", "female"],
      "texture": "cobblemon:textures/pokemon/0130_gyarados/magikarp_jump/gyarados_black_mask_female_purple.png"
    },
    {
      "aspects": ["magikarp-jump-blue-raindrops", "gyarados-eye-color-purple", "female"],
      "texture": "cobblemon:textures/pokemon/0130_gyarados/magikarp_jump/gyarados_blue_raindrops_female_purple.png"
    },
    {
      "aspects": ["magikarp-jump-blue-saucy", "gyarados-eye-color-purple", "female"],
      "texture": "cobblemon:textures/pokemon/0130_gyarados/magikarp_jump/gyarados_blue_saucy_female_purple.png"
    },
    {
      "aspects": ["magikarp-jump-brown-stripes", "gyarados-eye-color-purple", "female"],
      "texture": "cobblemon:textures/pokemon/0130_gyarados/magikarp_jump/gyarados_brown_stripes_female_purple.png"
    },
    {
      "aspects": ["magikarp-jump-brown-tiger", "gyarados-eye-color-purple", "female"],
      "texture": "cobblemon:textures/pokemon/0130_gyarados/magikarp_jump/gyarados_brown_tiger_female_purple.png"
    },
    {
      "aspects": ["magikarp-jump-brown-zebra", "gyarados-eye-color-purple", "female"],
      "texture": "cobblemon:textures/pokemon/0130_gyarados/magikarp_jump/gyarados_brown_zebra_female_purple.png"
    },
    {
      "aspects": ["magikarp-jump-calico-orange-gold", "gyarados-eye-color-purple", "female"],
      "texture": "cobblemon:textures/pokemon/0130_gyarados/magikarp_jump/gyarados_calico_orange_gold_female_purple.png"
    },
    {
      "aspects": ["magikarp-jump-calico-orange-white", "gyarados-eye-color-purple", "female"],
      "texture": "cobblemon:textures/pokemon/0130_gyarados/magikarp_jump/gyarados_calico_orange_white_female_purple.png"
    },
    {
      "aspects": ["magikarp-jump-calico-orange-white-black", "gyarados-eye-color-purple", "female"],
      "texture": "cobblemon:textures/pokemon/0130_gyarados/magikarp_jump/gyarados_calico_orange_white_black_female_purple.png"
    },
    {
      "aspects": ["magikarp-jump-calico-white-orange", "gyarados-eye-color-purple", "female"],
      "texture": "cobblemon:textures/pokemon/0130_gyarados/magikarp_jump/gyarados_calico_white_orange_female_purple.png"
    },
    {
      "aspects": ["magikarp-jump-gray-bubbles", "gyarados-eye-color-purple", "female"],
      "texture": "cobblemon:textures/pokemon/0130_gyarados/magikarp_jump/gyarados_gray_bubbles_female_purple.png"
    },
    {
      "aspects": ["magikarp-jump-gray-diamonds", "gyarados-eye-color-purple", "female"],
      "texture": "cobblemon:textures/pokemon/0130_gyarados/magikarp_jump/gyarados_gray_diamonds_female_purple.png"
    },
    {
      "aspects": ["magikarp-jump-gray-patches", "gyarados-eye-color-purple", "female"],
      "texture": "cobblemon:textures/pokemon/0130_gyarados/magikarp_jump/gyarados_gray_patches_female_purple.png"
    },
    {
      "aspects": ["magikarp-jump-orange-dapples", "gyarados-eye-color-purple", "female"],
      "texture": "cobblemon:textures/pokemon/0130_gyarados/magikarp_jump/gyarados_orange_dapples_female_purple.png"
    },
    {
      "aspects": ["magikarp-jump-orange-forehead", "gyarados-eye-color-purple", "female"],
      "texture": "cobblemon:textures/pokemon/0130_gyarados/magikarp_jump/gyarados_orange_forehead_female_purple.png"
    },
    {
      "aspects": ["magikarp-jump-orange-mask", "gyarados-eye-color-purple", "female"],
      "texture": "cobblemon:textures/pokemon/0130_gyarados/magikarp_jump/gyarados_orange_mask_female_purple.png"
    },
    {
      "aspects": ["magikarp-jump-orange-orca", "gyarados-eye-color-purple", "female"],
      "texture": "cobblemon:textures/pokemon/0130_gyarados/magikarp_jump/gyarados_orange_orca_female_purple.png"
    },
    {
      "aspects": ["magikarp-jump-orange-two-tone", "gyarados-eye-color-purple", "female"],
      "texture": "cobblemon:textures/pokemon/0130_gyarados/magikarp_jump/gyarados_orange_two_tone_female_purple.png"
    },
    {
      "aspects": ["magikarp-jump-pink-dapples", "gyarados-eye-color-purple", "female"],
      "texture": "cobblemon:textures/pokemon/0130_gyarados/magikarp_jump/gyarados_pink_dapples_female_purple.png"
    },
    {
      "aspects": ["magikarp-jump-pink-orca", "gyarados-eye-color-purple", "female"],
      "texture": "cobblemon:textures/pokemon/0130_gyarados/magikarp_jump/gyarados_pink_orca_female_purple.png"
    },
    {
      "aspects": ["magikarp-jump-pink-two-tone", "gyarados-eye-color-purple", "female"],
      "texture": "cobblemon:textures/pokemon/0130_gyarados/magikarp_jump/gyarados_pink_two_tone_female_purple.png"
    },
    {
      "aspects": ["magikarp-jump-purple-bubbles", "gyarados-eye-color-purple", "female"],
      "texture": "cobblemon:textures/pokemon/0130_gyarados/magikarp_jump/gyarados_purple_bubbles_female_purple.png"
    },
    {
      "aspects": ["magikarp-jump-purple-diamonds", "gyarados-eye-color-purple", "female"],
      "texture": "cobblemon:textures/pokemon/0130_gyarados/magikarp_jump/gyarados_purple_diamonds_female_purple.png"
    },
    {
      "aspects": ["magikarp-jump-purple-patches", "gyarados-eye-color-purple", "female"],
      "texture": "cobblemon:textures/pokemon/0130_gyarados/magikarp_jump/gyarados_purple_patches_female_purple.png"
    },
    {
      "aspects": ["magikarp-jump-skelly", "gyarados-eye-color-purple", "female"],
      "texture": "cobblemon:textures/pokemon/0130_gyarados/magikarp_jump/gyarados_skelly_female_purple.png"
    },
    {
      "aspects": ["magikarp-jump-violet-raindrops", "gyarados-eye-color-purple", "female"],
      "texture": "cobblemon:textures/pokemon/0130_gyarados/magikarp_jump/gyarados_violet_raindrops_female_purple.png"
    },
    {
      "aspects": ["magikarp-jump-violet-saucy", "gyarados-eye-color-purple", "female"],
      "texture": "cobblemon:textures/pokemon/0130_gyarados/magikarp_jump/gyarados_violet_saucy_female_purple.png"
    },
    {
      "aspects": ["gyarados-eye-color-purple", "shiny"],
      "texture": "cobblemon:textures/pokemon/0130_gyarados/gyarados_purple_shiny.png"
    },
    {
      "aspects": ["magikarp-jump-apricot-stripes", "gyarados-eye-color-purple", "shiny"],
      "texture": "cobblemon:textures/pokemon/0130_gyarados/magikarp_jump/gyarados_apricot_stripes_purple_shiny.png"
    },
    {
      "aspects": ["magikarp-jump-apricot-tiger", "gyarados-eye-color-purple", "shiny"],
      "texture": "cobblemon:textures/pokemon/0130_gyarados/magikarp_jump/gyarados_apricot_tiger_purple_shiny.png"
    },
    {
      "aspects": ["magikarp-jump-apricot-zebra", "gyarados-eye-color-purple", "shiny"],
      "texture": "cobblemon:textures/pokemon/0130_gyarados/magikarp_jump/gyarados_apricot_zebra_purple_shiny.png"
    },
    {
      "aspects": ["magikarp-jump-black-forehead", "gyarados-eye-color-purple", "shiny"],
      "texture": "cobblemon:textures/pokemon/0130_gyarados/magikarp_jump/gyarados_black_forehead_purple_shiny.png"
    },
    {
      "aspects": ["magikarp-jump-black-mask", "gyarados-eye-color-purple", "shiny"],
      "texture": "cobblemon:textures/pokemon/0130_gyarados/magikarp_jump/gyarados_black_mask_purple_shiny.png"
    },
    {
      "aspects": ["magikarp-jump-blue-raindrops", "gyarados-eye-color-purple", "shiny"],
      "texture": "cobblemon:textures/pokemon/0130_gyarados/magikarp_jump/gyarados_blue_raindrops_purple_shiny.png"
    },
    {
      "aspects": ["magikarp-jump-blue-saucy", "gyarados-eye-color-purple", "shiny"],
      "texture": "cobblemon:textures/pokemon/0130_gyarados/magikarp_jump/gyarados_blue_saucy_purple_shiny.png"
    },
    {
      "aspects": ["magikarp-jump-brown-stripes", "gyarados-eye-color-purple", "shiny"],
      "texture": "cobblemon:textures/pokemon/0130_gyarados/magikarp_jump/gyarados_brown_stripes_purple_shiny.png"
    },
    {
      "aspects": ["magikarp-jump-brown-tiger", "gyarados-eye-color-purple", "shiny"],
      "texture": "cobblemon:textures/pokemon/0130_gyarados/magikarp_jump/gyarados_brown_tiger_purple_shiny.png"
    },
    {
      "aspects": ["magikarp-jump-brown-zebra", "gyarados-eye-color-purple", "shiny"],
      "texture": "cobblemon:textures/pokemon/0130_gyarados/magikarp_jump/gyarados_brown_zebra_purple_shiny.png"
    },
    {
      "aspects": ["magikarp-jump-calico-orange-gold", "gyarados-eye-color-purple", "shiny"],
      "texture": "cobblemon:textures/pokemon/0130_gyarados/magikarp_jump/gyarados_calico_orange_gold_purple_shiny.png"
    },
    {
      "aspects": ["magikarp-jump-calico-orange-white", "gyarados-eye-color-purple", "shiny"],
      "texture": "cobblemon:textures/pokemon/0130_gyarados/magikarp_jump/gyarados_calico_orange_white_purple_shiny.png"
    },
    {
      "aspects": ["magikarp-jump-calico-orange-white-black", "gyarados-eye-color-purple", "shiny"],
      "texture": "cobblemon:textures/pokemon/0130_gyarados/magikarp_jump/gyarados_calico_orange_white_black_purple_shiny.png"
    },
    {
      "aspects": ["magikarp-jump-calico-white-orange", "gyarados-eye-color-purple", "shiny"],
      "texture": "cobblemon:textures/pokemon/0130_gyarados/magikarp_jump/gyarados_calico_white_orange_purple_shiny.png"
    },
    {
      "aspects": ["magikarp-jump-gray-bubbles", "gyarados-eye-color-purple", "shiny"],
      "texture": "cobblemon:textures/pokemon/0130_gyarados/magikarp_jump/gyarados_gray_bubbles_purple_shiny.png"
    },
    {
      "aspects": ["magikarp-jump-gray-diamonds", "gyarados-eye-color-purple", "shiny"],
      "texture": "cobblemon:textures/pokemon/0130_gyarados/magikarp_jump/gyarados_gray_diamonds_purple_shiny.png"
    },
    {
      "aspects": ["magikarp-jump-gray-patches", "gyarados-eye-color-purple", "shiny"],
      "texture": "cobblemon:textures/pokemon/0130_gyarados/magikarp_jump/gyarados_gray_patches_purple_shiny.png"
    },
    {
      "aspects": ["magikarp-jump-orange-dapples", "gyarados-eye-color-purple", "shiny"],
      "texture": "cobblemon:textures/pokemon/0130_gyarados/magikarp_jump/gyarados_orange_dapples_purple_shiny.png"
    },
    {
      "aspects": ["magikarp-jump-orange-forehead", "gyarados-eye-color-purple", "shiny"],
      "texture": "cobblemon:textures/pokemon/0130_gyarados/magikarp_jump/gyarados_orange_forehead_purple_shiny.png"
    },
    {
      "aspects": ["magikarp-jump-orange-mask", "gyarados-eye-color-purple", "shiny"],
      "texture": "cobblemon:textures/pokemon/0130_gyarados/magikarp_jump/gyarados_orange_mask_purple_shiny.png"
    },
    {
      "aspects": ["magikarp-jump-orange-orca", "gyarados-eye-color-purple", "shiny"],
      "texture": "cobblemon:textures/pokemon/0130_gyarados/magikarp_jump/gyarados_orange_orca_purple_shiny.png"
    },
    {
      "aspects": ["magikarp-jump-orange-two-tone", "gyarados-eye-color-purple", "shiny"],
      "texture": "cobblemon:textures/pokemon/0130_gyarados/magikarp_jump/gyarados_orange_two_tone_purple_shiny.png"
    },
    {
      "aspects": ["magikarp-jump-pink-dapples", "gyarados-eye-color-purple", "shiny"],
      "texture": "cobblemon:textures/pokemon/0130_gyarados/magikarp_jump/gyarados_pink_dapples_purple_shiny.png"
    },
    {
      "aspects": ["magikarp-jump-pink-orca", "gyarados-eye-color-purple", "shiny"],
      "texture": "cobblemon:textures/pokemon/0130_gyarados/magikarp_jump/gyarados_pink_orca_purple_shiny.png"
    },
    {
      "aspects": ["magikarp-jump-pink-two-tone", "gyarados-eye-color-purple", "shiny"],
      "texture": "cobblemon:textures/pokemon/0130_gyarados/magikarp_jump/gyarados_pink_two_tone_purple_shiny.png"
    },
    {
      "aspects": ["magikarp-jump-purple-bubbles", "gyarados-eye-color-purple", "shiny"],
      "texture": "cobblemon:textures/pokemon/0130_gyarados/magikarp_jump/gyarados_purple_bubbles_purple_shiny.png"
    },
    {
      "aspects": ["magikarp-jump-purple-diamonds", "gyarados-eye-color-purple", "shiny"],
      "texture": "cobblemon:textures/pokemon/0130_gyarados/magikarp_jump/gyarados_purple_diamonds_purple_shiny.png"
    },
    {
      "aspects": ["magikarp-jump-purple-patches", "gyarados-eye-color-purple", "shiny"],
      "texture": "cobblemon:textures/pokemon/0130_gyarados/magikarp_jump/gyarados_purple_patches_purple_shiny.png"
    },
    {
      "aspects": ["magikarp-jump-skelly", "gyarados-eye-color-purple", "shiny"],
      "texture": "cobblemon:textures/pokemon/0130_gyarados/magikarp_jump/gyarados_skelly_purple_shiny.png"
    },
    {
      "aspects": ["magikarp-jump-violet-raindrops", "gyarados-eye-color-purple", "shiny"],
      "texture": "cobblemon:textures/pokemon/0130_gyarados/magikarp_jump/gyarados_violet_raindrops_purple_shiny.png"
    },
    {
      "aspects": ["magikarp-jump-violet-saucy", "gyarados-eye-color-purple", "shiny"],
      "texture": "cobblemon:textures/pokemon/0130_gyarados/magikarp_jump/gyarados_violet_saucy_purple_shiny.png"
    },
    {
      "aspects": ["female", "gyarados-eye-color-purple", "shiny"],
      "texture": "cobblemon:textures/pokemon/0130_gyarados/gyarados_female_purple_shiny.png"
    },
    {
      "aspects": ["magikarp-jump-apricot-stripes", "gyarados-eye-color-purple", "female", "shiny"],
      "texture": "cobblemon:textures/pokemon/0130_gyarados/magikarp_jump/gyarados_apricot_stripes_female_purple_shiny.png"
    },
    {
      "aspects": ["magikarp-jump-apricot-tiger", "gyarados-eye-color-purple", "female", "shiny"],
      "texture": "cobblemon:textures/pokemon/0130_gyarados/magikarp_jump/gyarados_apricot_tiger_female_purple_shiny.png"
    },
    {
      "aspects": ["magikarp-jump-apricot-zebra", "gyarados-eye-color-purple", "female", "shiny"],
      "texture": "cobblemon:textures/pokemon/0130_gyarados/magikarp_jump/gyarados_apricot_zebra_female_purple_shiny.png"
    },
    {
      "aspects": ["magikarp-jump-black-forehead", "gyarados-eye-color-purple", "female", "shiny"],
      "texture": "cobblemon:textures/pokemon/0130_gyarados/magikarp_jump/gyarados_black_forehead_female_purple_shiny.png"
    },
    {
      "aspects": ["magikarp-jump-black-mask", "gyarados-eye-color-purple", "female", "shiny"],
      "texture": "cobblemon:textures/pokemon/0130_gyarados/magikarp_jump/gyarados_black_mask_female_purple_shiny.png"
    },
    {
      "aspects": ["magikarp-jump-blue-raindrops", "gyarados-eye-color-purple", "female", "shiny"],
      "texture": "cobblemon:textures/pokemon/0130_gyarados/magikarp_jump/gyarados_blue_raindrops_female_purple_shiny.png"
    },
    {
      "aspects": ["magikarp-jump-blue-saucy", "gyarados-eye-color-purple", "female", "shiny"],
      "texture": "cobblemon:textures/pokemon/0130_gyarados/magikarp_jump/gyarados_blue_saucy_female_purple_shiny.png"
    },
    {
      "aspects": ["magikarp-jump-brown-stripes", "gyarados-eye-color-purple", "female", "shiny"],
      "texture": "cobblemon:textures/pokemon/0130_gyarados/magikarp_jump/gyarados_brown_stripes_female_purple_shiny.png"
    },
    {
      "aspects": ["magikarp-jump-brown-tiger", "gyarados-eye-color-purple", "female", "shiny"],
      "texture": "cobblemon:textures/pokemon/0130_gyarados/magikarp_jump/gyarados_brown_tiger_female_purple_shiny.png"
    },
    {
      "aspects": ["magikarp-jump-brown-zebra", "gyarados-eye-color-purple", "female", "shiny"],
      "texture": "cobblemon:textures/pokemon/0130_gyarados/magikarp_jump/gyarados_brown_zebra_female_purple_shiny.png"
    },
    {
      "aspects": ["magikarp-jump-calico-orange-gold", "gyarados-eye-color-purple", "female", "shiny"],
      "texture": "cobblemon:textures/pokemon/0130_gyarados/magikarp_jump/gyarados_calico_orange_gold_female_purple_shiny.png"
    },
    {
      "aspects": ["magikarp-jump-calico-orange-white", "gyarados-eye-color-purple", "female", "shiny"],
      "texture": "cobblemon:textures/pokemon/0130_gyarados/magikarp_jump/gyarados_calico_orange_white_female_purple_shiny.png"
    },
    {
      "aspects": ["magikarp-jump-calico-orange-white-black", "gyarados-eye-color-purple", "female", "shiny"],
      "texture": "cobblemon:textures/pokemon/0130_gyarados/magikarp_jump/gyarados_calico_orange_white_black_female_purple_shiny.png"
    },
    {
      "aspects": ["magikarp-jump-calico-white-orange", "gyarados-eye-color-purple", "female", "shiny"],
      "texture": "cobblemon:textures/pokemon/0130_gyarados/magikarp_jump/gyarados_calico_white_orange_female_purple_shiny.png"
    },
    {
      "aspects": ["magikarp-jump-gray-bubbles", "gyarados-eye-color-purple", "female", "shiny"],
      "texture": "cobblemon:textures/pokemon/0130_gyarados/magikarp_jump/gyarados_gray_bubbles_female_purple_shiny.png"
    },
    {
      "aspects": ["magikarp-jump-gray-diamonds", "gyarados-eye-color-purple", "female", "shiny"],
      "texture": "cobblemon:textures/pokemon/0130_gyarados/magikarp_jump/gyarados_gray_diamonds_female_purple_shiny.png"
    },
    {
      "aspects": ["magikarp-jump-gray-patches", "gyarados-eye-color-purple", "female", "shiny"],
      "texture": "cobblemon:textures/pokemon/0130_gyarados/magikarp_jump/gyarados_gray_patches_female_purple_shiny.png"
    },
    {
      "aspects": ["magikarp-jump-orange-dapples", "gyarados-eye-color-purple", "female", "shiny"],
      "texture": "cobblemon:textures/pokemon/0130_gyarados/magikarp_jump/gyarados_orange_dapples_female_purple_shiny.png"
    },
    {
      "aspects": ["magikarp-jump-orange-forehead", "gyarados-eye-color-purple", "female", "shiny"],
      "texture": "cobblemon:textures/pokemon/0130_gyarados/magikarp_jump/gyarados_orange_forehead_female_purple_shiny.png"
    },
    {
      "aspects": ["magikarp-jump-orange-mask", "gyarados-eye-color-purple", "female", "shiny"],
      "texture": "cobblemon:textures/pokemon/0130_gyarados/magikarp_jump/gyarados_orange_mask_female_purple_shiny.png"
    },
    {
      "aspects": ["magikarp-jump-orange-orca", "gyarados-eye-color-purple", "female", "shiny"],
      "texture": "cobblemon:textures/pokemon/0130_gyarados/magikarp_jump/gyarados_orange_orca_female_purple_shiny.png"
    },
    {
      "aspects": ["magikarp-jump-orange-two-tone", "gyarados-eye-color-purple", "female", "shiny"],
      "texture": "cobblemon:textures/pokemon/0130_gyarados/magikarp_jump/gyarados_orange_two_tone_female_purple_shiny.png"
    },
    {
      "aspects": ["magikarp-jump-pink-dapples", "gyarados-eye-color-purple", "female", "shiny"],
      "texture": "cobblemon:textures/pokemon/0130_gyarados/magikarp_jump/gyarados_pink_dapples_female_purple_shiny.png"
    },
    {
      "aspects": ["magikarp-jump-pink-orca", "gyarados-eye-color-purple", "female", "shiny"],
      "texture": "cobblemon:textures/pokemon/0130_gyarados/magikarp_jump/gyarados_pink_orca_female_purple_shiny.png"
    },
    {
      "aspects": ["magikarp-jump-pink-two-tone", "gyarados-eye-color-purple", "female", "shiny"],
      "texture": "cobblemon:textures/pokemon/0130_gyarados/magikarp_jump/gyarados_pink_two_tone_female_purple_shiny.png"
    },
    {
      "aspects": ["magikarp-jump-purple-bubbles", "gyarados-eye-color-purple", "female", "shiny"],
      "texture": "cobblemon:textures/pokemon/0130_gyarados/magikarp_jump/gyarados_purple_bubbles_female_purple_shiny.png"
    },
    {
      "aspects": ["magikarp-jump-purple-diamonds", "gyarados-eye-color-purple", "female", "shiny"],
      "texture": "cobblemon:textures/pokemon/0130_gyarados/magikarp_jump/gyarados_purple_diamonds_female_purple_shiny.png"
    },
    {
      "aspects": ["magikarp-jump-purple-patches", "gyarados-eye-color-purple", "female", "shiny"],
      "texture": "cobblemon:textures/pokemon/0130_gyarados/magikarp_jump/gyarados_purple_patches_female_purple_shiny.png"
    },
    {
      "aspects": ["magikarp-jump-skelly", "gyarados-eye-color-purple", "female", "shiny"],
      "texture": "cobblemon:textures/pokemon/0130_gyarados/magikarp_jump/gyarados_skelly_female_purple_shiny.png"
    },
    {
      "aspects": ["magikarp-jump-violet-raindrops", "gyarados-eye-color-purple", "female", "shiny"],
      "texture": "cobblemon:textures/pokemon/0130_gyarados/magikarp_jump/gyarados_violet_raindrops_female_purple_shiny.png"
    },
    {
      "aspects": ["magikarp-jump-violet-saucy", "gyarados-eye-color-purple", "female", "shiny"],
      "texture": "cobblemon:textures/pokemon/0130_gyarados/magikarp_jump/gyarados_violet_saucy_female_purple_shiny.png"
    }
  ]
}
