{
  "implemented": true,
  "nationalPokedexNumber": 724,
  "name": "Decidueye",
  "primaryType": "grass",
  "secondaryType": "ghost",
  "maleRatio": 0.875,
  "height": 16,
  "weight": 366,
  "pokedex": [
    "cobblemon.species.decidueye.desc"
  ],
  "labels": [
    "gen7",
    "alolan_form"
  ],
  "aspects": [],
  "abilities": [
    "overgrow",
    "h:tintedlens"
  ],
  "eggGroups": [
    "flying"
  ],
  "baseStats": {
    "hp": 78,
    "attack": 107,
    "defence": 75,
    "special_attack": 95,
    "special_defence": 85,
    "speed": 100
  },
  "evYield": {
    "hp": 0,
    "attack": 3,
    "defence": 0,
    "special_attack": 0,
    "special_defence": 0,
    "speed": 0
  },
  "baseExperienceYield": 265,
  "experienceGroup": "medium_slow",
  "catchRate": 45,
  "eggCycles": 15,
  "baseFriendship": 50,
  "features": [
    "hisuian"
  ],
  "baseScale": 0.65,
  "hitbox": {
    "width": 0.9,
    "height": 3,
    "fixed": false
  },
  "behaviour": {
    "moving": {
      "fly": {
        "canFly": true
      }
    }
  },
  "drops": {
    "amount": 5,
    "entries": [
      {
        "item": "minecraft:feather",
        "quantityRange": "0-3"
      },
      {
        "item": "minecraft:chicken"
      },
      {
        "item": "cobblemon:miracle_seed",
        "percentage": 25.0
      }
    ]
  },
  "moves": [
    "1:falseswipe",
    "1:growl",
    "1:leafage",
    "1:leafstorm",
    "1:phantomforce",
    "1:shadowsneak",
    "1:spiritshackle",
    "1:suckerpunch",
    "1:tackle",
    "1:uturn",
    "8:pluck",
    "11:astonish",
    "14:razorleaf",
    "16:ominouswind",
    "19:foresight",
    "28:synthesis",
    "33:furyattack",
    "44:leafblade",
    "49:featherdance",
    "55:bravebird",
    "60:nastyplot",
    "65:thousandarrows",
    "egg:confuseray",
    "egg:curse",
    "egg:defog",
    "egg:haze",
    "egg:knockoff",
    "egg:ominouswind",
    "tm:acrobatics",
    "tm:aerialace",
    "tm:bravebird",
    "tm:bulkup",
    "tm:defog",
    "tm:dualwingbeat",
    "tm:energyball",
    "tm:facade",
    "tm:fly",
    "tm:gigadrain",
    "tm:grassknot",
    "tm:grassyglide",
    "tm:hiddenpower",
    "tm:lightscreen",
    "tm:lowsweep",
    "tm:pluck",
    "tm:poltergeist",
    "tm:protect",
    "tm:rest",
    "tm:return",
    "tm:roost",
    "tm:shadowball",
    "tm:shadowclaw",
    "tm:sleeptalk",
    "tm:solarbeam",
    "tm:solarblade",
    "tm:steelwing",
    "tm:substitute",
    "tm:sunnyday",
    "tm:swordsdance",
    "tm:toxic",
    "tm:trailblaze",
    "tm:uturn",
    "tm:workup",
    "tutor:airslash",
    "tutor:batonpass",
    "tutor:bravebird",
    "tutor:confide",
    "tutor:covet",
    "tutor:frenzyplant",
    "tutor:grasspledge",
    "tutor:hex",
    "tutor:hurricane",
    "tutor:laserfocus",
    "tutor:leafblade",
    "tutor:leafstorm",
    "tutor:nastyplot",
    "tutor:phantomforce",
    "tutor:psychocut",
    "tutor:seedbomb",
    "tutor:skyattack",
    "tutor:snore",
    "tutor:solarblade",
    "tutor:spite",
    "tutor:synthesis",
    "tutor:tailwind",
    "tutor:vacuumwave",
    "tutor:worryseed"
  ],
  "preEvolution": "dartrix",
  "evolutions": [],
  "forms": [
    {
      "name": "Hisui",
      "primaryType": "grass",
      "secondaryType": "fighting",
      "maleRatio": 0.875,
      "height": 16,
      "weight": 370,
      "pokedex": [
        "cobblemon.species.decidueye-hisui.desc"
      ],
      "labels": [
        "gen8a",
        "hisuian_form"
      ],
      "aspects": [
        "hisuian"
      ],
      "abilities": [
        "overgrow",
        "striker",
        "h:quillrush"
      ],
      "baseStats": {
        "hp": 98,
        "attack": 112,
        "defence": 85,
        "special_attack": 75,
        "special_defence": 100,
        "speed": 70
      },
      "moves": [
        "1:falseswipe",
        "1:leafage",
        "1:leafstorm",
        "1:rocksmash",
        "1:suckerpunch",
        "1:tackle",
        "1:triplearrows",
        "1:tropkick",
        "1:uturn",
        "4:growl",
        "8:pluck",
        "11:lowsweep",
        "14:razorleaf",
        "16:brickbreak",
        "19:foresight",
        "28:synthesis",
        "33:aurasphere",
        "41:leafblade",
        "44:featherdance",
        "47:highjumpkick",
        "53:bravebird",
        "56:swordsdance",
        "60:thousandarrows",
        "egg:confuseray",
        "egg:curse",
        "egg:defog",
        "egg:haze",
        "egg:knockoff",
        "egg:ominouswind",
        "tm:aerialace",
        "tm:bravebird",
        "tm:brickbreak",
        "tm:bulletseed",
        "tm:coaching",
        "tm:defog",
        "tm:drainpunch",
        "tm:dualwingbeat",
        "tm:energyball",
        "tm:facade",
        "tm:focuspunch",
        "tm:gigadrain",
        "tm:grassknot",
        "tm:grassyglide",
        "tm:hiddenpower",
        "tm:lowkick",
        "tm:lowsweep",
        "tm:pluck",
        "tm:poweruppunch",
        "tm:protect",
        "tm:rest",
        "tm:return",
        "tm:rockslide",
        "tm:rocksmash",
        "tm:rocktomb",
        "tm:roost",
        "tm:shadowclaw",
        "tm:sleeptalk",
        "tm:solarbeam",
        "tm:solarblade",
        "tm:spikes",
        "tm:stoneedge",
        "tm:strength",
        "tm:substitute",
        "tm:superpower",
        "tm:thief",
        "tm:toxic",
        "tm:trailblaze",
        "tm:tripleaxel",
        "tm:uturn",
        "tutor:airslash",
        "tutor:aurasphere",
        "tutor:closecombat",
        "tutor:frenzyplant",
        "tutor:hurricane",
        "tutor:knockoff",
        "tutor:leafblade",
        "tutor:leafstorm",
        "tutor:lowkick",
        "tutor:seedbomb",
        "tutor:thunderpunch"
      ],
      "preEvolution": "dartrix",
      "evolutions": [],
      "battleOnly": false
    }
  ]
}