{
  "nationalPokedexNumber": 745,
  "name": "Lycanroc",
  "primaryType": "rock",
  "maleRatio": 0.5,
  "height": 8,
  "weight": 250,
  "pokedex": [
    "cobblemon.species.lycanroc.desc"
  ],
  "labels": [
    "gen7"
  ],
  "aspects": [
    "midday-form"
  ],
  "abilities": [
    "innerfocus",
    "sandrush",
    "h:steadfast"
  ],
  "eggGroups": [
    "field"
  ],
  "baseStats": {
    "hp": 75,
    "attack": 115,
    "defence": 65,
    "special_attack": 55,
    "special_defence": 65,
    "speed": 112
  },
  "evYield": {
    "hp": 0,
    "attack": 2,
    "defence": 0,
    "special_attack": 0,
    "special_defence": 0,
    "speed": 0
  },
  "baseExperienceYield": 170,
  "experienceGroup": "medium_fast",
  "catchRate": 90,
  "eggCycles": 15,
  "baseFriendship": 50,
  "drops": {
    "amount": 6,
    "entries": [
      {
        "item": "minecraft:bone",
        "quantityRange": "0-2"
      },
      {
        "item": "minecraft:rotten_flesh",
        "quantityRange": "0-2"
      },
      {
        "item": "cobblemon:hard_stone",
        "percentage": 5.0
      },
      {
        "item": "cobblemon:babiri_berry",
        "percentage": 5.0
      }
    ]
  },
  "moves": [
    "1:accelerock",
    "1:bite",
    "1:leer",
    "1:quickattack",
    "1:quickguard",
    "1:tackle",
    "12:howl",
    "15:rockthrow",
    "18:odorsleuth",
    "23:rocktomb",
    "26:roar",
    "29:stealthrock",
    "34:rockslide",
    "37:scaryface",
    "40:crunch",
    "45:rockclimb",
    "48:stoneedge",
    "52:headlongrush",
    "egg:crushclaw",
    "egg:firefang",
    "egg:suckerpunch",
    "egg:thrash",
    "egg:thunderfang",
    "tm:brickbreak",
    "tm:bulkup",
    "tm:cut",
    "tm:dig",
    "tm:earthquake",
    "tm:facade",
    "tm:hiddenpower",
    "tm:hypervoice",
    "tm:irontail",
    "tm:protect",
    "tm:rest",
    "tm:return",
    "tm:roar",
    "tm:rockclimb",
    "tm:rockpolish",
    "tm:rockslide",
    "tm:rocktomb",
    "tm:sandstorm",
    "tm:sleeptalk",
    "tm:snarl",
    "tm:stealthrock",
    "tm:stoneedge",
    "tm:strength",
    "tm:substitute",
    "tm:swordsdance",
    "tm:taunt",
    "tm:toxic",
    "tm:trailblaze",
    "tutor:agility",
    "tutor:closecombat",
    "tutor:confide",
    "tutor:covet",
    "tutor:crunch",
    "tutor:drillrun",
    "tutor:earthpower",
    "tutor:endeavor",
    "tutor:firefang",
    "tutor:hypervoice",
    "tutor:irondefense",
    "tutor:ironhead",
    "tutor:lastresort",
    "tutor:playrough",
    "tutor:psychicfangs",
    "tutor:rockblast",
    "tutor:scaryface",
    "tutor:snore",
    "tutor:stompingtantrum",
    "tutor:tailslap",
    "tutor:thunderfang",
    "tutor:zenheadbutt"
  ],
  "preEvolution": "rockruff",
  "evolutions": [],
  "forms": [
    {
      "name": "Midnight",
      "primaryType": "rock",
      "maleRatio": 0.5,
      "height": 11,
      "weight": 250,
      "pokedex": [
        "cobblemon.species.lycanroc-midnight.desc"
      ],
      "labels": [
        "gen7"
      ],
      "aspects": [
        "midnight-form"
      ],
      "abilities": [
        "frisk",
        "vitalspirit",
        "h:noguard"
      ],
      "baseStats": {
        "hp": 85,
        "attack": 115,
        "defence": 75,
        "special_attack": 55,
        "special_defence": 75,
        "speed": 82
      },
      "moves": [
        "1:counter",
        "1:leer",
        "1:reversal",
        "1:scaryface",
        "1:tackle",
        "1:taunt",
        "1:upperhand",
        "7:bite",
        "12:howl",
        "15:rockthrow",
        "18:odorsleuth",
        "23:rocktomb",
        "26:roar",
        "29:stealthrock",
        "34:rockslide",
        "37:stoneaxe",
        "40:crunch",
        "45:rockclimb",
        "48:stoneedge",
        "54:precipiceblades",
        "58:headsmash",
        "65:sing",
        "egg:crushclaw",
        "egg:firefang",
        "egg:suckerpunch",
        "egg:thrash",
        "egg:thunderfang",
        "tm:brickbreak",
        "tm:bulkup",
        "tm:cut",
        "tm:dig",
        "tm:dualchop",
        "tm:earthquake",
        "tm:facade",
        "tm:focuspunch",
        "tm:hiddenpower",
        "tm:hypervoice",
        "tm:irontail",
        "tm:lowsweep",
        "tm:poweruppunch",
        "tm:protect",
        "tm:rest",
        "tm:return",
        "tm:roar",
        "tm:rockclimb",
        "tm:rockpolish",
        "tm:rockslide",
        "tm:rocktomb",
        "tm:sandstorm",
        "tm:sleeptalk",
        "tm:snarl",
        "tm:stealthrock",
        "tm:stoneedge",
        "tm:strength",
        "tm:substitute",
        "tm:swordsdance",
        "tm:taunt",
        "tm:toxic",
        "tm:trailblaze",
        "tm:knockoff",
        "tutor:closecombat",
        "tutor:confide",
        "tutor:covet",
        "tutor:crunch",
        "tutor:dualchop",
        "tutor:earthpower",
        "tutor:endeavor",
        "tutor:firefang",
        "tutor:firepunch",
        "tutor:foulplay",
        "tutor:hypervoice",
        "tutor:irondefense",
        "tutor:ironhead",
        "tutor:laserfocus",
        "tutor:lastresort",
        "tutor:outrage",
        "tutor:playrough",
        "tutor:psychicfangs",
        "tutor:reversal",
        "tutor:rockblast",
        "tutor:scaryface",
        "tutor:snore",
        "tutor:stompingtantrum",
        "tutor:throatchop",
        "tutor:thunderfang",
        "tutor:thunderpunch",
        "tutor:uproar",
        "tutor:zenheadbutt"
      ],
      "preEvolution": "rockruff",
      "evolutions": [],
      "battleOnly": false
    },
    {
      "name": "Dusk",
      "primaryType": "rock",
      "maleRatio": 0.5,
      "height": 8,
      "weight": 250,
      "pokedex": [
        "cobblemon.species.lycanroc-dusk.desc"
      ],
      "labels": [
        "gen7"
      ],
      "aspects": [
        "dusk-form"
      ],
      "abilities": [
        "toughclaws",
        "h:toughclaws"
      ],
      "baseStats": {
        "hp": 75,
        "attack": 117,
        "defence": 65,
        "special_attack": 55,
        "special_defence": 65,
        "speed": 110
      },
      "moves": [
        "1:accelerock",
        "1:bite",
        "1:counter",
        "1:leer",
        "1:tackle",
        "1:thrash",
        "12:howl",
        "15:rockthrow",
        "18:odorsleuth",
        "23:rocktomb",
        "26:roar",
        "29:stealthrock",
        "34:rockslide",
        "37:scaryface",
        "40:crunch",
        "45:rockclimb",
        "48:stoneedge",
        "68:mightycleave",
        "egg:crushclaw",
        "egg:firefang",
        "egg:suckerpunch",
        "egg:thrash",
        "egg:thunderfang",
        "tm:brickbreak",
        "tm:bulkup",
        "tm:cut",
        "tm:dig",
        "tm:earthquake",
        "tm:facade",
        "tm:hiddenpower",
        "tm:hypervoice",
        "tm:irontail",
        "tm:protect",
        "tm:rest",
        "tm:return",
        "tm:roar",
        "tm:rockclimb",
        "tm:rockpolish",
        "tm:rockslide",
        "tm:rocktomb",
        "tm:sandstorm",
        "tm:sleeptalk",
        "tm:snarl",
        "tm:stealthrock",
        "tm:stoneedge",
        "tm:strength",
        "tm:substitute",
        "tm:swordsdance",
        "tm:taunt",
        "tm:toxic",
        "tm:trailblaze",
        "tm:workup",
        "tutor:closecombat",
        "tutor:confide",
        "tutor:covet",
        "tutor:crunch",
        "tutor:drillrun",
        "tutor:earthpower",
        "tutor:endeavor",
        "tutor:firefang",
        "tutor:focusenergy",
        "tutor:hypervoice",
        "tutor:irondefense",
        "tutor:ironhead",
        "tutor:lastresort",
        "tutor:outrage",
        "tutor:playrough",
        "tutor:psychicfangs",
        "tutor:rockblast",
        "tutor:scaryface",
        "tutor:snore",
        "tutor:stompingtantrum",
        "tutor:tailslap",
        "tutor:thunderfang",
        "tutor:zenheadbutt"
      ],
      "preEvolution": "rockruff wolf_form=dusk",
      "evolutions": [],
      "battleOnly": false
    }
  ]
}