{
  "implemented": true,
  "nationalPokedexNumber": 800,
  "name": "Necrozma",
  "primaryType": "psychic",
  "maleRatio": -1,
  "height": 24,
  "weight": 2300,
  "pokedex": [
    "cobblemon.species.necrozma.desc"
  ],
  "labels": [
    "gen7",
    "legendary",
    "restricted"
  ],
  "aspects": [],
  "abilities": [
    "prismarmor",
    "h:prismarmor"
  ],
  "eggGroups": [
    "undiscovered"
  ],
  "baseStats": {
    "hp": 97,
    "attack": 107,
    "defence": 101,
    "special_attack": 127,
    "special_defence": 89,
    "speed": 79
  },
  "evYield": {
    "hp": 0,
    "attack": 1,
    "defence": 0,
    "special_attack": 2,
    "special_defence": 0,
    "speed": 0
  },
  "baseExperienceYield": 300,
  "experienceGroup": "slow",
  "catchRate": 3,
  "eggCycles": 120,
  "baseFriendship": 0,
  "baseScale": 1,
  "hitbox": {
    "width": 3,
    "height": 3.5,
    "fixed": false
  },
  "moves": [
    "1:chargebeam",
    "1:confusion",
    "1:metalclaw",
    "1:mirrorshot",
    "1:moonlight",
    "1:morningsun",
    "7:slash",
    "13:storedpower",
    "19:rockblast",
    "23:nightslash",
    "31:gravity",
    "37:psychocut",
    "43:powergem",
    "47:autotomize",
    "50:photongeyser",
    "53:stealthrock",
    "59:irondefense",
    "67:wringout",
    "73:prismaticlaser",
    "tm:aerialace",
    "tm:brickbreak",
    "tm:bulldoze",
    "tm:calmmind",
    "tm:chargebeam",
    "tm:cosmicpower",
    "tm:cut",
    "tm:darkpulse",
    "tm:dracobarrage",
    "tm:dragonpulse",
    "tm:earthquake",
    "tm:expandingforce",
    "tm:facade",
    "tm:flash",
    "tm:flashcannon",
    "tm:futuresight",
    "tm:gyroball",
    "tm:hiddenpower",
    "tm:honeclaws",
    "tm:hypervoice",
    "tm:lightscreen",
    "tm:meteorbeam",
    "tm:protect",
    "tm:psychic",
    "tm:psyshock",
    "tm:reflect",
    "tm:rest",
    "tm:return",
    "tm:rockpolish",
    "tm:rockslide",
    "tm:rocktomb",
    "tm:shadowclaw",
    "tm:sleeptalk",
    "tm:solarbeam",
    "tm:stealthrock",
    "tm:stoneedge",
    "tm:strength",
    "tm:substitute",
    "tm:swordsdance",
    "tm:thief",
    "tm:thunderwave",
    "tm:toxic",
    "tm:trickroom",
    "tm:xscissor",
    "tm:dracometeor",
    "tutor:breakingswipe",
    "tutor:confide",
    "tutor:cosmicpower",
    "tutor:dragondance",
    "tutor:earthpower",
    "tutor:gravity",
    "tutor:heatwave",
    "tutor:hypervoice",
    "tutor:irondefense",
    "tutor:ironhead",
    "tutor:knockoff",
    "tutor:magnetrise",
    "tutor:outrage",
    "tutor:powergem",
    "tutor:psychicfangs",
    "tutor:psychocut",
    "tutor:rockblast",
    "tutor:scaryface",
    "tutor:signalbeam",
    "tutor:snore",
    "tutor:storedpower"
  ],
  "evolutions": [],
  "forms": [
    {
      "name": "Dusk-Mane",
      "primaryType": "psychic",
      "secondaryType": "steel",
      "maleRatio": -1,
      "height": 38,
      "weight": 4600,
      "pokedex": [
        "cobblemon.species.necrozma-duskmane.desc"
      ],
      "labels": [
        "gen7",
        "legendary",
        "restricted"
      ],
      "aspects": [
        "dusk-fusion"
      ],
      "baseStats": {
        "hp": 97,
        "attack": 157,
        "defence": 127,
        "special_attack": 113,
        "special_defence": 109,
        "speed": 77
      },
      "evYield": {
        "hp": 0,
        "attack": 3,
        "defence": 0,
        "special_attack": 0,
        "special_defence": 0,
        "speed": 0
      },
      "baseExperienceYield": 340,
      "moves": [
        "form_change:sunsteelstrike",
        "1:chargebeam",
        "1:confusion",
        "1:metalclaw",
        "1:mirrorshot",
        "1:moonlight",
        "1:morningsun",
        "7:slash",
        "13:storedpower",
        "19:rockblast",
        "23:nightslash",
        "31:gravity",
        "37:psychocut",
        "43:powergem",
        "47:autotomize",
        "50:photongeyser",
        "53:stealthrock",
        "59:irondefense",
        "67:wringout",
        "73:prismaticlaser",
        "tm:aerialace",
        "tm:brickbreak",
        "tm:bulldoze",
        "tm:calmmind",
        "tm:chargebeam",
        "tm:cosmicpower",
        "tm:cut",
        "tm:darkpulse",
        "tm:dracobarrage",
        "tm:dragonpulse",
        "tm:earthquake",
        "tm:expandingforce",
        "tm:facade",
        "tm:flash",
        "tm:flashcannon",
        "tm:futuresight",
        "tm:gyroball",
        "tm:hiddenpower",
        "tm:honeclaws",
        "tm:hypervoice",
        "tm:lightscreen",
        "tm:meteorbeam",
        "tm:protect",
        "tm:psychic",
        "tm:psyshock",
        "tm:reflect",
        "tm:rest",
        "tm:return",
        "tm:rockpolish",
        "tm:rockslide",
        "tm:rocktomb",
        "tm:shadowclaw",
        "tm:sleeptalk",
        "tm:solarbeam",
        "tm:stealthrock",
        "tm:stoneedge",
        "tm:strength",
        "tm:substitute",
        "tm:swordsdance",
        "tm:thief",
        "tm:thunderwave",
        "tm:toxic",
        "tm:trickroom",
        "tm:xscissor",
        "tm:dracometeor",
        "tutor:breakingswipe",
        "tutor:confide",
        "tutor:cosmicpower",
        "tutor:dragondance",
        "tutor:earthpower",
        "tutor:gravity",
        "tutor:heatwave",
        "tutor:hypervoice",
        "tutor:irondefense",
        "tutor:ironhead",
        "tutor:knockoff",
        "tutor:magnetrise",
        "tutor:outrage",
        "tutor:powergem",
        "tutor:psychicfangs",
        "tutor:psychocut",
        "tutor:rockblast",
        "tutor:scaryface",
        "tutor:signalbeam",
        "tutor:snore",
        "tutor:storedpower"
      ],
      "evolutions": [],
      "battleOnly": false
    },
    {
      "name": "Dawn-Wings",
      "primaryType": "psychic",
      "secondaryType": "ghost",
      "maleRatio": -1,
      "height": 42,
      "weight": 3500,
      "pokedex": [
        "cobblemon.species.necrozma-dawnwings.desc"
      ],
      "labels": [
        "gen7",
        "legendary",
        "restricted"
      ],
      "aspects": [
        "dawn-fusion"
      ],
      "baseStats": {
        "hp": 97,
        "attack": 113,
        "defence": 109,
        "special_attack": 157,
        "special_defence": 127,
        "speed": 77
      },
      "evYield": {
        "hp": 0,
        "attack": 0,
        "defence": 0,
        "special_attack": 3,
        "special_defence": 0,
        "speed": 0
      },
      "baseExperienceYield": 340,
      "moves": [
        "form_change:moongeistbeam",
        "1:chargebeam",
        "1:confusion",
        "1:metalclaw",
        "1:mirrorshot",
        "1:moonlight",
        "1:morningsun",
        "7:slash",
        "13:storedpower",
        "19:rockblast",
        "23:nightslash",
        "31:gravity",
        "37:psychocut",
        "43:powergem",
        "47:autotomize",
        "50:photongeyser",
        "53:stealthrock",
        "59:irondefense",
        "67:wringout",
        "73:prismaticlaser",
        "tm:aerialace",
        "tm:brickbreak",
        "tm:bulldoze",
        "tm:calmmind",
        "tm:chargebeam",
        "tm:cosmicpower",
        "tm:cut",
        "tm:darkpulse",
        "tm:dracobarrage",
        "tm:dragonpulse",
        "tm:earthquake",
        "tm:expandingforce",
        "tm:facade",
        "tm:flash",
        "tm:flashcannon",
        "tm:futuresight",
        "tm:gyroball",
        "tm:hiddenpower",
        "tm:honeclaws",
        "tm:hypervoice",
        "tm:lightscreen",
        "tm:meteorbeam",
        "tm:protect",
        "tm:psychic",
        "tm:psyshock",
        "tm:reflect",
        "tm:rest",
        "tm:return",
        "tm:rockpolish",
        "tm:rockslide",
        "tm:rocktomb",
        "tm:shadowclaw",
        "tm:sleeptalk",
        "tm:solarbeam",
        "tm:stealthrock",
        "tm:stoneedge",
        "tm:strength",
        "tm:substitute",
        "tm:swordsdance",
        "tm:thief",
        "tm:thunderwave",
        "tm:toxic",
        "tm:trickroom",
        "tm:xscissor",
        "tm:dracometeor",
        "tutor:breakingswipe",
        "tutor:confide",
        "tutor:cosmicpower",
        "tutor:dragondance",
        "tutor:earthpower",
        "tutor:gravity",
        "tutor:heatwave",
        "tutor:hypervoice",
        "tutor:irondefense",
        "tutor:ironhead",
        "tutor:knockoff",
        "tutor:magnetrise",
        "tutor:outrage",
        "tutor:powergem",
        "tutor:psychicfangs",
        "tutor:psychocut",
        "tutor:rockblast",
        "tutor:scaryface",
        "tutor:signalbeam",
        "tutor:snore",
        "tutor:storedpower"
      ],
      "evolutions": [],
      "battleOnly": false
    },
    {
      "name": "Ultra",
      "primaryType": "psychic",
      "secondaryType": "dragon",
      "maleRatio": -1,
      "height": 75,
      "weight": 2300,
      "pokedex": [
        "cobblemon.species.necrozma-ultra.desc"
      ],
      "labels": [
        "gen7",
        "legendary",
        "restricted",
        "ultra_burst"
      ],
      "aspects": [
        "ultra"
      ],
      "abilities": [
        "neuroforce",
        "h:neuroforce"
      ],
      "hitbox": {
        "width": 3,
        "height": 4.45,
        "fixed": false
      },
      "baseStats": {
        "hp": 97,
        "attack": 167,
        "defence": 97,
        "special_attack": 167,
        "special_defence": 97,
        "speed": 129
      },
      "evYield": {
        "hp": 0,
        "attack": 1,
        "defence": 0,
        "special_attack": 1,
        "special_defence": 0,
        "speed": 1
      },
      "baseExperienceYield": 377,
      "catchRate": 255,
      "dynamaxBlocked": true,
      "evolutions": [],
      "battleOnly": true
    }
  ]
}
