{
  "implemented": true,
  "nationalPokedexNumber": 746,
  "name": "Wishiwashi",
  "primaryType": "water",
  "maleRatio": 0.5,
  "height": 2,
  "weight": 3,
  "pokedex": [
    "cobblemon.species.wishiwashi.desc"
  ],
  "labels": [
    "gen7"
  ],
  "aspects": [
    "solo-form"
  ],
  "abilities": [
    "schooling",
    "h:schooling"
  ],
  "eggGroups": [
    "water_2"
  ],
  "baseStats": {
    "hp": 55,
    "attack": 20,
    "defence": 20,
    "special_attack": 25,
    "special_defence": 25,
    "speed": 40
  },
  "evYield": {
    "hp": 1,
    "attack": 0,
    "defence": 0,
    "special_attack": 0,
    "special_defence": 0,
    "speed": 0
  },
  "baseExperienceYield": 61,
  "experienceGroup": "fast",
  "catchRate": 60,
  "eggCycles": 15,
  "baseFriendship": 50,
  "features": [
    "schooling"
  ],
  "baseScale": 0.4,
  "hitbox": {
    "width": 0.6,
    "height": 0.6,
    "fixed": false
  },
  "behaviour": {
    "moving": {
      "canLook": false,
      "walk": {
        "avoidsLand": true
      },
      "swim": {
        "swimSpeed": 0.1,
        "canBreatheUnderwater": true,
        "canSwimInWater": true,
        "canSwimInLava": false
      }
    }
  },
  "drops": {
    "amount": 2,
    "entries": [
      {
        "item": "minecraft:cod"
      },
      {
        "item": "minecraft:bone_meal",
        "percentage": 5.0
      }
    ]
  },
  "moves": [
    "1:growl",
    "1:watergun",
    "6:helpinghand",
    "9:feintattack",
    "14:brine",
    "17:aquaring",
    "22:tearfullook",
    "25:takedown",
    "30:dive",
    "33:beatup",
    "38:aquatail",
    "41:doubleedge",
    "49:endeavor",
    "54:hydropump",
    "egg:mist",
    "egg:muddywater",
    "egg:waterpulse",
    "egg:watersport",
    "egg:whirlpool",
    "tm:bulldoze",
    "tm:earthquake",
    "tm:facade",
    "tm:flipturn",
    "tm:snowscape",
    "tm:hiddenpower",
    "tm:icebeam",
    "tm:irontail",
    "tm:protect",
    "tm:raindance",
    "tm:rest",
    "tm:return",
    "tm:scald",
    "tm:scaleshot",
    "tm:sleeptalk",
    "tm:substitute",
    "tm:surf",
    "tm:toxic",
    "tm:uturn",
    "tm:waterfall",
    "tutor:aquatail",
    "tutor:confide",
    "tutor:covet",
    "tutor:endeavor",
    "tutor:helpinghand",
    "tutor:hydropump",
    "tutor:liquidation",
    "tutor:muddywater",
    "tutor:snore",
    "tutor:uproar",
    "tutor:whirlpool"
  ],
  "evolutions": [],
  "forms": [
    {
      "name": "School",
      "primaryType": "water",
      "maleRatio": 0.5,
      "height": 82,
      "weight": 786,
      "pokedex": [
        "cobblemon.species.wishiwashi-school.desc"
      ],
      "labels": [
        "gen7"
      ],
      "aspects": [
        "school-form"
      ],
      "baseStats": {
        "hp": 55,
        "attack": 140,
        "defence": 130,
        "special_attack": 140,
        "special_defence": 135,
        "speed": 30
      },
      "baseExperienceYield": 217,
      "baseScale": 2,
      "hitbox": {
        "width": 3,
        "height": 3,
        "fixed": false
      },
      "behaviour": {
        "moving": {
          "canLook": false,
          "walk": {
            "avoidsLand": true
          },
          "swim": {
            "swimSpeed": "0.2",
            "canBreatheUnderwater": true,
            "canSwimInWater": true,
            "canSwimInLava": false
          }
        }
      },
      "evolutions": [],
      "battleOnly": true
    }
  ]
}