{
  "implemented": true,
  "nationalPokedexNumber": 916,
  "name": "Oinkologne",
  "primaryType": "normal",
  "maleRatio": 1,
  "height": 10,
  "weight": 1200,
  "pokedex": [
    "cobblemon.species.oinkologne.desc"
  ],
  "labels": [
    "gen9"
  ],
  "aspects": [
    "male"
  ],
  "abilities": [
    "lingeringaroma",
    "gluttony",
    "h:thickfat"
  ],
  "eggGroups": [
    "field"
  ],
  "baseStats": {
    "hp": 110,
    "attack": 100,
    "defence": 75,
    "special_attack": 59,
    "special_defence": 80,
    "speed": 65
  },
  "evYield": {
    "hp": 2,
    "attack": 0,
    "defence": 0,
    "special_attack": 0,
    "special_defence": 0,
    "speed": 0
  },
  "baseExperienceYield": 171,
  "experienceGroup": "medium_fast",
  "catchRate": 100,
  "eggCycles": 15,
  "baseFriendship": 50,
  "baseScale": 1,
  "hitbox": {
    "width": 0.8,
    "height": 1.1,
    "fixed": false
  },
  "drops": {
    "amount": 4,
    "entries": [
      {
        "item": "minecraft:porkchop",
        "quantityRange": "1-3"
      },
      {
        "item": "cobblemon:oran_berry",
        "percentage": 5.0
      }
    ]
  },
  "moves": [
    "1:tackle",
    "1:tailwhip",
    "4:disarmingvoice",
    "7:echoedvoice",
    "10:mudshot",
    "13:covet",
    "17:dig",
    "22:headbutt",
    "25:yawn",
    "28:takedown",
    "32:workup",
    "35:uproar",
    "38:doubleedge",
    "44:earthquake",
    "48:belch",
    "egg:endeavor",
    "egg:spitup",
    "egg:stockpile",
    "egg:stuffcheeks",
    "egg:swallow",
    "tm:bodypress",
    "tm:bulldoze",
    "tm:bulletseed",
    "tm:dig",
    "tm:earthquake",
    "tm:energyball",
    "tm:facade",
    "tm:hiddenpower",
    "tm:hypervoice",
    "tm:protect",
    "tm:raindance",
    "tm:rest",
    "tm:return",
    "tm:sleeptalk",
    "tm:snarl",
    "tm:substitute",
    "tm:sunnyday",
    "tm:thief",
    "tm:toxic",
    "tm:trailblaze",
    "tm:workup",
    "tm:highhorsepower",
    "tutor:bodypress",
    "tutor:bodyslam",
    "tutor:confide",
    "tutor:covet",
    "tutor:earthpower",
    "tutor:endeavor",
    "tutor:helpinghand",
    "tutor:ironhead",
    "tutor:playrough",
    "tutor:seedbomb",
    "tutor:stompingtantrum",
    "tutor:uproar",
    "tutor:zenheadbutt"
  ],
  "preEvolution": "lechonk",
  "evolutions": [],
  "forms": [
    {
      "name": "F",
      "primaryType": "normal",
      "maleRatio": 0,
      "height": 10,
      "weight": 1200,
      "pokedex": [
        "cobblemon.species.oinkologne-f.desc"
      ],
      "labels": [
        "gen9"
      ],
      "aspects": [
        "female"
      ],
      "abilities": [
        "aromaveil",
        "gluttony",
        "h:thickfat"
      ],
      "baseStats": {
        "hp": 115,
        "attack": 90,
        "defence": 70,
        "special_attack": 59,
        "special_defence": 90,
        "speed": 65
      },
      "moves": [
        "1:tackle",
        "1:tailwhip",
        "4:disarmingvoice",
        "7:echoedvoice",
        "10:mudshot",
        "13:covet",
        "17:dig",
        "22:headbutt",
        "25:yawn",
        "28:takedown",
        "32:workup",
        "35:uproar",
        "38:doubleedge",
        "44:earthquake",
        "48:belch",
        "egg:endeavor",
        "egg:spitup",
        "egg:stockpile",
        "egg:stuffcheeks",
        "egg:swallow",
        "tm:bodypress",
        "tm:bulldoze",
        "tm:bulletseed",
        "tm:dig",
        "tm:earthquake",
        "tm:energyball",
        "tm:facade",
        "tm:hiddenpower",
        "tm:hypervoice",
        "tm:protect",
        "tm:raindance",
        "tm:rest",
        "tm:return",
        "tm:sleeptalk",
        "tm:snarl",
        "tm:substitute",
        "tm:sunnyday",
        "tm:thief",
        "tm:toxic",
        "tm:trailblaze",
        "tm:workup",
        "tm:highhorsepower",
        "tutor:bodypress",
        "tutor:bodyslam",
        "tutor:confide",
        "tutor:covet",
        "tutor:earthpower",
        "tutor:endeavor",
        "tutor:helpinghand",
        "tutor:ironhead",
        "tutor:playrough",
        "tutor:seedbomb",
        "tutor:stompingtantrum",
        "tutor:uproar",
        "tutor:zenheadbutt"
      ],
      "preEvolution": "lechonk",
      "evolutions": [],
      "battleOnly": false
    }
  ]
}