{
  "nationalPokedexNumber": 1024,
  "name": "Terapagos",
  "primaryType": "normal",
  "maleRatio": 0.5,
  "height": 2,
  "weight": 65,
  "hitbox": {
    "width": 1.3,
    "height": 1,
    "fixed": false
  },
  "pokedex": [
    "cobblemon.species.terapagos.desc"
  ],
  "labels": [
    "gen9",
    "legendary",
    "restricted"
  ],
  "aspects": [
    "normal-form"
  ],
  "abilities": [
    "terashift",
    "h:terashift"
  ],
  "eggGroups": [
    "undiscovered"
  ],
  "baseStats": {
    "hp": 110,
    "attack": 95,
    "defence": 110,
    "special_attack": 105,
    "special_defence": 110,
    "speed": 85
  },
  "evYield": {
    "hp": 0,
    "attack": 0,
    "defence": 1,
    "special_attack": 0,
    "special_defence": 0,
    "speed": 0
  },
  "baseExperienceYield": 90,
  "experienceGroup": "slow",
  "catchRate": 255,
  "eggCycles": 5,
  "baseFriendship": 50,
  "moves": [
    "1:rapidspin",
    "1:triattack",
    "1:withdraw",
    "10:ancientpower",
    "20:headbutt",
    "30:protect",
    "40:earthpower",
    "50:heavyslam",
    "60:boomburst",
    "70:doubleedge",
    "80:rockpolish",
    "90:gyroball",
    "tm:hiddenpower",
    "tm:toxic",
    "tm:return",
    "tm:aurasphere",
    "tm:bodypress",
    "tm:bodyslam",
    "tm:bugbuzz",
    "tm:calmmind",
    "tm:crunch",
    "tm:darkpulse",
    "tm:dazzlinggleam",
    "tm:doubleedge",
    "tm:dragonpulse",
    "tm:earthpower",
    "tm:earthquake",
    "tm:energyball",
    "tm:facade",
    "tm:flamethrower",
    "tm:flareblitz",
    "tm:flashcannon",
    "tm:gravity",
    "tm:gyroball",
    "tm:heatcrash",
    "tm:heavyslam",
    "tm:icebeam",
    "tm:icespinner",
    "tm:ironhead",
    "tm:meteorbeam",
    "tm:protect",
    "tm:raindance",
    "tm:rest",
    "tm:roar",
    "tm:rockslide",
    "tm:scorchingsands",
    "tm:sleeptalk",
    "tm:stealthrock",
    "tm:stoneedge",
    "tm:storedpower",
    "tm:substitute",
    "tm:sunnyday",
    "tm:supercellslam",
    "tm:surf",
    "tm:thunder",
    "tm:thunderbolt",
    "tm:weatherball",
    "tm:wildcharge",
    "tm:zenheadbutt",
    "tutor:hypervoice"
  ],
  "evolutions": [],
  "forms": [
    {
      "name": "Terastal",
      "primaryType": "normal",
      "maleRatio": 0.5,
      "height": 3,
      "weight": 160,
      "pokedex": [
        "cobblemon.species.terapagos-terastal.desc"
      ],
      "labels": [
        "gen9",
        "legendary",
        "restricted"
      ],
      "aspects": [
        "terastal-form"
      ],
      "hitbox": {
        "width": 2.5,
        "height": 1,
        "fixed": false
      },
      "abilities": [
        "terashell",
        "h:terashell"
      ],
      "baseStats": {
        "hp": 95,
        "attack": 95,
        "defence": 110,
        "special_attack": 105,
        "special_defence": 110,
        "speed": 85
      },
      "evYield": {
        "hp": 0,
        "attack": 0,
        "defence": 2,
        "special_attack": 0,
        "special_defence": 2,
        "speed": 0
      },
      "baseExperienceYield": 120,
      "evolutions": [],
      "battleOnly": true
    },
    {
      "name": "Stellar",
      "primaryType": "normal",
      "maleRatio": 0.5,
      "height": 17,
      "weight": 770,
      "pokedex": [
        "cobblemon.species.terapagos-stellar.desc"
      ],
      "labels": [
        "gen9",
        "legendary",
        "restricted"
      ],
      "aspects": [
        "stellar-form"
      ],
      "abilities": [
        "teraformzero",
        "h:teraformzero"
      ],
      "hitbox": {
        "width": 4,
        "height": 4,
        "fixed": false
      },
      "baseStats": {
        "hp": 160,
        "attack": 105,
        "defence": 110,
        "special_attack": 130,
        "special_defence": 110,
        "speed": 85
      },
      "evYield": {
        "hp": 3,
        "attack": 0,
        "defence": 0,
        "special_attack": 0,
        "special_defence": 0,
        "speed": 0
      },
      "baseExperienceYield": 140,
      "dynamaxBlocked": true,
      "evolutions": [],
      "battleOnly": true
    }
  ]
}