{
  "implemented": true,
  "nationalPokedexNumber": 901,
  "name": "Ursaluna",
  "primaryType": "ground",
  "secondaryType": "normal",
  "maleRatio": 0.5,
  "height": 24,
  "weight": 2900,
  "pokedex": [
    "cobblemon.species.ursaluna.desc"
  ],
  "labels": [
    "gen8a"
  ],
  "aspects": [],
  "abilities": [
    "guts",
    "bulletproof",
    "h:unnerve"
  ],
  "eggGroups": [
    "field"
  ],
  "baseStats": {
    "hp": 130,
    "attack": 140,
    "defence": 105,
    "special_attack": 45,
    "special_defence": 80,
    "speed": 50
  },
  "evYield": {
    "hp": 0,
    "attack": 3,
    "defence": 0,
    "special_attack": 0,
    "special_defence": 0,
    "speed": 0
  },
  "baseExperienceYield": 275,
  "experienceGroup": "medium_fast",
  "catchRate": 20,
  "eggCycles": 20,
  "baseFriendship": 50,
  "baseScale": 1,
  "hitbox": {
    "width": 1.8,
    "height": 2,
    "fixed": false
  },
  "drops": {
    "amount": 8,
    "entries": [
      {
        "item": "minecraft:sweet_berries",
        "quantityRange": "3-5"
      },
      {
        "item": "minecraft:honey_bottle",
        "percentage": 10.0
      },
      {
        "item": "cobblemon:peat_block",
        "percentage": 10.0
      },
      {
        "item": "cobblemon:oran_berry",
        "percentage": 10.0
      }
    ]
  },
  "moves": [
    "1:babydolleyes",
    "1:bodyslam",
    "1:covet",
    "1:faketears",
    "1:hammerarm",
    "1:highhorsepower",
    "1:lick",
    "1:scratch",
    "8:furyswipes",
    "15:feintattack",
    "22:slash",
    "25:playnice",
    "29:crunch",
    "38:scaryface",
    "47:rest",
    "53:doubleedge",
    "58:thrash",
    "62:closecombat",
    "65:headlongrush",
    "egg:bellydrum",
    "egg:chipaway",
    "egg:closecombat",
    "egg:counter",
    "egg:crosschop",
    "egg:crunch",
    "egg:doubleedge",
    "egg:faketears",
    "egg:metalclaw",
    "egg:nightslash",
    "egg:playrough",
    "egg:seismictoss",
    "egg:sleeptalk",
    "egg:takedown",
    "egg:yawn",
    "tm:aerialace",
    "tm:bodypress",
    "tm:brickbreak",
    "tm:bulkup",
    "tm:bulldoze",
    "tm:dig",
    "tm:earthquake",
    "tm:facade",
    "tm:focuspunch",
    "tm:heatcrash",
    "tm:hiddenpower",
    "tm:honeclaws",
    "tm:hypervoice",
    "tm:lowkick",
    "tm:poweruppunch",
    "tm:protect",
    "tm:raindance",
    "tm:rest",
    "tm:return",
    "tm:roar",
    "tm:rockslide",
    "tm:rocksmash",
    "tm:rocktomb",
    "tm:sandstorm",
    "tm:scorchingsands",
    "tm:shadowclaw",
    "tm:sleeptalk",
    "tm:stealthrock",
    "tm:stoneedge",
    "tm:strength",
    "tm:substitute",
    "tm:sunnyday",
    "tm:superpower",
    "tm:thief",
    "tm:toxic",
    "tm:trailblaze",
    "tm:supercellslam",
    "tutor:bodyslam",
    "tutor:closecombat",
    "tutor:crunch",
    "tutor:earthpower",
    "tutor:firepunch",
    "tutor:gunkshot",
    "tutor:heavyslam",
    "tutor:highhorsepower",
    "tutor:hypervoice",
    "tutor:icepunch",
    "tutor:knockoff",
    "tutor:lowkick",
    "tutor:playrough",
    "tutor:rockblast",
    "tutor:seedbomb",
    "tutor:stompingtantrum",
    "tutor:thunderpunch"
  ],
  "preEvolution": "ursaring",
  "evolutions": [],
  "forms": [
    {
      "name": "Bloodmoon",
      "primaryType": "ground",
      "secondaryType": "normal",
      "maleRatio": 1,
      "height": 27,
      "weight": 3330,
      "pokedex": [
        "cobblemon.species.ursaluna-bloodmoon.desc"
      ],
      "labels": [
        "gen9"
      ],
      "aspects": [
        "bloodmoon"
      ],
      "abilities": [
        "scrappy",
        "h:scrappy"
      ],
      "baseScale": 1,
      "hitbox": {
        "width": 1.8,
        "height": 3,
        "fixed": false
      },
      "baseStats": {
        "hp": 113,
        "attack": 70,
        "defence": 120,
        "special_attack": 140,
        "special_defence": 65,
        "speed": 52
      },
      "evYield": {
        "hp": 0,
        "attack": 0,
        "defence": 0,
        "special_attack": 3,
        "special_defence": 0,
        "speed": 0
      },
      "baseExperienceYield": 278,
      "catchRate": 5,
      "moves": [
        "1:headlongrush",
        "1:lick",
        "1:moonlight",
        "1:scratch",
        "1:babydolleyes",
        "1:covet",
        "8:furyswipes",
        "13:payback",
        "17:harden",
        "22:slash",
        "25:playnice",
        "35:scaryface",
        "41:rest",
        "41:snore",
        "48:earthpower",
        "56:moonblast",
        "58:thrash",
        "64:hammerarm",
        "70:bloodmoon",
        "egg:closecombat",
        "egg:counter",
        "egg:crosschop",
        "egg:crunch",
        "egg:doubleedge",
        "egg:faketears",
        "egg:metalclaw",
        "egg:nightslash",
        "egg:seismictoss",
        "egg:yawn",
        "egg:chipaway",
        "egg:playrough",
        "tm:bodypress",
        "tm:bodyslam",
        "tm:brickbreak",
        "tm:bulldoze",
        "tm:calmmind",
        "tm:crunch",
        "tm:dig",
        "tm:earthpower",
        "tm:earthquake",
        "tm:facade",
        "tm:firepunch",
        "tm:focusblast",
        "tm:focuspunch",
        "tm:gunkshot",
        "tm:heavyslam",
        "tm:helpinghand",
        "tm:highhorsepower",
        "tm:hypervoice",
        "tm:icepunch",
        "tm:lowkick",
        "tm:metalclaw",
        "tm:protect",
        "tm:raindance",
        "tm:rest",
        "tm:roar",
        "tm:rockslide",
        "tm:rocktomb",
        "tm:scaryface",
        "tm:seedbomb",
        "tm:shadowclaw",
        "tm:sleeptalk",
        "tm:smackdown",
        "tm:snarl",
        "tm:stompingtantrum",
        "tm:stoneedge",
        "tm:substitute",
        "tm:sunnyday",
        "tm:swift",
        "tm:swordsdance",
        "tm:taunt",
        "tm:thief",
        "tm:thunderpunch",
        "tm:trailblaze",
        "tm:uproar",
        "tm:vacuumwave",
        "tm:playrough",
        "tm:aurasphere",
        "tm:hiddenpower",
        "tm:return",
        "tm:toxic"
      ],
      "evolutions": [],
      "battleOnly": false
    }
  ]
}