{
  "implemented": true,
  "nationalPokedexNumber": 1028,
  "name": "Nerueon",
  "primaryType": "normal",
  "maleRatio": 0.875,
  "height": 1,
  "weight": 53,
  "pokedex": [
    "cobblemon.species.nerueon.desc"
  ],
  "labels": [
    "genbaka"
  ],
  "aspects": [],
  "abilities": [
    "angerpoint",
    "h:rivalry"
  ],
  "eggGroups": [
    "field"
  ],
  "baseStats": {
    "hp": 95,
    "attack": 130,
    "defence": 65,
    "special_attack": 110,
    "special_defence": 60,
    "speed": 65
  },
  "evYield": {
    "hp": 0,
    "attack": 0,
    "defence": 0,
    "special_attack": 0,
    "special_defence": 2,
    "speed": 0
  },
  "baseExperienceYield": 184,
  "experienceGroup": "medium_fast",
  "catchRate": 45,
  "eggCycles": 35,
  "baseFriendship": 50,
  "baseScale": 0.8,
  "hitbox": {
    "width": 0.9,
    "height": 1.2,
    "fixed": false
  },
  "drops": {
    "amount": 1,
    "entries": [
      {
        "item": "minecraft:music_disc",
        "percentage": 10.0
      },
      {
        "item": "minecraft:nautalis_shell",
        "percentage": 35.0
      },
      {
        "item": "cobblemon:shell_bell",
        "percentage": 20.0
      }
    ]
  },
  "moves": [
    "1:batonpass",
    "1:bite",
    "1:charm",
    "1:copycat",
    "1:covet",
    "1:doubleedge",
    "1:growl",
    "1:helpinghand",
    "1:swift",
    "1:tailwhip",
    "1:takedown",
    "5:sandattack",
    "10:quickattack",
    "15:babydolleyes",
    "20:meanlook",
    "25:snarl",
    "30:roar",
    "35:thunderfang",
    "40:encore",
    "45:uproar",
    "50:boomburst",
    "55:lastresort",
    "tm:attract",
    "tm:confide",
    "tm:doubleteam",
    "tm:facade",
    "tm:frustration",
    "tm:gigaimpact",
    "tm:hiddenpower",
    "tm:hyperbeam",
    "tm:protect",
    "tm:raindance",
    "tm:rest",
    "tm:return",
    "tm:round",
    "tm:shadowball",
    "tm:sleeptalk",
    "tm:substitute",
    "tm:sunnyday",
    "tm:swagger",
    "tm:toxic",
    "tm:workup",
    "tm:metalsound",
    "tm:terablast",
    "tm:roar",
    "tm:sing",
    "tm:dig",
    "tm:snore",
    "tm:irontail",
    "tm:electricterrain",
    "tm:thunderwave",
    "tm:poisonjab",
    "tm:hypervoice",
    "tm:lightscreen",
    "tm:reflect",
    "tm:thunderbolt",
    "tm:wildcharge",
    "tm:thunder",
    "tm:screech",
    "tm:knockoff",
    "tm:charge",
    "tm:brickbreak",
    "tm:dynamicpunch",
    "tm:taunt",
    "tm:upperhand",
    "tm:bodyslam",
    "tm:drainpunch",
    "tm:thief",
    "tm:agility",
    "egg:curse",
    "egg:detect",
    "egg:doublekick",
    "egg:flail",
    "egg:mudslap",
    "egg:tickle",
    "egg:wish",
    "egg:yawn"
  ],
  "preEvolution": "eevee",
  "evolutions": []
}