{
  "target": "cobblemon:aggron",
  "abilities": [
    "sturdy",
    "rockhead",
    "h:heavymetal"
  ],
  "baseStats": {
    "hp": 70,
    "attack": 110,
    "defence": 180,
    "special_attack": 60,
    "special_defence": 60,
    "speed": 50
  },
  "moves": [
    "1:harden",
    "1:headbutt",
    "1:mudslap",
    "1:tackle",
    "10:metalclaw",
    "13:rocktomb",
    "16:protect",
    "19:roar",
    "22:ironhead",
    "25:rockslide",
    "28:takedown",
    "31:metalsound",
    "35:irontail",
    "39:irondefense",
    "45:doubleedge",
    "51:autotomize",
    "57:heavyslam",
    "63:metalburst",
    "egg:bodyslam",
    "egg:curse",
    "egg:dragonrush",
    "egg:endeavor",
    "egg:headsmash",
    "egg:ironhead",
    "egg:reversal",
    "egg:screech",
    "egg:smellingsalts",
    "egg:stealthrock",
    "egg:stomp",
    "egg:superpower",
    "tm:aerialace",
    "tm:blizzard",
    "tm:bodypress",
    "tm:brickbreak",
    "tm:bulldoze",
    "tm:cut",
    "tm:darkpulse",
    "tm:dig",
    "tm:dragonclaw",
    "tm:dragonpulse",
    "tm:dragontail",
    "tm:earthquake",
    "tm:facade",
    "tm:fireblast",
    "tm:flamethrower",
    "tm:flashcannon",
    "tm:focusblast",
    "tm:focuspunch",
    "tm:hiddenpower",
    "tm:honeclaws",
    "tm:icebeam",
    "tm:icywind",
    "tm:irontail",
    "tm:lowkick",
    "tm:meteorbeam",
    "tm:poweruppunch",
    "tm:protect",
    "tm:raindance",
    "tm:rest",
    "tm:return",
    "tm:roar",
    "tm:rockclimb",
    "tm:rockpolish",
    "tm:rockslide",
    "tm:rocksmash",
    "tm:rocktomb",
    "tm:sandstorm",
    "tm:shadowclaw",
    "tm:sleeptalk",
    "tm:solarbeam",
    "tm:stealthrock",
    "tm:steelbeam",
    "tm:steelroller",
    "tm:stoneedge",
    "tm:strength",
    "tm:substitute",
    "tm:sunnyday",
    "tm:superpower",
    "tm:surf",
    "tm:taunt",
    "tm:thunder",
    "tm:thunderbolt",
    "tm:thunderwave",
    "tm:toxic",
    "tm:supercellslam",
    "tutor:aquatail",
    "tutor:block",
    "tutor:bodypress",
    "tutor:bodyslam",
    "tutor:confide",
    "tutor:crunch",
    "tutor:earthpower",
    "tutor:endeavor",
    "tutor:firepunch",
    "tutor:heavyslam",
    "tutor:highhorsepower",
    "tutor:hydropump",
    "tutor:icepunch",
    "tutor:icywind",
    "tutor:irondefense",
    "tutor:ironhead",
    "tutor:lowkick",
    "tutor:magnetrise",
    "tutor:outrage",
    "tutor:reversal",
    "tutor:rockblast",
    "tutor:sandtomb",
    "tutor:scaryface",
    "tutor:screech",
    "tutor:snore",
    "tutor:spite",
    "tutor:stompingtantrum",
    "tutor:superpower",
    "tutor:thunderpunch",
    "tutor:uproar",
    "tutor:whirlpool"
  ]
}