{
  "target": "cobblemon:anorith",
  "abilities": [
    "battlearmor",
    "h:swiftswim"
  ],
  "baseStats": {
    "hp": 45,
    "attack": 95,
    "defence": 50,
    "special_attack": 40,
    "special_defence": 50,
    "speed": 75
  },
  "moves": [
    "1:harden",
    "1:pounce",
    "1:rapidspin",
    "4:mudsport",
    "7:aquajet",
    "10:furycutter",
    "13:rocktomb",
    "17:metalclaw",
    "21:ancientpower",
    "25:bugbite",
    "29:brine",
    "33:slash",
    "36:crushclaw",
    "40:xscissor",
    "43:detect",
    "45:rockblast",
    "egg:aquajet",
    "egg:crosspoison",
    "egg:curse",
    "egg:irondefense",
    "egg:knockoff",
    "egg:rapidspin",
    "egg:sandattack",
    "egg:screech",
    "egg:waterpulse",
    "tm:aerialace",
    "tm:brickbreak",
    "tm:cut",
    "tm:dig",
    "tm:facade",
    "tm:hiddenpower",
    "tm:honeclaws",
    "tm:meteorbeam",
    "tm:protect",
    "tm:rest",
    "tm:return",
    "tm:rockpolish",
    "tm:rockslide",
    "tm:rocksmash",
    "tm:rocktomb",
    "tm:sandstorm",
    "tm:sleeptalk",
    "tm:stealthrock",
    "tm:substitute",
    "tm:sunnyday",
    "tm:swordsdance",
    "tm:toxic",
    "tm:xscissor",
    "tutor:bodyslam",
    "tutor:bugbite",
    "tutor:confide",
    "tutor:crosspoison",
    "tutor:earthpower",
    "tutor:irondefense",
    "tutor:knockoff",
    "tutor:pinmissile",
    "tutor:rockblast",
    "tutor:screech",
    "tutor:snore"
  ]
}