{
  "target": "cobblemon:armaldo",
  "abilities": [
    "battlearmor",
    "skilllink",
    "h:swiftswim"
  ],
  "baseStats": {
    "hp": 100,
    "attack": 125,
    "defence": 100,
    "special_attack": 45,
    "special_defence": 80,
    "speed": 45
  },
  "moves": [
    "1:aquajet",
    "1:harden",
    "1:pinmissile",
    "1:pounce",
    "1:rapidspin",
    "1:watergun",
    "4:mudsport",
    "10:furycutter",
    "13:rocktomb",
    "17:metalclaw",
    "21:ancientpower",
    "25:bugbite",
    "29:brine",
    "33:slash",
    "37:crushclaw",
    "41:xscissor",
    "44:detect",
    "48:rockblast",
    "52:firstimpression",
    "egg:aquajet",
    "egg:crosspoison",
    "egg:curse",
    "egg:irondefense",
    "egg:knockoff",
    "egg:rapidspin",
    "egg:sandattack",
    "egg:screech",
    "egg:waterpulse",
    "tm:aerialace",
    "tm:brickbreak",
    "tm:bulldoze",
    "tm:cut",
    "tm:dig",
    "tm:earthquake",
    "tm:facade",
    "tm:flashcannon",
    "tm:hiddenpower",
    "tm:honeclaws",
    "tm:irontail",
    "tm:lowkick",
    "tm:meteorbeam",
    "tm:protect",
    "tm:rest",
    "tm:return",
    "tm:rockpolish",
    "tm:rockslide",
    "tm:rocksmash",
    "tm:rocktomb",
    "tm:sandstorm",
    "tm:shadowclaw",
    "tm:sleeptalk",
    "tm:stealthrock",
    "tm:stoneedge",
    "tm:strength",
    "tm:substitute",
    "tm:sunnyday",
    "tm:superpower",
    "tm:swordsdance",
    "tm:toxic",
    "tm:xscissor",
    "tutor:aquatail",
    "tutor:block",
    "tutor:bodyslam",
    "tutor:bugbite",
    "tutor:confide",
    "tutor:crosspoison",
    "tutor:earthpower",
    "tutor:irondefense",
    "tutor:knockoff",
    "tutor:liquidation",
    "tutor:lowkick",
    "tutor:pinmissile",
    "tutor:rockblast",
    "tutor:screech",
    "tutor:snore",
    "tutor:stompingtantrum",
    "tutor:superpower"
  ]
}