{
  "target": "cobblemon:aron",
  "abilities": [
    "sturdy",
    "rockhead",
    "h:heavymetal"
  ],
  "baseStats": {
    "hp": 50,
    "attack": 70,
    "defence": 100,
    "special_attack": 40,
    "special_defence": 40,
    "speed": 30
  },
  "moves": [
    "1:harden",
    "1:tackle",
    "4:mudslap",
    "7:headbutt",
    "10:metalclaw",
    "13:rocktomb",
    "16:protect",
    "19:roar",
    "22:ironhead",
    "25:rockslide",
    "28:takedown",
    "31:metalsound",
    "34:irontail",
    "37:irondefense",
    "40:doubleedge",
    "43:autotomize",
    "46:heavyslam",
    "49:metalburst",
    "egg:bodyslam",
    "egg:curse",
    "egg:dragonrush",
    "egg:endeavor",
    "egg:headsmash",
    "egg:ironhead",
    "egg:reversal",
    "egg:screech",
    "egg:smellingsalts",
    "egg:stealthrock",
    "egg:stomp",
    "egg:superpower",
    "tm:aerialace",
    "tm:bodypress",
    "tm:bulldoze",
    "tm:cut",
    "tm:dig",
    "tm:earthquake",
    "tm:facade",
    "tm:hiddenpower",
    "tm:honeclaws",
    "tm:irontail",
    "tm:protect",
    "tm:raindance",
    "tm:rest",
    "tm:return",
    "tm:roar",
    "tm:rockpolish",
    "tm:rockslide",
    "tm:rocksmash",
    "tm:rocktomb",
    "tm:sandstorm",
    "tm:shadowclaw",
    "tm:sleeptalk",
    "tm:stealthrock",
    "tm:steelroller",
    "tm:strength",
    "tm:substitute",
    "tm:sunnyday",
    "tm:superpower",
    "tm:toxic",
    "tutor:bodypress",
    "tutor:bodyslam",
    "tutor:confide",
    "tutor:earthpower",
    "tutor:endeavor",
    "tutor:heavyslam",
    "tutor:irondefense",
    "tutor:ironhead",
    "tutor:magnetrise",
    "tutor:reversal",
    "tutor:screech",
    "tutor:snore",
    "tutor:spite",
    "tutor:superpower",
    "tutor:uproar"
  ]
}