{
  "target": "cobblemon:azurill",
  "abilities": [
    "thickfat",
    "hugepower",
    "h:sapsipper"
  ],
  "baseStats": {
    "hp": 50,
    "attack": 20,
    "defence": 40,
    "special_attack": 20,
    "special_defence": 40,
    "speed": 20
  },
  "moves": [
    "1:splash",
    "1:watergun",
    "2:tailwhip",
    "5:watersport",
    "7:bubble",
    "10:charm",
    "13:covet",
    "16:helpinghand",
    "20:slam",
    "23:bounce",
    "egg:aquajet",
    "egg:bellydrum",
    "egg:bodyslam",
    "egg:camouflage",
    "egg:copycat",
    "egg:encore",
    "egg:faketears",
    "egg:muddywater",
    "egg:perishsong",
    "egg:refresh",
    "egg:sing",
    "egg:slam",
    "egg:soak",
    "egg:tickle",
    "egg:watersport",
    "tm:blizzard",
    "tm:drainingkiss",
    "tm:facade",
    "tm:snowscape",
    "tm:hiddenpower",
    "tm:hypervoice",
    "tm:icebeam",
    "tm:icywind",
    "tm:irontail",
    "tm:lightscreen",
    "tm:protect",
    "tm:raindance",
    "tm:rest",
    "tm:return",
    "tm:scald",
    "tm:sleeptalk",
    "tm:substitute",
    "tm:surf",
    "tm:toxic",
    "tm:waterfall",
    "tm:workup",
    "tm:alluringvoice",
    "tutor:aquatail",
    "tutor:bodyslam",
    "tutor:bounce",
    "tutor:confide",
    "tutor:covet",
    "tutor:encore",
    "tutor:faketears",
    "tutor:helpinghand",
    "tutor:hypervoice",
    "tutor:icywind",
    "tutor:knockoff",
    "tutor:muddywater",
    "tutor:snore",
    "tutor:uproar",
    "tutor:whirlpool"
  ]
}