{
  "target": "cobblemon:bagon",
  "abilities": [
    "rockhead",
    "h:sheerforce"
  ],
  "baseStats": {
    "hp": 45,
    "attack": 75,
    "defence": 60,
    "special_attack": 40,
    "special_defence": 30,
    "speed": 50
  },
  "moves": [
    "1:rage",
    "4:ember",
    "7:leer",
    "10:bite",
    "13:dragonbreath",
    "17:headbutt",
    "21:focusenergy",
    "25:crunch",
    "29:dragonclaw",
    "34:zenheadbutt",
    "39:scaryface",
    "44:flamethrower",
    "49:doubleedge",
    "egg:defensecurl",
    "egg:dragondance",
    "egg:dragonpulse",
    "egg:dragonrage",
    "egg:dragonrush",
    "egg:endure",
    "egg:firefang",
    "egg:hydropump",
    "egg:thrash",
    "egg:wish",
    "tm:aerialace",
    "tm:brickbreak",
    "tm:cut",
    "tm:dracobarrage",
    "tm:dragonclaw",
    "tm:dragondance",
    "tm:dragonpulse",
    "tm:facade",
    "tm:fireblast",
    "tm:flamethrower",
    "tm:hiddenpower",
    "tm:honeclaws",
    "tm:hypervoice",
    "tm:protect",
    "tm:raindance",
    "tm:rest",
    "tm:return",
    "tm:roar",
    "tm:rockslide",
    "tm:rocksmash",
    "tm:rocktomb",
    "tm:shadowclaw",
    "tm:sleeptalk",
    "tm:strength",
    "tm:substitute",
    "tm:sunnyday",
    "tm:toxic",
    "tutor:bodyslam",
    "tutor:confide",
    "tutor:crunch",
    "tutor:dracometeor",
    "tutor:dragondance",
    "tutor:firefang",
    "tutor:focusenergy",
    "tutor:hydropump",
    "tutor:hypervoice",
    "tutor:irondefense",
    "tutor:outrage",
    "tutor:scaryface",
    "tutor:snore",
    "tutor:zenheadbutt"
  ]
}