{
  "target": "cobblemon:barboach",
  "abilities": [
    "oblivious",
    "h:hydration"
  ],
  "baseStats": {
    "hp": 50,
    "attack": 48,
    "defence": 43,
    "special_attack": 46,
    "special_defence": 41,
    "speed": 60
  },
  "moves": [
    "1:mudslap",
    "6:mudsport",
    "6:watersport",
    "9:watergun",
    "13:mudbomb",
    "15:amnesia",
    "17:waterpulse",
    "20:magnitude",
    "25:rest",
    "25:snore",
    "32:earthquake",
    "35:muddywater",
    "39:futuresight",
    "egg:dragondance",
    "egg:earthpower",
    "egg:flail",
    "egg:hydropump",
    "egg:muddywater",
    "egg:mudshot",
    "egg:spark",
    "egg:takedown",
    "egg:thrash",
    "egg:whirlpool",
    "tm:blizzard",
    "tm:bulldoze",
    "tm:dragondance",
    "tm:earthquake",
    "tm:facade",
    "tm:futuresight",
    "tm:snowscape",
    "tm:hiddenpower",
    "tm:icebeam",
    "tm:icywind",
    "tm:protect",
    "tm:raindance",
    "tm:rest",
    "tm:return",
    "tm:rocktomb",
    "tm:sandstorm",
    "tm:scald",
    "tm:sleeptalk",
    "tm:substitute",
    "tm:surf",
    "tm:toxic",
    "tm:waterfall",
    "tutor:aquatail",
    "tutor:bounce",
    "tutor:confide",
    "tutor:dragondance",
    "tutor:earthpower",
    "tutor:hydropump",
    "tutor:icywind",
    "tutor:muddywater",
    "tutor:snore",
    "tutor:whirlpool"
  ]
}