{
  "target": "cobblemon:beautifly",
  "abilities": [
    "swarm",
    "h:rivalry"
  ],
  "baseStats": {
    "hp": 60,
    "attack": 70,
    "defence": 50,
    "special_attack": 105,
    "special_defence": 50,
    "speed": 75
  },
  "moves": [
    "1:airslash",
    "12:megadrain",
    "13:stunspore",
    "15:signalbeam",
    "17:morningsun",
    "20:silktrap",
    "22:uturn",
    "25:bugbuzz",
    "27:attract",
    "30:whirlwind",
    "32:gigadrain",
    "35:psychic",
    "37:rage",
    "40:quiverdance",
    "tm:acrobatics",
    "tm:aerialace",
    "tm:defog",
    "tm:dualwingbeat",
    "tm:electroweb",
    "tm:energyball",
    "tm:facade",
    "tm:flash",
    "tm:gigadrain",
    "tm:hiddenpower",
    "tm:protect",
    "tm:psychic",
    "tm:rest",
    "tm:return",
    "tm:roost",
    "tm:shadowball",
    "tm:sleeptalk",
    "tm:solarbeam",
    "tm:substitute",
    "tm:sunnyday",
    "tm:thief",
    "tm:toxic",
    "tm:uturn",
    "tm:venoshock",
    "tutor:airslash",
    "tutor:bugbite",
    "tutor:bugbuzz",
    "tutor:confide",
    "tutor:electroweb",
    "tutor:irondefense",
    "tutor:laserfocus",
    "tutor:signalbeam",
    "tutor:snore",
    "tutor:tailwind"
  ]
}