{
  "target": "cobblemon:blaziken",
  "abilities": [
    "striker",
    "h:speedboost"
  ],
  "baseStats": {
    "hp": 80,
    "attack": 120,
    "defence": 70,
    "special_attack": 110,
    "special_defence": 70,
    "speed": 80
  },
  "moves": [
    "1:blazekick",
    "1:doublekick",
    "1:firepunch",
    "1:growl",
    "1:highjumpkick",
    "1:scratch",
    "1:slash",
    "5:ember",
    "7:quickattack",
    "10:incinerate",
    "14:peck",
    "18:detect",
    "20:flamecharge",
    "25:thunderpunch",
    "31:bulkup",
    "39:triplearrows",
    "44:bravebird",
    "47:skyuppercut",
    "54:flareblitz",
    "egg:agility",
    "egg:counter",
    "egg:crushclaw",
    "egg:curse",
    "egg:endure",
    "egg:featherdance",
    "egg:feint",
    "egg:flameburst",
    "egg:lowkick",
    "egg:nightslash",
    "egg:reversal",
    "egg:smellingsalts",
    "tm:acrobatics",
    "tm:aerialace",
    "tm:bravebird",
    "tm:brickbreak",
    "tm:bulkup",
    "tm:bulldoze",
    "tm:coaching",
    "tm:cut",
    "tm:defog",
    "tm:dig",
    "tm:dualchop",
    "tm:earthquake",
    "tm:facade",
    "tm:fireblast",
    "tm:flamecharge",
    "tm:flamethrower",
    "tm:focusblast",
    "tm:focuspunch",
    "tm:heatcrash",
    "tm:hiddenpower",
    "tm:honeclaws",
    "tm:lowkick",
    "tm:lowsweep",
    "tm:overheat",
    "tm:poisonjab",
    "tm:poweruppunch",
    "tm:protect",
    "tm:rest",
    "tm:return",
    "tm:roar",
    "tm:rockclimb",
    "tm:rockslide",
    "tm:rocksmash",
    "tm:rocktomb",
    "tm:scorchingsands",
    "tm:shadowclaw",
    "tm:sleeptalk",
    "tm:solarbeam",
    "tm:stoneedge",
    "tm:strength",
    "tm:substitute",
    "tm:sunnyday",
    "tm:superpower",
    "tm:swordsdance",
    "tm:toxic",
    "tm:uturn",
    "tm:willowisp",
    "tm:workup",
    "tm:temperflare",
    "tutor:agility",
    "tutor:aurasphere",
    "tutor:batonpass",
    "tutor:blastburn",
    "tutor:blazekick",
    "tutor:bodyslam",
    "tutor:bounce",
    "tutor:bravebird",
    "tutor:closecombat",
    "tutor:confide",
    "tutor:dualchop",
    "tutor:firepledge",
    "tutor:firepunch",
    "tutor:firespin",
    "tutor:flareblitz",
    "tutor:focusenergy",
    "tutor:heatcrash",
    "tutor:heatwave",
    "tutor:helpinghand",
    "tutor:knockoff",
    "tutor:laserfocus",
    "tutor:lastresort",
    "tutor:lowkick",
    "tutor:reversal",
    "tutor:roleplay",
    "tutor:snore",
    "tutor:superpower",
    "tutor:thunderpunch",
    "tutor:vacuumwave"
  ]
}