{
  "target": "cobblemon:breloom",
  "abilities": [
    "effectspore",
    "poisonheal",
    "h:technician"
  ],
  "baseStats": {
    "hp": 60,
    "attack": 130,
    "defence": 80,
    "special_attack": 60,
    "special_defence": 60,
    "speed": 70
  },
  "moves": [
    "1:absorb",
    "1:leechseed",
    "1:machpunch",
    "1:stunspore",
    "1:tackle",
    "12:megadrain",
    "15:headbutt",
    "19:feint",
    "22:counter",
    "28:forcepalm",
    "33:mindreader",
    "39:skyuppercut",
    "44:seedbomb",
    "50:dynamicpunch",
    "65:spore",
    "egg:bulletseed",
    "egg:charm",
    "egg:drainpunch",
    "egg:faketears",
    "egg:focuspunch",
    "egg:helpinghand",
    "egg:naturalgift",
    "egg:wakeupslap",
    "egg:worryseed",
    "tm:brickbreak",
    "tm:bulkup",
    "tm:bulldoze",
    "tm:bulletseed",
    "tm:coaching",
    "tm:cut",
    "tm:drainpunch",
    "tm:energyball",
    "tm:facade",
    "tm:flash",
    "tm:focusblast",
    "tm:focuspunch",
    "tm:gigadrain",
    "tm:grassknot",
    "tm:grassyglide",
    "tm:hiddenpower",
    "tm:irontail",
    "tm:lowsweep",
    "tm:poweruppunch",
    "tm:protect",
    "tm:rest",
    "tm:return",
    "tm:rockslide",
    "tm:rocksmash",
    "tm:rocktomb",
    "tm:sleeptalk",
    "tm:sludgebomb",
    "tm:solarbeam",
    "tm:stoneedge",
    "tm:strength",
    "tm:substitute",
    "tm:sunnyday",
    "tm:superpower",
    "tm:swordsdance",
    "tm:toxic",
    "tm:venoshock",
    "tm:workup",
    "tutor:bodyslam",
    "tutor:closecombat",
    "tutor:confide",
    "tutor:faketears",
    "tutor:gunkshot",
    "tutor:helpinghand",
    "tutor:laserfocus",
    "tutor:reversal",
    "tutor:seedbomb",
    "tutor:snatch",
    "tutor:snore",
    "tutor:superpower",
    "tutor:synthesis",
    "tutor:thunderpunch",
    "tutor:vacuumwave",
    "tutor:worryseed"
  ]
}