{
  "target": "cobblemon:cacnea",
  "abilities": [
    "sandveil",
    "waterabsorb",
    "h:sandrush"
  ],
  "baseStats": {
    "hp": 50,
    "attack": 85,
    "defence": 40,
    "special_attack": 85,
    "special_defence": 40,
    "speed": 35
  },
  "moves": [
    "1:leer",
    "1:poisonsting",
    "4:absorb",
    "7:growth",
    "10:leechseed",
    "16:megadrain",
    "19:feintattack",
    "22:ingrain",
    "26:payback",
    "30:spikes",
    "32:suckerpunch",
    "38:pinmissile",
    "42:needlearm",
    "46:cottonspore",
    "50:sandstorm",
    "54:destinybond",
    "egg:acid",
    "egg:belch",
    "egg:block",
    "egg:counter",
    "egg:disable",
    "egg:dynamicpunch",
    "egg:fellstinger",
    "egg:grasswhistle",
    "egg:lowkick",
    "egg:magicalleaf",
    "egg:nastyplot",
    "egg:poweruppunch",
    "egg:rototiller",
    "egg:seedbomb",
    "egg:smellingsalts",
    "egg:switcheroo",
    "egg:teeterdance",
    "egg:worryseed",
    "tm:brickbreak",
    "tm:bulletseed",
    "tm:cut",
    "tm:darkpulse",
    "tm:drainpunch",
    "tm:energyball",
    "tm:facade",
    "tm:flash",
    "tm:focuspunch",
    "tm:gigadrain",
    "tm:grassknot",
    "tm:grassyglide",
    "tm:hiddenpower",
    "tm:lowkick",
    "tm:poisonjab",
    "tm:poweruppunch",
    "tm:protect",
    "tm:rest",
    "tm:return",
    "tm:sandstorm",
    "tm:scorchingsands",
    "tm:sleeptalk",
    "tm:solarbeam",
    "tm:spikes",
    "tm:substitute",
    "tm:sunnyday",
    "tm:swordsdance",
    "tm:toxic",
    "tm:trailblaze",
    "tm:venoshock",
    "tutor:block",
    "tutor:bodyslam",
    "tutor:confide",
    "tutor:encore",
    "tutor:lowkick",
    "tutor:nastyplot",
    "tutor:pinmissile",
    "tutor:roleplay",
    "tutor:seedbomb",
    "tutor:snore",
    "tutor:spikes",
    "tutor:spite",
    "tutor:synthesis",
    "tutor:thunderpunch",
    "tutor:worryseed",
    "tutor:toxicspikes"
  ]
}