{
  "target": "cobblemon:carvanha",
  "abilities": [
    "roughskin",
    "h:speedboost"
  ],
  "baseStats": {
    "hp": 45,
    "attack": 90,
    "defence": 20,
    "special_attack": 65,
    "special_defence": 20,
    "speed": 65
  },
  "moves": [
    "1:bite",
    "1:leer",
    "1:rage",
    "4:focusenergy",
    "7:aquajet",
    "11:assurance",
    "15:screech",
    "18:swagger",
    "21:brine",
    "25:icefang",
    "28:poisonfang",
    "33:crunch",
    "39:agility",
    "43:takedown",
    "egg:ancientpower",
    "egg:brine",
    "egg:destinybond",
    "egg:doubleedge",
    "egg:hydropump",
    "egg:psychicfangs",
    "egg:swift",
    "egg:thrash",
    "tm:blizzard",
    "tm:darkpulse",
    "tm:facade",
    "tm:flipturn",
    "tm:snowscape",
    "tm:hiddenpower",
    "tm:icebeam",
    "tm:icywind",
    "tm:protect",
    "tm:raindance",
    "tm:rest",
    "tm:return",
    "tm:scald",
    "tm:scaleshot",
    "tm:sleeptalk",
    "tm:snarl",
    "tm:substitute",
    "tm:surf",
    "tm:taunt",
    "tm:thief",
    "tm:toxic",
    "tm:waterfall",
    "tutor:agility",
    "tutor:bounce",
    "tutor:confide",
    "tutor:crunch",
    "tutor:focusenergy",
    "tutor:hydropump",
    "tutor:icefang",
    "tutor:icywind",
    "tutor:psychicfangs",
    "tutor:scaryface",
    "tutor:screech",
    "tutor:snore",
    "tutor:spite",
    "tutor:superfang",
    "tutor:uproar",
    "tutor:whirlpool",
    "tutor:zenheadbutt"
  ]
}