{
  "target": "cobblemon:castform",
  "abilities": [
    "forecast",
    "h:forecast"
  ],
  "baseStats": {
    "hp": 85,
    "attack": 85,
    "defence": 85,
    "special_attack": 85,
    "special_defence": 85,
    "speed": 85
  },
  "moves": [
    "1:tackle",
    "10:ember",
    "10:powdersnow",
    "10:watergun",
    "15:headbutt",
    "20:snowscape",
    "20:raindance",
    "20:sunnyday",
    "25:weatherball",
    "35:blizzard",
    "35:fireblast",
    "35:hydropump",
    "45:hurricane",
    "egg:amnesia",
    "egg:clearsmog",
    "egg:cosmicpower",
    "egg:disable",
    "egg:futuresight",
    "egg:guardswap",
    "egg:hex",
    "egg:luckychant",
    "egg:ominouswind",
    "egg:reflecttype",
    "tm:blizzard",
    "tm:cosmicpower",
    "tm:defog",
    "tm:energyball",
    "tm:facade",
    "tm:fireblast",
    "tm:flamethrower",
    "tm:flash",
    "tm:frostbreath",
    "tm:futuresight",
    "tm:snowscape",
    "tm:hiddenpower",
    "tm:icebeam",
    "tm:icywind",
    "tm:protect",
    "tm:raindance",
    "tm:rest",
    "tm:return",
    "tm:sandstorm",
    "tm:scald",
    "tm:shadowball",
    "tm:sleeptalk",
    "tm:solarbeam",
    "tm:substitute",
    "tm:sunnyday",
    "tm:thief",
    "tm:thunder",
    "tm:thunderbolt",
    "tm:thunderwave",
    "tm:toxic",
    "tm:workup",
    "tutor:bodyslam",
    "tutor:confide",
    "tutor:cosmicpower",
    "tutor:hex",
    "tutor:hurricane",
    "tutor:hydropump",
    "tutor:icywind",
    "tutor:lastresort",
    "tutor:psychup",
    "tutor:snore",
    "tutor:tailwind",
    "tutor:weatherball"
  ]
}