{
  "target": "cobblemon:chimecho",
  "abilities": [
    "levitate"
  ],
  "baseStats": {
    "hp": 90,
    "attack": 50,
    "defence": 80,
    "special_attack": 95,
    "special_defence": 90,
    "speed": 80
  },
  "moves": [
    "1:astonish",
    "1:confusion",
    "1:growl",
    "1:healingwish",
    "1:synchronoise",
    "1:wrap",
    "13:yawn",
    "16:psywave",
    "19:takedown",
    "22:extrasensory",
    "27:healbell",
    "32:uproar",
    "37:safeguard",
    "42:doubleedge",
    "47:healpulse",
    "50:forbiddenspell",
    "egg:cosmicpower",
    "egg:craftyshield",
    "egg:curse",
    "egg:disable",
    "egg:futuresight",
    "egg:hypnosis",
    "egg:perishsong",
    "egg:recover",
    "egg:skillswap",
    "egg:storedpower",
    "egg:wish",
    "tm:calmmind",
    "tm:chargebeam",
    "tm:cosmicpower",
    "tm:dazzlinggleam",
    "tm:defog",
    "tm:energyball",
    "tm:expandingforce",
    "tm:facade",
    "tm:flash",
    "tm:futuresight",
    "tm:grassknot",
    "tm:hiddenpower",
    "tm:hypervoice",
    "tm:icywind",
    "tm:lightscreen",
    "tm:protect",
    "tm:psychic",
    "tm:psyshock",
    "tm:raindance",
    "tm:reflect",
    "tm:rest",
    "tm:return",
    "tm:shadowball",
    "tm:sleeptalk",
    "tm:substitute",
    "tm:sunnyday",
    "tm:taunt",
    "tm:teleport",
    "tm:thunderwave",
    "tm:toxic",
    "tm:trickroom",
    "tm:psychicnoise",
    "tutor:confide",
    "tutor:cosmicpower",
    "tutor:gravity",
    "tutor:healbell",
    "tutor:helpinghand",
    "tutor:hypervoice",
    "tutor:icywind",
    "tutor:knockoff",
    "tutor:laserfocus",
    "tutor:lastresort",
    "tutor:magiccoat",
    "tutor:psychup",
    "tutor:signalbeam",
    "tutor:snatch",
    "tutor:snore",
    "tutor:storedpower",
    "tutor:trick",
    "tutor:uproar",
    "tutor:zenheadbutt"
  ]
}