{
  "target": "cobblemon:clamperl",
  "abilities": [
    "shellarmor",
    "h:hydration"
  ],
  "baseStats": {
    "hp": 35,
    "attack": 64,
    "defence": 85,
    "special_attack": 74,
    "special_defence": 55,
    "speed": 32
  },
  "moves": [
    "1:bubble",
    "1:clamp",
    "1:irondefense",
    "1:whirlpool",
    "15:aurorabeam",
    "50:shellsmash",
    "egg:aquaring",
    "egg:barrier",
    "egg:bodyslam",
    "egg:brine",
    "egg:confuseray",
    "egg:endure",
    "egg:muddywater",
    "egg:refresh",
    "egg:shellsmash",
    "egg:supersonic",
    "egg:waterpulse",
    "tm:blizzard",
    "tm:facade",
    "tm:snowscape",
    "tm:hiddenpower",
    "tm:icebeam",
    "tm:icywind",
    "tm:protect",
    "tm:raindance",
    "tm:rest",
    "tm:return",
    "tm:scald",
    "tm:sleeptalk",
    "tm:substitute",
    "tm:surf",
    "tm:toxic",
    "tm:waterfall",
    "tutor:bodyslam",
    "tutor:confide",
    "tutor:icywind",
    "tutor:irondefense",
    "tutor:muddywater",
    "tutor:snore",
    "tutor:whirlpool"
  ]
}