{
  "target": "cobblemon:claydol",
  "abilities": [
    "levitate"
  ],
  "baseStats": {
    "hp": 60,
    "attack": 70,
    "defence": 105,
    "special_attack": 80,
    "special_defence": 120,
    "speed": 75
  },
  "moves": [
    "1:confusion",
    "1:harden",
    "1:hyperbeam",
    "1:shoreup",
    "1:teleport",
    "4:rapidspin",
    "7:mudshot",
    "10:healblock",
    "13:rocktomb",
    "16:psybeam",
    "19:ancientpower",
    "22:cosmicpower",
    "25:powertrick",
    "28:selfdestruct",
    "31:extrasensory",
    "34:guardsplit",
    "34:powersplit",
    "40:earthpower",
    "46:sandstorm",
    "58:explosion",
    "tm:bodypress",
    "tm:bulldoze",
    "tm:calmmind",
    "tm:chargebeam",
    "tm:cosmicpower",
    "tm:dazzlinggleam",
    "tm:dig",
    "tm:earthquake",
    "tm:expandingforce",
    "tm:explosion",
    "tm:facade",
    "tm:flash",
    "tm:futuresight",
    "tm:grassknot",
    "tm:gyroball",
    "tm:hiddenpower",
    "tm:icebeam",
    "tm:lightscreen",
    "tm:meteorbeam",
    "tm:protect",
    "tm:psychic",
    "tm:psyshock",
    "tm:raindance",
    "tm:reflect",
    "tm:rest",
    "tm:return",
    "tm:rockpolish",
    "tm:rockslide",
    "tm:rocksmash",
    "tm:rocktomb",
    "tm:sandstorm",
    "tm:scorchingsands",
    "tm:shadowball",
    "tm:sleeptalk",
    "tm:solarbeam",
    "tm:stealthrock",
    "tm:stoneedge",
    "tm:strength",
    "tm:substitute",
    "tm:sunnyday",
    "tm:teleport",
    "tm:toxic",
    "tm:trickroom",
    "tutor:bodypress",
    "tutor:confide",
    "tutor:cosmicpower",
    "tutor:drillrun",
    "tutor:earthpower",
    "tutor:gravity",
    "tutor:hex",
    "tutor:irondefense",
    "tutor:magiccoat",
    "tutor:nastyplot",
    "tutor:psychicterrain",
    "tutor:psychup",
    "tutor:sandtomb",
    "tutor:signalbeam",
    "tutor:snore",
    "tutor:storedpower",
    "tutor:trick",
    "tutor:wonderroom",
    "tutor:zenheadbutt"
  ]
}