{
  "target": "cobblemon:combusken",
  "abilities": [
    "striker",
    "h:speedboost"
  ],
  "baseStats": {
    "hp": 60,
    "attack": 85,
    "defence": 60,
    "special_attack": 85,
    "special_defence": 60,
    "speed": 55
  },
  "moves": [
    "1:doublekick",
    "1:ember",
    "1:growl",
    "1:scratch",
    "7:quickattack",
    "10:incinerate",
    "14:peck",
    "18:detect",
    "20:flamecharge",
    "25:thunderpunch",
    "31:bulkup",
    "36:focusenergy",
    "42:slash",
    "47:mirrormove",
    "53:skyuppercut",
    "58:flareblitz",
    "egg:agility",
    "egg:counter",
    "egg:crushclaw",
    "egg:curse",
    "egg:endure",
    "egg:featherdance",
    "egg:feint",
    "egg:flameburst",
    "egg:lowkick",
    "egg:nightslash",
    "egg:reversal",
    "egg:smellingsalts",
    "tm:aerialace",
    "tm:brickbreak",
    "tm:bulkup",
    "tm:coaching",
    "tm:cut",
    "tm:defog",
    "tm:dig",
    "tm:dualchop",
    "tm:facade",
    "tm:fireblast",
    "tm:flamecharge",
    "tm:flamethrower",
    "tm:focusblast",
    "tm:focuspunch",
    "tm:hiddenpower",
    "tm:honeclaws",
    "tm:lowkick",
    "tm:lowsweep",
    "tm:overheat",
    "tm:poisonjab",
    "tm:poweruppunch",
    "tm:protect",
    "tm:rest",
    "tm:return",
    "tm:rockslide",
    "tm:rocksmash",
    "tm:rocktomb",
    "tm:scorchingsands",
    "tm:shadowclaw",
    "tm:sleeptalk",
    "tm:strength",
    "tm:substitute",
    "tm:sunnyday",
    "tm:swordsdance",
    "tm:toxic",
    "tm:willowisp",
    "tm:workup",
    "tm:temperflare",
    "tutor:agility",
    "tutor:batonpass",
    "tutor:blazekick",
    "tutor:bodyslam",
    "tutor:bounce",
    "tutor:confide",
    "tutor:dualchop",
    "tutor:firepledge",
    "tutor:firepunch",
    "tutor:firespin",
    "tutor:flareblitz",
    "tutor:focusenergy",
    "tutor:heatwave",
    "tutor:helpinghand",
    "tutor:lastresort",
    "tutor:lowkick",
    "tutor:reversal",
    "tutor:snore",
    "tutor:thunderpunch",
    "tutor:vacuumwave"
  ]
}