{
  "target": "cobblemon:corphish",
  "abilities": [
    "hypercutter",
    "shellarmor",
    "h:adaptability"
  ],
  "baseStats": {
    "hp": 43,
    "attack": 80,
    "defence": 65,
    "special_attack": 50,
    "special_defence": 35,
    "speed": 35
  },
  "moves": [
    "1:bubble",
    "1:harden",
    "5:visegrip",
    "7:leer",
    "10:bubblebeam",
    "14:protect",
    "17:doublehit",
    "20:aquajet",
    "23:knockoff",
    "26:nightslash",
    "31:razorshell",
    "34:taunt",
    "37:swordsdance",
    "39:crunch",
    "43:crabhammer",
    "48:slash",
    "egg:ancientpower",
    "egg:aquajet",
    "egg:bodyslam",
    "egg:chipaway",
    "egg:doubleedge",
    "egg:dragondance",
    "egg:endeavor",
    "egg:knockoff",
    "egg:metalclaw",
    "egg:mudsport",
    "egg:slash",
    "egg:superpower",
    "egg:switcheroo",
    "egg:trumpcard",
    "tm:aerialace",
    "tm:blizzard",
    "tm:brickbreak",
    "tm:cut",
    "tm:dig",
    "tm:dragondance",
    "tm:facade",
    "tm:snowscape",
    "tm:hiddenpower",
    "tm:honeclaws",
    "tm:icebeam",
    "tm:icywind",
    "tm:protect",
    "tm:raindance",
    "tm:rest",
    "tm:return",
    "tm:rockslide",
    "tm:rocksmash",
    "tm:rocktomb",
    "tm:scald",
    "tm:sleeptalk",
    "tm:sludgebomb",
    "tm:strength",
    "tm:substitute",
    "tm:superpower",
    "tm:surf",
    "tm:swordsdance",
    "tm:taunt",
    "tm:toxic",
    "tm:waterfall",
    "tm:xscissor",
    "tutor:bodyslam",
    "tutor:confide",
    "tutor:crunch",
    "tutor:dragondance",
    "tutor:endeavor",
    "tutor:hydropump",
    "tutor:icywind",
    "tutor:irondefense",
    "tutor:knockoff",
    "tutor:muddywater",
    "tutor:razorshell",
    "tutor:snore",
    "tutor:spite",
    "tutor:superpower",
    "tutor:whirlpool"
  ]
}