{
  "target": "cobblemon:cradily",
  "abilities": [
    "suctioncups",
    "h:stormdrain"
  ],
  "baseStats": {
    "hp": 86,
    "attack": 81,
    "defence": 97,
    "special_attack": 81,
    "special_defence": 107,
    "speed": 43
  },
  "moves": [
    "1:acid",
    "1:astonish",
    "1:constrict",
    "1:ingrain",
    "1:wringout",
    "13:confuseray",
    "17:ancientpower",
    "21:brine",
    "26:gigadrain",
    "31:gastroacid",
    "36:amnesia",
    "44:energyball",
    "52:spitup",
    "52:stockpile",
    "52:swallow",
    "68:sappyseed",
    "egg:barrier",
    "egg:curse",
    "egg:endure",
    "egg:megadrain",
    "egg:mirrorcoat",
    "egg:recover",
    "egg:stealthrock",
    "egg:tickle",
    "egg:wringout",
    "tm:bulldoze",
    "tm:bulletseed",
    "tm:dig",
    "tm:earthquake",
    "tm:energyball",
    "tm:facade",
    "tm:flash",
    "tm:gigadrain",
    "tm:grassknot",
    "tm:grassyglide",
    "tm:hiddenpower",
    "tm:meteorbeam",
    "tm:protect",
    "tm:rest",
    "tm:return",
    "tm:rockpolish",
    "tm:rockslide",
    "tm:rocksmash",
    "tm:rocktomb",
    "tm:sandstorm",
    "tm:sleeptalk",
    "tm:sludgebomb",
    "tm:sludgewave",
    "tm:solarbeam",
    "tm:stealthrock",
    "tm:stoneedge",
    "tm:strength",
    "tm:substitute",
    "tm:sunnyday",
    "tm:swordsdance",
    "tm:toxic",
    "tutor:block",
    "tutor:bodyslam",
    "tutor:confide",
    "tutor:earthpower",
    "tutor:gastroacid",
    "tutor:grassyterrain",
    "tutor:painsplit",
    "tutor:powergem",
    "tutor:powerwhip",
    "tutor:rockblast",
    "tutor:seedbomb",
    "tutor:snore",
    "tutor:synthesis",
    "tutor:worryseed"
  ]
}