{
  "target": "cobblemon:crawdaunt",
  "abilities": [
    "hypercutter",
    "shellarmor",
    "h:adaptability"
  ],
  "baseStats": {
    "hp": 63,
    "attack": 120,
    "defence": 85,
    "special_attack": 90,
    "special_defence": 55,
    "speed": 55
  },
  "moves": [
    "1:bubble",
    "1:harden",
    "1:leer",
    "1:razorshell",
    "1:swift",
    "5:visegrip",
    "10:bubblebeam",
    "14:protect",
    "17:doublehit",
    "20:aquajet",
    "23:knockoff",
    "26:nightslash",
    "32:muddywater",
    "36:taunt",
    "40:swordsdance",
    "43:crunch",
    "48:crabhammer",
    "54:slash",
    "egg:ancientpower",
    "egg:aquajet",
    "egg:bodyslam",
    "egg:chipaway",
    "egg:doubleedge",
    "egg:dragondance",
    "egg:endeavor",
    "egg:knockoff",
    "egg:metalclaw",
    "egg:mudsport",
    "egg:slash",
    "egg:superpower",
    "egg:switcheroo",
    "egg:trumpcard",
    "tm:aerialace",
    "tm:blizzard",
    "tm:brickbreak",
    "tm:cut",
    "tm:darkpulse",
    "tm:dig",
    "tm:dragondance",
    "tm:facade",
    "tm:snowscape",
    "tm:hiddenpower",
    "tm:honeclaws",
    "tm:icebeam",
    "tm:icywind",
    "tm:protect",
    "tm:raindance",
    "tm:rest",
    "tm:return",
    "tm:rockslide",
    "tm:rocksmash",
    "tm:rocktomb",
    "tm:scald",
    "tm:sleeptalk",
    "tm:sludgebomb",
    "tm:sludgewave",
    "tm:snarl",
    "tm:strength",
    "tm:substitute",
    "tm:superpower",
    "tm:surf",
    "tm:swordsdance",
    "tm:taunt",
    "tm:toxic",
    "tm:waterfall",
    "tm:xscissor",
    "tutor:bodyslam",
    "tutor:closecombat",
    "tutor:confide",
    "tutor:crunch",
    "tutor:darkhole",
    "tutor:dragondance",
    "tutor:endeavor",
    "tutor:hydropump",
    "tutor:icywind",
    "tutor:irondefense",
    "tutor:knockoff",
    "tutor:liquidation",
    "tutor:muddywater",
    "tutor:nastyplot",
    "tutor:razorshell",
    "tutor:snore",
    "tutor:spite",
    "tutor:superpower",
    "tutor:whirlpool"
  ]
}