{
  "target": "cobblemon:delcatty",
  "abilities": [
    "cutecharm",
    "wonderskin",
    "h:felineprowess"
  ],
  "baseStats": {
    "hp": 70,
    "attack": 65,
    "defence": 65,
    "special_attack": 65,
    "special_defence": 55,
    "speed": 90
  },
  "moves": [
    "1:attract",
    "1:fakeout",
    "1:round",
    "1:sing",
    "55:hypervoice",
    "egg:cosmicpower",
    "egg:fakeout",
    "egg:faketears",
    "egg:helpinghand",
    "egg:mudbomb",
    "egg:simplebeam",
    "egg:suckerpunch",
    "egg:tickle",
    "egg:uproar",
    "egg:wish",
    "egg:zenheadbutt",
    "tm:blizzard",
    "tm:calmmind",
    "tm:chargebeam",
    "tm:cosmicpower",
    "tm:dig",
    "tm:drainingkiss",
    "tm:facade",
    "tm:flash",
    "tm:grassknot",
    "tm:hiddenpower",
    "tm:hypervoice",
    "tm:icebeam",
    "tm:icywind",
    "tm:irontail",
    "tm:protect",
    "tm:raindance",
    "tm:rest",
    "tm:return",
    "tm:rocksmash",
    "tm:shadowball",
    "tm:sleeptalk",
    "tm:solarbeam",
    "tm:strength",
    "tm:substitute",
    "tm:sunnyday",
    "tm:thunder",
    "tm:thunderbolt",
    "tm:thunderwave",
    "tm:toxic",
    "tm:wildcharge",
    "tm:workup",
    "tm:alluringvoice",
    "tutor:batonpass",
    "tutor:bodyslam",
    "tutor:confide",
    "tutor:cosmicpower",
    "tutor:covet",
    "tutor:faketears",
    "tutor:healbell",
    "tutor:helpinghand",
    "tutor:hypervoice",
    "tutor:icywind",
    "tutor:laserfocus",
    "tutor:lastresort",
    "tutor:nastyplot",
    "tutor:playrough",
    "tutor:psychup",
    "tutor:snore",
    "tutor:stompingtantrum",
    "tutor:tailslap",
    "tutor:uproar",
    "tutor:zenheadbutt"
  ]
}