{
  "target": "cobblemon:dusclops",
  "abilities": [
    "pressure",
    "h:frisk"
  ],
  "baseStats": {
    "hp": 40,
    "attack": 70,
    "defence": 130,
    "special_attack": 60,
    "special_defence": 130,
    "speed": 25
  },
  "moves": [
    "1:astonish",
    "1:bind",
    "1:disable",
    "1:firepunch",
    "1:futuresight",
    "1:gravity",
    "1:icepunch",
    "1:leer",
    "1:nightshade",
    "1:shadowpunch",
    "1:thunderpunch",
    "14:foresight",
    "17:shadowsneak",
    "22:pursuit",
    "25:willowisp",
    "30:confuseray",
    "33:curse",
    "40:hex",
    "45:shadowball",
    "52:meanlook",
    "57:payback",
    "egg:darkpulse",
    "egg:destinybond",
    "egg:feintattack",
    "egg:grudge",
    "egg:haze",
    "egg:imprison",
    "egg:memento",
    "egg:ominouswind",
    "egg:painsplit",
    "egg:skillswap",
    "tm:blizzard",
    "tm:brickbreak",
    "tm:bulldoze",
    "tm:calmmind",
    "tm:chargebeam",
    "tm:darkpulse",
    "tm:earthquake",
    "tm:facade",
    "tm:flash",
    "tm:focuspunch",
    "tm:futuresight",
    "tm:hiddenpower",
    "tm:icebeam",
    "tm:icywind",
    "tm:leechlife",
    "tm:poltergeist",
    "tm:poweruppunch",
    "tm:protect",
    "tm:psychic",
    "tm:raindance",
    "tm:rest",
    "tm:return",
    "tm:rockslide",
    "tm:rocksmash",
    "tm:rocktomb",
    "tm:shadowball",
    "tm:sleeptalk",
    "tm:strength",
    "tm:substitute",
    "tm:sunnyday",
    "tm:taunt",
    "tm:thief",
    "tm:toxic",
    "tm:trickroom",
    "tm:willowisp",
    "tutor:bodyslam",
    "tutor:confide",
    "tutor:firepunch",
    "tutor:gravity",
    "tutor:helpinghand",
    "tutor:hex",
    "tutor:icepunch",
    "tutor:icywind",
    "tutor:painsplit",
    "tutor:psychup",
    "tutor:snatch",
    "tutor:snore",
    "tutor:spite",
    "tutor:thunderpunch",
    "tutor:trick",
    "tutor:wonderroom"
  ]
}