{
  "target": "cobblemon:duskull",
  "abilities": [
    "levitate",
    "h:frisk"
  ],
  "baseStats": {
    "hp": 20,
    "attack": 40,
    "defence": 90,
    "special_attack": 30,
    "special_defence": 90,
    "speed": 25
  },
  "moves": [
    "1:leer",
    "1:nightshade",
    "6:disable",
    "9:astonish",
    "14:foresight",
    "17:shadowsneak",
    "22:pursuit",
    "25:willowisp",
    "30:confuseray",
    "33:curse",
    "38:hex",
    "41:shadowball",
    "46:meanlook",
    "49:payback",
    "54:futuresight",
    "egg:darkpulse",
    "egg:destinybond",
    "egg:feintattack",
    "egg:grudge",
    "egg:haze",
    "egg:imprison",
    "egg:memento",
    "egg:ominouswind",
    "egg:painsplit",
    "egg:skillswap",
    "tm:blizzard",
    "tm:calmmind",
    "tm:chargebeam",
    "tm:darkpulse",
    "tm:facade",
    "tm:flash",
    "tm:futuresight",
    "tm:hiddenpower",
    "tm:icebeam",
    "tm:icywind",
    "tm:leechlife",
    "tm:poltergeist",
    "tm:protect",
    "tm:psychic",
    "tm:raindance",
    "tm:rest",
    "tm:return",
    "tm:shadowball",
    "tm:sleeptalk",
    "tm:substitute",
    "tm:sunnyday",
    "tm:taunt",
    "tm:thief",
    "tm:toxic",
    "tm:trickroom",
    "tm:willowisp",
    "tutor:bodyslam",
    "tutor:confide",
    "tutor:gravity",
    "tutor:helpinghand",
    "tutor:hex",
    "tutor:icywind",
    "tutor:painsplit",
    "tutor:psychup",
    "tutor:snatch",
    "tutor:snore",
    "tutor:spite",
    "tutor:trick",
    "tutor:wonderroom"
  ]
}