{
  "target": "cobblemon:dustox",
  "abilities": [
    "shielddust",
    "h:compoundeyes"
  ],
  "baseStats": {
    "hp": 80,
    "attack": 40,
    "defence": 70,
    "special_attack": 60,
    "special_defence": 90,
    "speed": 65
  },
  "moves": [
    "1:gust",
    "12:strugglebug",
    "15:toxic",
    "16:moonlight",
    "20:venoshock",
    "22:psybeam",
    "25:silverwind",
    "27:lightscreen",
    "30:whirlwind",
    "32:sludgebomb",
    "35:bugbuzz",
    "37:detect",
    "40:quiverdance",
    "tm:acrobatics",
    "tm:aerialace",
    "tm:defog",
    "tm:dualwingbeat",
    "tm:electroweb",
    "tm:energyball",
    "tm:facade",
    "tm:flash",
    "tm:gigadrain",
    "tm:hiddenpower",
    "tm:lightscreen",
    "tm:protect",
    "tm:psychic",
    "tm:rest",
    "tm:return",
    "tm:shadowball",
    "tm:sleeptalk",
    "tm:sludgebomb",
    "tm:solarbeam",
    "tm:substitute",
    "tm:sunnyday",
    "tm:thief",
    "tm:toxic",
    "tm:uturn",
    "tm:venoshock",
    "tutor:bugbite",
    "tutor:bugbuzz",
    "tutor:confide",
    "tutor:electroweb",
    "tutor:irondefense",
    "tutor:laserfocus",
    "tutor:signalbeam",
    "tutor:snore",
    "tutor:tailwind",
    "tutor:venomdrench"
  ]
}