{
  "target": "cobblemon:electrike",
  "abilities": [
    "static",
    "lightningrod",
    "h:minus"
  ],
  "baseStats": {
    "hp": 40,
    "attack": 45,
    "defence": 40,
    "special_attack": 65,
    "special_defence": 40,
    "speed": 65
  },
  "moves": [
    "1:tackle",
    "1:thunderwave",
    "4:leer",
    "7:howl",
    "10:quickattack",
    "13:spark",
    "16:odorsleuth",
    "19:thunderfang",
    "24:bite",
    "29:discharge",
    "34:roar",
    "39:wildcharge",
    "44:charge",
    "49:thunder",
    "egg:crunch",
    "egg:curse",
    "egg:discharge",
    "egg:eerieimpulse",
    "egg:electroball",
    "egg:firefang",
    "egg:flameburst",
    "egg:headbutt",
    "egg:icefang",
    "egg:shockwave",
    "egg:swift",
    "egg:switcheroo",
    "egg:thunderfang",
    "egg:uproar",
    "tm:chargebeam",
    "tm:facade",
    "tm:flamethrower",
    "tm:flash",
    "tm:hiddenpower",
    "tm:irontail",
    "tm:lightscreen",
    "tm:protect",
    "tm:raindance",
    "tm:rest",
    "tm:return",
    "tm:roar",
    "tm:sleeptalk",
    "tm:snarl",
    "tm:strength",
    "tm:substitute",
    "tm:thief",
    "tm:thunder",
    "tm:thunderbolt",
    "tm:thunderwave",
    "tm:toxic",
    "tm:voltswitch",
    "tm:wildcharge",
    "tutor:agility",
    "tutor:bodyslam",
    "tutor:confide",
    "tutor:crunch",
    "tutor:electroball",
    "tutor:firefang",
    "tutor:icefang",
    "tutor:magnetrise",
    "tutor:psychicfangs",
    "tutor:signalbeam",
    "tutor:snore",
    "tutor:thunderfang",
    "tutor:uproar"
  ]
}