{
  "target": "cobblemon:exploud",
  "abilities": [
    "soundproof",
    "scrappy",
    "h:punkrock"
  ],
  "baseStats": {
    "hp": 104,
    "attack": 81,
    "defence": 63,
    "special_attack": 91,
    "special_defence": 73,
    "speed": 73
  },
  "moves": [
    "1:astonish",
    "1:bite",
    "1:crunch",
    "1:echoedvoice",
    "1:firefang",
    "1:howl",
    "1:icefang",
    "1:pound",
    "1:thunderfang",
    "15:screech",
    "18:supersonic",
    "23:stomp",
    "27:uproar",
    "32:roar",
    "36:rest",
    "42:sleeptalk",
    "53:synchronoise",
    "58:boomburst",
    "62:overdrive",
    "64:hyperbeam",
    "egg:circlethrow",
    "egg:disarmingvoice",
    "egg:endeavor",
    "egg:extrasensory",
    "egg:faketears",
    "egg:hammerarm",
    "egg:smellingsalts",
    "egg:smokescreen",
    "egg:snore",
    "egg:takedown",
    "egg:whirlwind",
    "tm:blizzard",
    "tm:brickbreak",
    "tm:bulldoze",
    "tm:earthquake",
    "tm:facade",
    "tm:fireblast",
    "tm:flamethrower",
    "tm:focusblast",
    "tm:aurasphere",
    "tm:hiddenpower",
    "tm:hypervoice",
    "tm:icebeam",
    "tm:icywind",
    "tm:lowkick",
    "tm:overheat",
    "tm:poweruppunch",
    "tm:protect",
    "tm:raindance",
    "tm:rest",
    "tm:return",
    "tm:roar",
    "tm:rockclimb",
    "tm:rockslide",
    "tm:rocksmash",
    "tm:rocktomb",
    "tm:shadowball",
    "tm:sleeptalk",
    "tm:solarbeam",
    "tm:strength",
    "tm:substitute",
    "tm:sunnyday",
    "tm:surf",
    "tm:taunt",
    "tm:terrainpulse",
    "tm:toxic",
    "tm:workup",
    "tutor:bodyslam",
    "tutor:confide",
    "tutor:crunch",
    "tutor:endeavor",
    "tutor:faketears",
    "tutor:firefang",
    "tutor:firepunch",
    "tutor:hydropump",
    "tutor:hypervoice",
    "tutor:icefang",
    "tutor:icepunch",
    "tutor:icywind",
    "tutor:lowkick",
    "tutor:outrage",
    "tutor:screech",
    "tutor:snore",
    "tutor:stompingtantrum",
    "tutor:thunderfang",
    "tutor:thunderpunch",
    "tutor:uproar",
    "tutor:whirlpool",
    "tutor:zenheadbutt"
  ]
}