{
  "target": "cobblemon:feebas",
  "abilities": [
    "swiftswim",
    "oblivious",
    "h:adaptability"
  ],
  "baseStats": {
    "hp": 20,
    "attack": 15,
    "defence": 20,
    "special_attack": 10,
    "special_defence": 55,
    "speed": 80
  },
  "moves": [
    "1:splash",
    "15:tackle",
    "30:flail",
    "egg:brine",
    "egg:captivate",
    "egg:confuseray",
    "egg:dragonbreath",
    "egg:dragonpulse",
    "egg:haze",
    "egg:hypnosis",
    "egg:irontail",
    "egg:mirrorcoat",
    "egg:mist",
    "egg:mudsport",
    "egg:tickle",
    "tm:blizzard",
    "tm:dragonpulse",
    "tm:facade",
    "tm:snowscape",
    "tm:hiddenpower",
    "tm:icebeam",
    "tm:icywind",
    "tm:irontail",
    "tm:lightscreen",
    "tm:protect",
    "tm:raindance",
    "tm:rest",
    "tm:return",
    "tm:scald",
    "tm:scaleshot",
    "tm:sleeptalk",
    "tm:substitute",
    "tm:surf",
    "tm:toxic",
    "tm:waterfall",
    "tutor:confide",
    "tutor:icywind",
    "tutor:muddywater",
    "tutor:snore",
    "tutor:whirlpool"
  ]
}