{
  "target": "cobblemon:flygon",
  "abilities": [
    "levitate",
    "compoundeyes",
    "h:tintedlens"
  ],
  "baseStats": {
    "hp": 100,
    "attack": 100,
    "defence": 80,
    "special_attack": 100,
    "special_defence": 80,
    "speed": 100
  },
  "moves": [
    "1:bide",
    "1:dragonbreath",
    "1:dragonclaw",
    "1:dragondance",
    "1:feintattack",
    "1:sonicboom",
    "5:mudslap",
    "8:bulldoze",
    "12:sandtomb",
    "15:rockslide",
    "19:supersonic",
    "22:screech",
    "26:earthpower",
    "29:dragontail",
    "33:earthquake",
    "36:sandstorm",
    "40:wingattack",
    "43:hyperbeam",
    "47:dragonrush",
    "56:sandsearstorm",
    "70:headlongrush",
    "egg:bugbite",
    "egg:earthpower",
    "egg:endure",
    "egg:flail",
    "egg:focusenergy",
    "egg:furycutter",
    "egg:gust",
    "egg:mudshot",
    "egg:quickattack",
    "egg:signalbeam",
    "tm:aerialace",
    "tm:bulldoze",
    "tm:defog",
    "tm:dig",
    "tm:dracobarrage",
    "tm:dragonclaw",
    "tm:dragondance",
    "tm:dragonpulse",
    "tm:dragontail",
    "tm:dualwingbeat",
    "tm:earthquake",
    "tm:facade",
    "tm:fireblast",
    "tm:flamethrower",
    "tm:fly",
    "tm:gigadrain",
    "tm:hiddenpower",
    "tm:honeclaws",
    "tm:irontail",
    "tm:poweruppunch",
    "tm:protect",
    "tm:rest",
    "tm:return",
    "tm:rockslide",
    "tm:rocksmash",
    "tm:rocktomb",
    "tm:roost",
    "tm:sandstorm",
    "tm:scaleshot",
    "tm:scorchingsands",
    "tm:sleeptalk",
    "tm:solarbeam",
    "tm:steelwing",
    "tm:stoneedge",
    "tm:strength",
    "tm:substitute",
    "tm:sunnyday",
    "tm:superpower",
    "tm:toxic",
    "tm:uturn",
    "tm:vacuumwave",
    "tm:stealthrock",
    "tm:psychicnoise",
    "tm:alluringvoice",
    "tutor:airslash",
    "tutor:bodyslam",
    "tutor:breakingswipe",
    "tutor:bugbite",
    "tutor:bugbuzz",
    "tutor:confide",
    "tutor:crunch",
    "tutor:dracometeor",
    "tutor:dragondance",
    "tutor:earthpower",
    "tutor:firepunch",
    "tutor:firespin",
    "tutor:focusenergy",
    "tutor:heatwave",
    "tutor:laserfocus",
    "tutor:outrage",
    "tutor:sandtomb",
    "tutor:screech",
    "tutor:signalbeam",
    "tutor:snore",
    "tutor:superpower",
    "tutor:tailwind",
    "tutor:throatchop",
    "tutor:thunderpunch",
    "tutor:uproar"
  ]
}