{
  "target": "cobblemon:gardevoir",
  "abilities": [
    "synchronize",
    "trace",
    "h:telepathy"
  ],
  "baseStats": {
    "hp": 68,
    "attack": 65,
    "defence": 65,
    "special_attack": 125,
    "special_defence": 115,
    "speed": 80
  },
  "moves": [
    "1:growl",
    "1:healingwish",
    "1:mistyterrain",
    "1:teleport",
    "4:confusion",
    "11:disarmingvoice",
    "14:wish",
    "17:magicalleaf",
    "19:healpulse",
    "23:drainingkiss",
    "26:calmmind",
    "31:psychic",
    "31:psychicnoise",
    "35:imprison",
    "40:futuresight",
    "44:captivate",
    "49:hypnosis",
    "53:dreameater",
    "58:storedpower",
    "62:moonblast",
    "70:recover",
    "egg:confuseray",
    "egg:destinybond",
    "egg:disable",
    "egg:encore",
    "egg:grudge",
    "egg:knockoff",
    "egg:meanlook",
    "egg:memento",
    "egg:mistyterrain",
    "egg:shadowsneak",
    "egg:skillswap",
    "egg:synchronoise",
    "tm:calmmind",
    "tm:chargebeam",
    "tm:dazzlinggleam",
    "tm:drainingkiss",
    "tm:energyball",
    "tm:expandingforce",
    "tm:facade",
    "tm:flash",
    "tm:focusblast",
    "tm:futuresight",
    "tm:grassknot",
    "tm:hiddenpower",
    "tm:hypervoice",
    "tm:icebeam",
    "tm:icywind",
    "tm:lightscreen",
    "tm:mistyexplosion",
    "tm:protect",
    "tm:psychic",
    "tm:psyshock",
    "tm:raindance",
    "tm:reflect",
    "tm:rest",
    "tm:return",
    "tm:shadowball",
    "tm:sleeptalk",
    "tm:substitute",
    "tm:sunnyday",
    "tm:taunt",
    "tm:teleport",
    "tm:thief",
    "tm:thunderbolt",
    "tm:thunderwave",
    "tm:toxic",
    "tm:trickroom",
    "tm:tripleaxel",
    "tm:willowisp",
    "tm:alluringvoice",
    "tutor:aurasphere",
    "tutor:bodyslam",
    "tutor:confide",
    "tutor:encore",
    "tutor:firepunch",
    "tutor:healbell",
    "tutor:helpinghand",
    "tutor:hypervoice",
    "tutor:icepunch",
    "tutor:icywind",
    "tutor:laserfocus",
    "tutor:magiccoat",
    "tutor:magicroom",
    "tutor:mistyterrain",
    "tutor:mysticalfire",
    "tutor:painsplit",
    "tutor:psychicterrain",
    "tutor:psychup",
    "tutor:signalbeam",
    "tutor:snatch",
    "tutor:snore",
    "tutor:storedpower",
    "tutor:thunderpunch",
    "tutor:trick",
    "tutor:wonderroom",
    "tutor:zenheadbutt",
    "tutor:vacuumwave"
  ]
}