{
  "target": "cobblemon:gorebyss",
  "primaryType": "water",
  "secondaryType": "fairy",
  "abilities": [
    "dazzling",
    "h:regenerator"
  ],
  "baseStats": {
    "hp": 55,
    "attack": 84,
    "defence": 105,
    "special_attack": 104,
    "special_defence": 75,
    "speed": 52
  },
  "moves": [
    "1:confusion",
    "1:drainingkiss",
    "1:whirlpool",
    "5:watersport",
    "9:agility",
    "14:waterpulse",
    "16:amnesia",
    "19:aquaring",
    "23:icywind",
    "26:dive",
    "34:psychic",
    "39:aquatail",
    "45:coil",
    "47:moonblast",
    "50:hydropump",
    "55:shellsmash",
    "egg:aquaring",
    "egg:barrier",
    "egg:bodyslam",
    "egg:brine",
    "egg:confuseray",
    "egg:endure",
    "egg:muddywater",
    "egg:refresh",
    "egg:shellsmash",
    "egg:supersonic",
    "egg:waterpulse",
    "tm:blizzard",
    "tm:dazzlinggleam",
    "tm:drainingkiss",
    "tm:facade",
    "tm:flipturn",
    "tm:snowscape",
    "tm:hiddenpower",
    "tm:icebeam",
    "tm:icywind",
    "tm:protect",
    "tm:psychic",
    "tm:raindance",
    "tm:rest",
    "tm:return",
    "tm:scald",
    "tm:scaleshot",
    "tm:shadowball",
    "tm:sleeptalk",
    "tm:substitute",
    "tm:surf",
    "tm:toxic",
    "tm:waterfall",
    "tutor:agility",
    "tutor:aquatail",
    "tutor:batonpass",
    "tutor:bodyslam",
    "tutor:bounce",
    "tutor:confide",
    "tutor:hydropump",
    "tutor:icywind",
    "tutor:irondefense",
    "tutor:muddywater",
    "tutor:psychup",
    "tutor:signalbeam",
    "tutor:snore",
    "tutor:whirlpool"
  ]
}