{
  "target": "cobblemon:groudon",
  "abilities": [
    "drought"
  ],
  "baseStats": {
    "hp": 100,
    "attack": 150,
    "defence": 140,
    "special_attack": 100,
    "special_defence": 90,
    "speed": 90
  },
  "moves": [
    "1:ancientpower",
    "1:mudshot",
    "1:smackdown",
    "1:metalclaw",
    "5:scaryface",
    "15:earthpower",
    "15:sandtomb",
    "20:lavaplume",
    "30:rest",
    "35:earthquake",
    "45:precipiceblades",
    "50:bulkup",
    "50:hyperbeam",
    "60:solarbeam",
    "75:fireblast",
    "80:hammerarm",
    "90:eruption",
    "tm:aerialace",
    "tm:bodypress",
    "tm:brickbreak",
    "tm:bulkup",
    "tm:bulldoze",
    "tm:cut",
    "tm:dig",
    "tm:dragonclaw",
    "tm:dragonpulse",
    "tm:dragontail",
    "tm:earthquake",
    "tm:facade",
    "tm:fireblast",
    "tm:flamethrower",
    "tm:focusblast",
    "tm:aurasphere",
    "tm:heatcrash",
    "tm:hiddenpower",
    "tm:honeclaws",
    "tm:irontail",
    "tm:overheat",
    "tm:poweruppunch",
    "tm:protect",
    "tm:rest",
    "tm:return",
    "tm:roar",
    "tm:rockclimb",
    "tm:rockpolish",
    "tm:rockslide",
    "tm:rocksmash",
    "tm:rocktomb",
    "tm:sandstorm",
    "tm:scorchingsands",
    "tm:shadowclaw",
    "tm:sleeptalk",
    "tm:solarbeam",
    "tm:stealthrock",
    "tm:stoneedge",
    "tm:strength",
    "tm:substitute",
    "tm:sunnyday",
    "tm:swordsdance",
    "tm:thunder",
    "tm:thunderbolt",
    "tm:thunderwave",
    "tm:toxic",
    "tm:willowisp",
    "tm:spikes",
    "tutor:block",
    "tutor:bodyslam",
    "tutor:confide",
    "tutor:earthpower",
    "tutor:firepunch",
    "tutor:heatcrash",
    "tutor:heavyslam",
    "tutor:highhorsepower",
    "tutor:ironhead",
    "tutor:psychup",
    "tutor:rockblast",
    "tutor:scaryface",
    "tutor:snore",
    "tutor:stompingtantrum",
    "tutor:thunderpunch",
    "tutor:uproar",
    "tutor:spikes"
  ]
}