{
  "target": "cobblemon:grovyle",
  "abilities": [
    "overgrow",
    "h:unburden"
  ],
  "baseStats": {
    "hp": 50,
    "attack": 65,
    "defence": 45,
    "special_attack": 85,
    "special_defence": 65,
    "speed": 95
  },
  "moves": [
    "1:absorb",
    "1:falseswipe",
    "1:furycutter",
    "1:leer",
    "1:pound",
    "1:quickattack",
    "13:megadrain",
    "18:pursuit",
    "23:seismictoss",
    "28:leafblade",
    "30:agility",
    "33:slam",
    "37:gigadrain",
    "38:detect",
    "43:xscissor",
    "53:quickguard",
    "58:leafstorm",
    "63:screech",
    "egg:bulletseed",
    "egg:crunch",
    "egg:crushclaw",
    "egg:doublekick",
    "egg:dragonbreath",
    "egg:endeavor",
    "egg:grasswhistle",
    "egg:grassyterrain",
    "egg:leafstorm",
    "egg:leechseed",
    "egg:magicalleaf",
    "egg:mudsport",
    "egg:naturalgift",
    "egg:razorwind",
    "egg:synthesis",
    "egg:worryseed",
    "tm:acrobatics",
    "tm:aerialace",
    "tm:brickbreak",
    "tm:bulletseed",
    "tm:cut",
    "tm:dig",
    "tm:drainpunch",
    "tm:energyball",
    "tm:facade",
    "tm:flash",
    "tm:focuspunch",
    "tm:gigadrain",
    "tm:grassknot",
    "tm:grassyglide",
    "tm:hiddenpower",
    "tm:irontail",
    "tm:lowkick",
    "tm:lowsweep",
    "tm:poweruppunch",
    "tm:protect",
    "tm:rest",
    "tm:return",
    "tm:rockslide",
    "tm:rocksmash",
    "tm:rocktomb",
    "tm:sleeptalk",
    "tm:solarbeam",
    "tm:solarblade",
    "tm:strength",
    "tm:substitute",
    "tm:sunnyday",
    "tm:swordsdance",
    "tm:toxic",
    "tm:workup",
    "tm:xscissor",
    "tm:vacuumwave",
    "tutor:agility",
    "tutor:bodyslam",
    "tutor:confide",
    "tutor:crunch",
    "tutor:endeavor",
    "tutor:grasspledge",
    "tutor:grassyterrain",
    "tutor:leafblade",
    "tutor:leafstorm",
    "tutor:lowkick",
    "tutor:screech",
    "tutor:seedbomb",
    "tutor:snore",
    "tutor:solarblade",
    "tutor:synthesis",
    "tutor:thunderpunch",
    "tutor:worryseed"
  ]
}