{
  "target": "cobblemon:grumpig",
  "abilities": [
    "thickfat",
    "owntempo",
    "h:gluttony"
  ],
  "baseStats": {
    "hp": 90,
    "attack": 45,
    "defence": 65,
    "special_attack": 90,
    "special_defence": 110,
    "speed": 80
  },
  "moves": [
    "1:belch",
    "1:odorsleuth",
    "1:psybeam",
    "1:psywave",
    "1:teeterdance",
    "1:thunderwave",
    "15:psychup",
    "18:confuseray",
    "21:magiccoat",
    "26:zenheadbutt",
    "29:powergem",
    "35:rest",
    "35:snore",
    "42:psyshock",
    "46:payback",
    "52:psychic",
    "60:bounce",
    "65:slackoff",
    "egg:amnesia",
    "egg:endure",
    "egg:extrasensory",
    "egg:futuresight",
    "egg:luckychant",
    "egg:mirrorcoat",
    "egg:simplebeam",
    "egg:skillswap",
    "egg:trick",
    "egg:whirlwind",
    "egg:zenheadbutt",
    "tm:brickbreak",
    "tm:bulldoze",
    "tm:calmmind",
    "tm:chargebeam",
    "tm:dazzlinggleam",
    "tm:drainpunch",
    "tm:energyball",
    "tm:expandingforce",
    "tm:facade",
    "tm:flash",
    "tm:focusblast",
    "tm:aurasphere",
    "tm:focuspunch",
    "tm:futuresight",
    "tm:grassknot",
    "tm:hiddenpower",
    "tm:icywind",
    "tm:irontail",
    "tm:lightscreen",
    "tm:poweruppunch",
    "tm:protect",
    "tm:psychic",
    "tm:psyshock",
    "tm:raindance",
    "tm:reflect",
    "tm:rest",
    "tm:return",
    "tm:shadowball",
    "tm:sleeptalk",
    "tm:substitute",
    "tm:sunnyday",
    "tm:taunt",
    "tm:thief",
    "tm:thunderwave",
    "tm:toxic",
    "tm:trailblaze",
    "tm:trickroom",
    "tm:psychicnoise",
    "tutor:bodyslam",
    "tutor:bounce",
    "tutor:confide",
    "tutor:covet",
    "tutor:earthpower",
    "tutor:firepunch",
    "tutor:healbell",
    "tutor:icepunch",
    "tutor:icywind",
    "tutor:laserfocus",
    "tutor:magiccoat",
    "tutor:nastyplot",
    "tutor:powergem",
    "tutor:psychup",
    "tutor:roleplay",
    "tutor:signalbeam",
    "tutor:snatch",
    "tutor:snore",
    "tutor:thunderpunch",
    "tutor:trick",
    "tutor:uproar",
    "tutor:zenheadbutt"
  ]
}