{
  "target": "cobblemon:gulpin",
  "abilities": [
    "liquidooze",
    "stickyhold",
    "h:gluttony"
  ],
  "baseStats": {
    "hp": 70,
    "attack": 43,
    "defence": 53,
    "special_attack": 43,
    "special_defence": 53,
    "speed": 40
  },
  "moves": [
    "1:pound",
    "5:yawn",
    "8:poisongas",
    "10:sludge",
    "12:amnesia",
    "17:acidspray",
    "20:encore",
    "25:toxic",
    "28:spitup",
    "28:stockpile",
    "28:swallow",
    "33:sludgebomb",
    "36:gastroacid",
    "41:belch",
    "44:wringout",
    "49:gunkshot",
    "egg:acidarmor",
    "egg:curse",
    "egg:destinybond",
    "egg:gunkshot",
    "egg:mudslap",
    "egg:painsplit",
    "egg:smog",
    "egg:venomdrench",
    "tm:bulletseed",
    "tm:explosion",
    "tm:facade",
    "tm:gigadrain",
    "tm:hiddenpower",
    "tm:icebeam",
    "tm:poweruppunch",
    "tm:protect",
    "tm:raindance",
    "tm:rest",
    "tm:return",
    "tm:rocksmash",
    "tm:shadowball",
    "tm:sleeptalk",
    "tm:sludgebomb",
    "tm:sludgewave",
    "tm:solarbeam",
    "tm:strength",
    "tm:substitute",
    "tm:sunnyday",
    "tm:toxic",
    "tm:venoshock",
    "tutor:bodyslam",
    "tutor:confide",
    "tutor:encore",
    "tutor:firepunch",
    "tutor:gastroacid",
    "tutor:gunkshot",
    "tutor:icepunch",
    "tutor:painsplit",
    "tutor:seedbomb",
    "tutor:snatch",
    "tutor:snore",
    "tutor:thunderpunch",
    "tutor:venomdrench",
    "tutor:toxicspikes"
  ]
}