{
  "target": "cobblemon:hariyama",
  "abilities": [
    "thickfat",
    "guts",
    "h:sheerforce"
  ],
  "baseStats": {
    "hp": 144,
    "attack": 120,
    "defence": 60,
    "special_attack": 40,
    "special_defence": 60,
    "speed": 50
  },
  "moves": [
    "1:armthrust",
    "1:brine",
    "1:focusenergy",
    "1:tackle",
    "1:upperhand",
    "10:fakeout",
    "13:forcepalm",
    "16:whirlwind",
    "19:knockoff",
    "22:vitalthrow",
    "26:bellydrum",
    "30:smellingsalts",
    "34:seismictoss",
    "38:wakeupslap",
    "42:endure",
    "46:closecombat",
    "50:reversal",
    "54:heavyslam",
    "egg:bulletpunch",
    "egg:chipaway",
    "egg:counter",
    "egg:crosschop",
    "egg:detect",
    "egg:dynamicpunch",
    "egg:feint",
    "egg:feintattack",
    "egg:focuspunch",
    "egg:foresight",
    "egg:helpinghand",
    "egg:revenge",
    "egg:wakeupslap",
    "egg:wideguard",
    "tm:bodypress",
    "tm:brickbreak",
    "tm:bulkup",
    "tm:bulldoze",
    "tm:coaching",
    "tm:dig",
    "tm:drainpunch",
    "tm:earthquake",
    "tm:facade",
    "tm:focusblast",
    "tm:focuspunch",
    "tm:heatcrash",
    "tm:hiddenpower",
    "tm:lowkick",
    "tm:lowsweep",
    "tm:poisonjab",
    "tm:poweruppunch",
    "tm:protect",
    "tm:raindance",
    "tm:rest",
    "tm:return",
    "tm:rockclimb",
    "tm:rockslide",
    "tm:rocksmash",
    "tm:rocktomb",
    "tm:sleeptalk",
    "tm:stoneedge",
    "tm:strength",
    "tm:substitute",
    "tm:sunnyday",
    "tm:superpower",
    "tm:surf",
    "tm:toxic",
    "tm:workup",
    "tutor:bodypress",
    "tutor:bodyslam",
    "tutor:closecombat",
    "tutor:confide",
    "tutor:firepunch",
    "tutor:focusenergy",
    "tutor:heatcrash",
    "tutor:heavyslam",
    "tutor:helpinghand",
    "tutor:highhorsepower",
    "tutor:icepunch",
    "tutor:ironhead",
    "tutor:knockoff",
    "tutor:lowkick",
    "tutor:reversal",
    "tutor:roleplay",
    "tutor:snore",
    "tutor:stompingtantrum",
    "tutor:superpower",
    "tutor:throatchop",
    "tutor:thunderpunch",
    "tutor:vacuumwave",
    "tutor:whirlpool"
  ]
}