{
  "target": "cobblemon:huntail",
  "primaryType": "water",
  "secondaryType": "dark",
  "abilities": [
    "intimidate",
    "h:defiant"
  ],
  "baseStats": {
    "hp": 55,
    "attack": 104,
    "defence": 105,
    "special_attack": 94,
    "special_defence": 75,
    "speed": 52
  },
  "moves": [
    "1:bite",
    "1:psychicfangs",
    "1:whirlpool",
    "5:screech",
    "9:scaryface",
    "11:feintattack",
    "14:waterpulse",
    "19:brine",
    "23:icefang",
    "26:dive",
    "28:suckerpunch",
    "39:aquatail",
    "45:coil",
    "47:crunch",
    "50:aquafang",
    "55:shellsmash",
    "64:wavecrash",
    "egg:aquaring",
    "egg:barrier",
    "egg:bodyslam",
    "egg:brine",
    "egg:confuseray",
    "egg:endure",
    "egg:muddywater",
    "egg:refresh",
    "egg:shellsmash",
    "egg:supersonic",
    "egg:waterpulse",
    "tm:blizzard",
    "tm:facade",
    "tm:flipturn",
    "tm:snowscape",
    "tm:hiddenpower",
    "tm:icebeam",
    "tm:icywind",
    "tm:protect",
    "tm:raindance",
    "tm:rest",
    "tm:return",
    "tm:rocktomb",
    "tm:scald",
    "tm:scaleshot",
    "tm:sleeptalk",
    "tm:substitute",
    "tm:surf",
    "tm:toxic",
    "tm:waterfall",
    "tutor:aquatail",
    "tutor:batonpass",
    "tutor:bodyslam",
    "tutor:bounce",
    "tutor:confide",
    "tutor:crunch",
    "tutor:darkhole",
    "tutor:hydropump",
    "tutor:icefang",
    "tutor:icywind",
    "tutor:irondefense",
    "tutor:liquidation",
    "tutor:muddywater",
    "tutor:psychicfangs",
    "tutor:scaryface",
    "tutor:screech",
    "tutor:snatch",
    "tutor:snore",
    "tutor:superfang",
    "tutor:whirlpool"
  ]
}