{
  "target": "cobblemon:illumise",
  "primaryType": "bug",
  "secondaryType": "fairy",
  "abilities": [
    "oblivious",
    "tintedlens",
    "h:prankster"
  ],
  "baseStats": {
    "hp": 85,
    "attack": 90,
    "defence": 75,
    "special_attack": 47,
    "special_defence": 85,
    "speed": 100
  },
  "moves": [
    "1:covet",
    "1:playnice",
    "5:sweetscent",
    "9:charm",
    "12:quickattack",
    "15:bugbite",
    "18:moonlight",
    "21:wish",
    "24:pounce",
    "26:encore",
    "29:flatter",
    "33:lunge",
    "36:helpinghand",
    "40:zenheadbutt",
    "43:playrough",
    "47:doubleedge",
    "50:infestation",
    "egg:aromatherapy",
    "egg:bugbuzz",
    "egg:captivate",
    "egg:confuseray",
    "egg:encore",
    "egg:faketears",
    "egg:growth",
    "egg:silverwind",
    "tm:acrobatics",
    "tm:aerialace",
    "tm:brickbreak",
    "tm:chargebeam",
    "tm:dazzlinggleam",
    "tm:defog",
    "tm:dualwingbeat",
    "tm:facade",
    "tm:flash",
    "tm:focuspunch",
    "tm:gigadrain",
    "tm:hiddenpower",
    "tm:lightscreen",
    "tm:poweruppunch",
    "tm:protect",
    "tm:raindance",
    "tm:rest",
    "tm:return",
    "tm:roost",
    "tm:shadowball",
    "tm:sleeptalk",
    "tm:solarbeam",
    "tm:substitute",
    "tm:sunnyday",
    "tm:thief",
    "tm:thunder",
    "tm:thunderbolt",
    "tm:thunderwave",
    "tm:toxic",
    "tm:uturn",
    "tutor:batonpass",
    "tutor:bodyslam",
    "tutor:bugbite",
    "tutor:bugbuzz",
    "tutor:confide",
    "tutor:covet",
    "tutor:encore",
    "tutor:faketears",
    "tutor:helpinghand",
    "tutor:icepunch",
    "tutor:playrough",
    "tutor:pollenpuff",
    "tutor:psychup",
    "tutor:snore",
    "tutor:tailwind",
    "tutor:thunderpunch",
    "tutor:zenheadbutt"
  ]
}