{
  "target": "cobblemon:jirachi",
  "abilities": [
    "serenegrace"
  ],
  "baseStats": {
    "hp": 100,
    "attack": 100,
    "defence": 100,
    "special_attack": 100,
    "special_defence": 100,
    "speed": 100
  },
  "moves": [
    "1:confusion",
    "1:wish",
    "5:rest",
    "10:swift",
    "15:helpinghand",
    "20:psychic",
    "25:refresh",
    "30:luckychant",
    "35:zenheadbutt",
    "40:doubleedge",
    "45:gravity",
    "49:meteormash",
    "50:healingwish",
    "55:futuresight",
    "60:cosmicpower",
    "65:lastresort",
    "70:doomdesire",
    "tm:aerialace",
    "tm:calmmind",
    "tm:chargebeam",
    "tm:cosmicpower",
    "tm:dazzlinggleam",
    "tm:drainpunch",
    "tm:energyball",
    "tm:expandingforce",
    "tm:facade",
    "tm:flash",
    "tm:flashcannon",
    "tm:futuresight",
    "tm:grassknot",
    "tm:hiddenpower",
    "tm:icywind",
    "tm:lightscreen",
    "tm:meteorbeam",
    "tm:poweruppunch",
    "tm:protect",
    "tm:psychic",
    "tm:psyshock",
    "tm:raindance",
    "tm:reflect",
    "tm:rest",
    "tm:return",
    "tm:sandstorm",
    "tm:shadowball",
    "tm:sleeptalk",
    "tm:stealthrock",
    "tm:steelbeam",
    "tm:substitute",
    "tm:sunnyday",
    "tm:thunder",
    "tm:thunderbolt",
    "tm:thunderwave",
    "tm:toxic",
    "tm:trickroom",
    "tm:uturn",
    "tm:psychicnoise",
    "tutor:aurasphere",
    "tutor:batonpass",
    "tutor:bodyslam",
    "tutor:confide",
    "tutor:cosmicpower",
    "tutor:encore",
    "tutor:firepunch",
    "tutor:gravity",
    "tutor:helpinghand",
    "tutor:icepunch",
    "tutor:icywind",
    "tutor:irondefense",
    "tutor:ironhead",
    "tutor:lastresort",
    "tutor:magiccoat",
    "tutor:magicroom",
    "tutor:playrough",
    "tutor:psychup",
    "tutor:signalbeam",
    "tutor:snore",
    "tutor:storedpower",
    "tutor:thunderpunch",
    "tutor:trick",
    "tutor:uproar",
    "tutor:zenheadbutt"
  ]
}