{
  "target": "cobblemon:kecleon",
  "abilities": [
    "protean"
  ],
  "baseStats": {
    "hp": 85,
    "attack": 100,
    "defence": 70,
    "special_attack": 60,
    "special_defence": 120,
    "speed": 40
  },
  "moves": [
    "1:astonish",
    "1:drainpunch",
    "1:lick",
    "1:scratch",
    "1:tailwhip",
    "4:bind",
    "7:shadowsneak",
    "10:feint",
    "13:furyswipes",
    "16:feintattack",
    "18:psybeam",
    "21:ancientpower",
    "25:slash",
    "30:camouflage",
    "33:shadowclaw",
    "38:screech",
    "42:substitute",
    "46:suckerpunch",
    "50:synchronoise",
    "egg:camouflage",
    "egg:disable",
    "egg:dizzypunch",
    "egg:fakeout",
    "egg:foulplay",
    "egg:magiccoat",
    "egg:nastyplot",
    "egg:poweruppunch",
    "egg:recover",
    "egg:skillswap",
    "egg:snatch",
    "egg:trick",
    "tm:aerialace",
    "tm:blizzard",
    "tm:brickbreak",
    "tm:chargebeam",
    "tm:cut",
    "tm:dig",
    "tm:drainpunch",
    "tm:facade",
    "tm:fireblast",
    "tm:flamethrower",
    "tm:flash",
    "tm:focuspunch",
    "tm:grassknot",
    "tm:hiddenpower",
    "tm:honeclaws",
    "tm:icebeam",
    "tm:icywind",
    "tm:irontail",
    "tm:lowkick",
    "tm:poweruppunch",
    "tm:protect",
    "tm:raindance",
    "tm:rest",
    "tm:return",
    "tm:rockslide",
    "tm:rocksmash",
    "tm:rocktomb",
    "tm:scaleshot",
    "tm:shadowball",
    "tm:shadowclaw",
    "tm:sleeptalk",
    "tm:solarbeam",
    "tm:stealthrock",
    "tm:strength",
    "tm:substitute",
    "tm:sunnyday",
    "tm:thief",
    "tm:thunder",
    "tm:thunderbolt",
    "tm:thunderwave",
    "tm:toxic",
    "tm:trickroom",
    "tm:workup",
    "tutor:afteryou",
    "tutor:aquatail",
    "tutor:bodyslam",
    "tutor:confide",
    "tutor:firepunch",
    "tutor:foulplay",
    "tutor:icepunch",
    "tutor:icywind",
    "tutor:knockoff",
    "tutor:lastresort",
    "tutor:lowkick",
    "tutor:magiccoat",
    "tutor:nastyplot",
    "tutor:psychup",
    "tutor:roleplay",
    "tutor:screech",
    "tutor:snatch",
    "tutor:snore",
    "tutor:thunderpunch",
    "tutor:trick",
    "tutor:wonderroom"
  ]
}