{
  "target": "cobblemon:kirlia",
  "abilities": [
    "synchronize",
    "trace",
    "h:telepathy"
  ],
  "baseStats": {
    "hp": 38,
    "attack": 35,
    "defence": 35,
    "special_attack": 65,
    "special_defence": 55,
    "speed": 50
  },
  "moves": [
    "1:confusion",
    "1:growl",
    "1:teleport",
    "11:disarmingvoice",
    "14:luckychant",
    "17:magicalleaf",
    "19:healpulse",
    "23:drainingkiss",
    "26:calmmind",
    "30:psychic",
    "33:imprison",
    "37:futuresight",
    "40:charm",
    "44:hypnosis",
    "47:dreameater",
    "51:storedpower",
    "egg:confuseray",
    "egg:destinybond",
    "egg:disable",
    "egg:encore",
    "egg:grudge",
    "egg:knockoff",
    "egg:meanlook",
    "egg:memento",
    "egg:mistyterrain",
    "egg:shadowsneak",
    "egg:skillswap",
    "egg:synchronoise",
    "tm:calmmind",
    "tm:chargebeam",
    "tm:dazzlinggleam",
    "tm:drainingkiss",
    "tm:expandingforce",
    "tm:facade",
    "tm:flash",
    "tm:futuresight",
    "tm:grassknot",
    "tm:hiddenpower",
    "tm:hypervoice",
    "tm:icebeam",
    "tm:icywind",
    "tm:lightscreen",
    "tm:protect",
    "tm:psychic",
    "tm:psyshock",
    "tm:raindance",
    "tm:reflect",
    "tm:rest",
    "tm:return",
    "tm:shadowball",
    "tm:sleeptalk",
    "tm:substitute",
    "tm:sunnyday",
    "tm:taunt",
    "tm:teleport",
    "tm:thief",
    "tm:thunderbolt",
    "tm:thunderwave",
    "tm:toxic",
    "tm:trickroom",
    "tm:tripleaxel",
    "tm:willowisp",
    "tm:alluringvoice",
    "tutor:bodyslam",
    "tutor:confide",
    "tutor:encore",
    "tutor:firepunch",
    "tutor:helpinghand",
    "tutor:hypervoice",
    "tutor:icepunch",
    "tutor:icywind",
    "tutor:magiccoat",
    "tutor:magicroom",
    "tutor:mistyterrain",
    "tutor:painsplit",
    "tutor:psychup",
    "tutor:signalbeam",
    "tutor:snatch",
    "tutor:snore",
    "tutor:storedpower",
    "tutor:thunderpunch",
    "tutor:trick",
    "tutor:wonderroom",
    "tutor:zenheadbutt"
  ]
}