{
  "target": "cobblemon:kyogre",
  "baseStats": {
    "hp": 100,
    "attack": 100,
    "defence": 90,
    "special_attack": 150,
    "special_defence": 140,
    "speed": 90
  },
  "moves": [
    "1:ancientpower",
    "1:waterpulse",
    "5:scaryface",
    "15:aquatail",
    "20:bodyslam",
    "30:aquaring",
    "35:icebeam",
    "35:avalanche",
    "45:originpulse",
    "50:calmmind",
    "60:muddywater",
    "75:hydropump",
    "80:doubleedge",
    "90:waterspout",
    "tm:blizzard",
    "tm:brickbreak",
    "tm:bulldoze",
    "tm:calmmind",
    "tm:earthquake",
    "tm:facade",
    "tm:snowscape",
    "tm:hiddenpower",
    "tm:icebeam",
    "tm:icywind",
    "tm:protect",
    "tm:raindance",
    "tm:rest",
    "tm:return",
    "tm:roar",
    "tm:rockslide",
    "tm:rocksmash",
    "tm:rocktomb",
    "tm:scald",
    "tm:sleeptalk",
    "tm:strength",
    "tm:substitute",
    "tm:surf",
    "tm:thunder",
    "tm:thunderbolt",
    "tm:thunderwave",
    "tm:toxic",
    "tm:waterfall",
    "tutor:aquatail",
    "tutor:block",
    "tutor:bodyslam",
    "tutor:confide",
    "tutor:heavyslam",
    "tutor:hydropump",
    "tutor:icywind",
    "tutor:ironhead",
    "tutor:liquidation",
    "tutor:muddywater",
    "tutor:psychup",
    "tutor:scaryface",
    "tutor:signalbeam",
    "tutor:snore",
    "tutor:uproar",
    "tutor:whirlpool"
  ]
}