{
  "target": "cobblemon:latias",
  "baseStats": {
    "hp": 80,
    "attack": 80,
    "defence": 90,
    "special_attack": 110,
    "special_defence": 130,
    "speed": 110
  },
  "moves": [
    "1:healingwish",
    "1:helpinghand",
    "1:psywave",
    "1:safeguard",
    "1:wish",
    "4:watersport",
    "7:charm",
    "10:storedpower",
    "13:refresh",
    "16:healpulse",
    "20:dragonbreath",
    "24:psybeam",
    "28:psychoshift",
    "32:recover",
    "35:mistball",
    "36:reflecttype",
    "41:zenheadbutt",
    "46:guardsplit",
    "51:psychic",
    "56:dragonpulse",
    "tm:aerialace",
    "tm:bulldoze",
    "tm:calmmind",
    "tm:chargebeam",
    "tm:cut",
    "tm:defog",
    "tm:dracobarrage",
    "tm:dragonclaw",
    "tm:dragondance",
    "tm:dragonpulse",
    "tm:dualwingbeat",
    "tm:earthquake",
    "tm:energyball",
    "tm:expandingforce",
    "tm:facade",
    "tm:flash",
    "tm:fly",
    "tm:futuresight",
    "tm:grassknot",
    "tm:hiddenpower",
    "tm:honeclaws",
    "tm:icebeam",
    "tm:icywind",
    "tm:lightscreen",
    "tm:protect",
    "tm:psychic",
    "tm:psyshock",
    "tm:raindance",
    "tm:reflect",
    "tm:rest",
    "tm:return",
    "tm:roar",
    "tm:roost",
    "tm:sandstorm",
    "tm:scaleshot",
    "tm:shadowball",
    "tm:shadowclaw",
    "tm:sleeptalk",
    "tm:solarbeam",
    "tm:steelwing",
    "tm:substitute",
    "tm:sunnyday",
    "tm:surf",
    "tm:teleport",
    "tm:thunder",
    "tm:thunderbolt",
    "tm:thunderwave",
    "tm:toxic",
    "tm:waterfall",
    "tm:alluringvoice",
    "tutor:agility",
    "tutor:airslash",
    "tutor:aurasphere",
    "tutor:batonpass",
    "tutor:bodyslam",
    "tutor:breakingswipe",
    "tutor:confide",
    "tutor:covet",
    "tutor:dracometeor",
    "tutor:dragondance",
    "tutor:helpinghand",
    "tutor:icywind",
    "tutor:laserfocus",
    "tutor:lastresort",
    "tutor:magiccoat",
    "tutor:magicroom",
    "tutor:mysticalfire",
    "tutor:outrage",
    "tutor:psychocut",
    "tutor:psychup",
    "tutor:roleplay",
    "tutor:snore",
    "tutor:storedpower",
    "tutor:tailwind",
    "tutor:trick",
    "tutor:whirlpool",
    "tutor:zenheadbutt"
  ]
}