{
  "target": "cobblemon:lileep",
  "abilities": [
    "suctioncups",
    "h:stormdrain"
  ],
  "baseStats": {
    "hp": 66,
    "attack": 41,
    "defence": 77,
    "special_attack": 61,
    "special_defence": 87,
    "speed": 23
  },
  "moves": [
    "1:astonish",
    "1:constrict",
    "5:acid",
    "9:ingrain",
    "13:confuseray",
    "17:ancientpower",
    "21:brine",
    "26:gigadrain",
    "31:gastroacid",
    "36:amnesia",
    "41:energyball",
    "46:spitup",
    "46:stockpile",
    "46:swallow",
    "52:wringout",
    "egg:barrier",
    "egg:curse",
    "egg:endure",
    "egg:megadrain",
    "egg:mirrorcoat",
    "egg:recover",
    "egg:stealthrock",
    "egg:tickle",
    "egg:wringout",
    "tm:bulletseed",
    "tm:energyball",
    "tm:facade",
    "tm:flash",
    "tm:gigadrain",
    "tm:grassknot",
    "tm:grassyglide",
    "tm:hiddenpower",
    "tm:meteorbeam",
    "tm:protect",
    "tm:rest",
    "tm:return",
    "tm:rockpolish",
    "tm:rockslide",
    "tm:rocktomb",
    "tm:sandstorm",
    "tm:sleeptalk",
    "tm:sludgebomb",
    "tm:solarbeam",
    "tm:stealthrock",
    "tm:substitute",
    "tm:sunnyday",
    "tm:swordsdance",
    "tm:toxic",
    "tutor:bodyslam",
    "tutor:confide",
    "tutor:earthpower",
    "tutor:gastroacid",
    "tutor:painsplit",
    "tutor:powergem",
    "tutor:rockblast",
    "tutor:seedbomb",
    "tutor:snore",
    "tutor:synthesis",
    "tutor:worryseed"
  ]
}