{
  "target": "cobblemon:lombre",
  "abilities": [
    "swiftswim",
    "raindish",
    "h:owntempo"
  ],
  "baseStats": {
    "hp": 60,
    "attack": 50,
    "defence": 50,
    "special_attack": 60,
    "special_defence": 70,
    "speed": 50
  },
  "moves": [
    "1:astonish",
    "3:growl",
    "6:absorb",
    "9:bubble",
    "12:aurorabeam",
    "16:fakeout",
    "20:watersport",
    "24:bubblebeam",
    "28:naturepower",
    "32:uproar",
    "36:knockoff",
    "40:zenheadbutt",
    "44:hydropump",
    "egg:counter",
    "egg:flail",
    "egg:gigadrain",
    "egg:leechseed",
    "egg:razorleaf",
    "egg:sweetscent",
    "egg:synthesis",
    "egg:teeterdance",
    "egg:tickle",
    "egg:watergun",
    "tm:blizzard",
    "tm:brickbreak",
    "tm:bulletseed",
    "tm:drainpunch",
    "tm:energyball",
    "tm:facade",
    "tm:flash",
    "tm:gigadrain",
    "tm:grassknot",
    "tm:grassyglide",
    "tm:snowscape",
    "tm:hiddenpower",
    "tm:honeclaws",
    "tm:hypervoice",
    "tm:icebeam",
    "tm:icywind",
    "tm:poweruppunch",
    "tm:protect",
    "tm:raindance",
    "tm:rest",
    "tm:return",
    "tm:rocksmash",
    "tm:scald",
    "tm:sleeptalk",
    "tm:solarbeam",
    "tm:strength",
    "tm:substitute",
    "tm:sunnyday",
    "tm:surf",
    "tm:swordsdance",
    "tm:thief",
    "tm:toxic",
    "tm:waterfall",
    "tutor:bodyslam",
    "tutor:confide",
    "tutor:encore",
    "tutor:firepunch",
    "tutor:hydropump",
    "tutor:hypervoice",
    "tutor:icepunch",
    "tutor:icywind",
    "tutor:knockoff",
    "tutor:muddywater",
    "tutor:seedbomb",
    "tutor:snore",
    "tutor:synthesis",
    "tutor:thunderpunch",
    "tutor:uproar",
    "tutor:whirlpool",
    "tutor:zenheadbutt"
  ]
}