{
  "target": "cobblemon:lotad",
  "abilities": [
    "swiftswim",
    "raindish",
    "h:owntempo"
  ],
  "baseStats": {
    "hp": 40,
    "attack": 30,
    "defence": 30,
    "special_attack": 40,
    "special_defence": 50,
    "speed": 30
  },
  "moves": [
    "1:astonish",
    "3:growl",
    "6:absorb",
    "9:bubble",
    "12:aurorabeam",
    "15:mist",
    "18:megadrain",
    "21:bubblebeam",
    "24:naturepower",
    "27:raindance",
    "30:gigadrain",
    "33:zenheadbutt",
    "36:energyball",
    "egg:counter",
    "egg:flail",
    "egg:gigadrain",
    "egg:leechseed",
    "egg:razorleaf",
    "egg:sweetscent",
    "egg:synthesis",
    "egg:teeterdance",
    "egg:tickle",
    "egg:watergun",
    "tm:blizzard",
    "tm:bulletseed",
    "tm:energyball",
    "tm:facade",
    "tm:flash",
    "tm:gigadrain",
    "tm:grassknot",
    "tm:grassyglide",
    "tm:snowscape",
    "tm:hiddenpower",
    "tm:icebeam",
    "tm:icywind",
    "tm:protect",
    "tm:raindance",
    "tm:rest",
    "tm:return",
    "tm:scald",
    "tm:sleeptalk",
    "tm:solarbeam",
    "tm:substitute",
    "tm:sunnyday",
    "tm:surf",
    "tm:swordsdance",
    "tm:thief",
    "tm:toxic",
    "tutor:bodyslam",
    "tutor:confide",
    "tutor:icywind",
    "tutor:seedbomb",
    "tutor:snore",
    "tutor:synthesis",
    "tutor:uproar",
    "tutor:whirlpool",
    "tutor:zenheadbutt"
  ]
}