{
  "target": "cobblemon:loudred",
  "abilities": [
    "soundproof",
    "oblivious",
    "h:punkrock"
  ],
  "baseStats": {
    "hp": 84,
    "attack": 71,
    "defence": 43,
    "special_attack": 71,
    "special_defence": 43,
    "speed": 48
  },
  "moves": [
    "1:bite",
    "1:hypervoice",
    "1:pound",
    "1:shockwave",
    "1:waterpulse",
    "4:echoedvoice",
    "9:astonish",
    "11:howl",
    "15:screech",
    "18:supersonic",
    "23:stomp",
    "27:uproar",
    "32:roar",
    "36:rest",
    "41:sleeptalk",
    "50:synchronoise",
    "egg:circlethrow",
    "egg:disarmingvoice",
    "egg:endeavor",
    "egg:extrasensory",
    "egg:faketears",
    "egg:hammerarm",
    "egg:smellingsalts",
    "egg:smokescreen",
    "egg:snore",
    "egg:takedown",
    "egg:whirlwind",
    "tm:blizzard",
    "tm:brickbreak",
    "tm:bulldoze",
    "tm:earthquake",
    "tm:facade",
    "tm:fireblast",
    "tm:flamethrower",
    "tm:hiddenpower",
    "tm:hypervoice",
    "tm:icebeam",
    "tm:icywind",
    "tm:lowkick",
    "tm:overheat",
    "tm:poweruppunch",
    "tm:protect",
    "tm:raindance",
    "tm:rest",
    "tm:return",
    "tm:roar",
    "tm:rockslide",
    "tm:rocksmash",
    "tm:rocktomb",
    "tm:shadowball",
    "tm:sleeptalk",
    "tm:solarbeam",
    "tm:strength",
    "tm:substitute",
    "tm:sunnyday",
    "tm:taunt",
    "tm:toxic",
    "tm:workup",
    "tutor:bodyslam",
    "tutor:confide",
    "tutor:endeavor",
    "tutor:faketears",
    "tutor:firepunch",
    "tutor:hypervoice",
    "tutor:icepunch",
    "tutor:icywind",
    "tutor:lowkick",
    "tutor:screech",
    "tutor:snore",
    "tutor:stompingtantrum",
    "tutor:thunderpunch",
    "tutor:uproar",
    "tutor:zenheadbutt"
  ]
}