{
  "target": "cobblemon:ludicolo",
  "abilities": [
    "swiftswim",
    "raindish",
    "h:owntempo"
  ],
  "baseStats": {
    "hp": 80,
    "attack": 70,
    "defence": 70,
    "special_attack": 100,
    "special_defence": 100,
    "speed": 70
  },
  "moves": [
    "1:astonish",
    "1:growl",
    "1:megadrain",
    "1:naturepower",
    "40:aquastep",
    "egg:counter",
    "egg:flail",
    "egg:gigadrain",
    "egg:leechseed",
    "egg:razorleaf",
    "egg:sweetscent",
    "egg:synthesis",
    "egg:teeterdance",
    "egg:tickle",
    "egg:watergun",
    "tm:blizzard",
    "tm:brickbreak",
    "tm:bulletseed",
    "tm:drainpunch",
    "tm:energyball",
    "tm:facade",
    "tm:flash",
    "tm:focusblast",
    "tm:aurasphere",
    "tm:focuspunch",
    "tm:gigadrain",
    "tm:grassknot",
    "tm:grassyglide",
    "tm:snowscape",
    "tm:hiddenpower",
    "tm:honeclaws",
    "tm:hypervoice",
    "tm:icebeam",
    "tm:icywind",
    "tm:poweruppunch",
    "tm:protect",
    "tm:raindance",
    "tm:rest",
    "tm:return",
    "tm:rockclimb",
    "tm:rocksmash",
    "tm:scald",
    "tm:sleeptalk",
    "tm:solarbeam",
    "tm:strength",
    "tm:substitute",
    "tm:sunnyday",
    "tm:surf",
    "tm:swordsdance",
    "tm:thief",
    "tm:toxic",
    "tm:waterfall",
    "tutor:bodyslam",
    "tutor:confide",
    "tutor:encore",
    "tutor:firepunch",
    "tutor:hydropump",
    "tutor:hypervoice",
    "tutor:icepunch",
    "tutor:icywind",
    "tutor:knockoff",
    "tutor:leafstorm",
    "tutor:muddywater",
    "tutor:seedbomb",
    "tutor:snore",
    "tutor:synthesis",
    "tutor:thunderpunch",
    "tutor:uproar",
    "tutor:weatherball",
    "tutor:whirlpool",
    "tutor:zenheadbutt"
  ]
}