{
  "target": "cobblemon:luvdisc",
  "primaryType": "water",
  "secondaryType": "fairy",
  "abilities": [
    "swiftswim",
    "h:soulheart"
  ],
  "baseStats": {
    "hp": 43,
    "attack": 30,
    "defence": 55,
    "special_attack": 100,
    "special_defence": 65,
    "speed": 97
  },
  "moves": [
    "1:charm",
    "1:tackle",
    "4:watergun",
    "7:agility",
    "9:drainingkiss",
    "13:luckychant",
    "17:waterpulse",
    "20:attract",
    "22:heartstamp",
    "26:flail",
    "31:sweetkiss",
    "34:takedown",
    "37:captivate",
    "40:lovelykiss",
    "42:soak",
    "46:hydropump",
    "49:safeguard",
    "56:moonblast",
    "egg:aquajet",
    "egg:aquaring",
    "egg:brine",
    "egg:captivate",
    "egg:entrainment",
    "egg:healpulse",
    "egg:mudsport",
    "egg:splash",
    "egg:supersonic",
    "egg:watersport",
    "tm:blizzard",
    "tm:dazzlinggleam",
    "tm:drainingkiss",
    "tm:facade",
    "tm:flipturn",
    "tm:snowscape",
    "tm:hiddenpower",
    "tm:icebeam",
    "tm:icywind",
    "tm:protect",
    "tm:raindance",
    "tm:rest",
    "tm:return",
    "tm:scald",
    "tm:scaleshot",
    "tm:sleeptalk",
    "tm:substitute",
    "tm:surf",
    "tm:toxic",
    "tm:waterfall",
    "tutor:agility",
    "tutor:bounce",
    "tutor:confide",
    "tutor:hydropump",
    "tutor:icywind",
    "tutor:liquidation",
    "tutor:psychup",
    "tutor:snore",
    "tutor:whirlpool"
  ]
}