{
  "target": "cobblemon:makuhita",
  "abilities": [
    "thickfat",
    "guts",
    "h:sheerforce"
  ],
  "baseStats": {
    "hp": 72,
    "attack": 60,
    "defence": 30,
    "special_attack": 20,
    "special_defence": 30,
    "speed": 25
  },
  "moves": [
    "1:focusenergy",
    "1:tackle",
    "7:armthrust",
    "10:fakeout",
    "13:forcepalm",
    "16:whirlwind",
    "19:knockoff",
    "22:vitalthrow",
    "25:bellydrum",
    "28:smellingsalts",
    "31:seismictoss",
    "34:wakeupslap",
    "37:endure",
    "40:closecombat",
    "43:reversal",
    "46:heavyslam",
    "egg:bulletpunch",
    "egg:chipaway",
    "egg:counter",
    "egg:crosschop",
    "egg:detect",
    "egg:dynamicpunch",
    "egg:feint",
    "egg:feintattack",
    "egg:focuspunch",
    "egg:foresight",
    "egg:helpinghand",
    "egg:revenge",
    "egg:wakeupslap",
    "egg:wideguard",
    "tm:brickbreak",
    "tm:bulkup",
    "tm:bulldoze",
    "tm:coaching",
    "tm:dig",
    "tm:drainpunch",
    "tm:earthquake",
    "tm:facade",
    "tm:focusblast",
    "tm:focuspunch",
    "tm:hiddenpower",
    "tm:lowkick",
    "tm:lowsweep",
    "tm:poisonjab",
    "tm:poweruppunch",
    "tm:protect",
    "tm:raindance",
    "tm:rest",
    "tm:return",
    "tm:rockclimb",
    "tm:rockslide",
    "tm:rocksmash",
    "tm:rocktomb",
    "tm:sleeptalk",
    "tm:strength",
    "tm:substitute",
    "tm:sunnyday",
    "tm:superpower",
    "tm:surf",
    "tm:toxic",
    "tm:workup",
    "tutor:bodyslam",
    "tutor:closecombat",
    "tutor:confide",
    "tutor:firepunch",
    "tutor:focusenergy",
    "tutor:heavyslam",
    "tutor:helpinghand",
    "tutor:icepunch",
    "tutor:knockoff",
    "tutor:lowkick",
    "tutor:reversal",
    "tutor:roleplay",
    "tutor:snore",
    "tutor:superpower",
    "tutor:thunderpunch",
    "tutor:vacuumwave",
    "tutor:whirlpool"
  ]
}