{
  "target": "cobblemon:manectric",
  "abilities": [
    "static",
    "lightningrod",
    "h:intimidate"
  ],
  "baseStats": {
    "hp": 70,
    "attack": 75,
    "defence": 60,
    "special_attack": 105,
    "special_defence": 60,
    "speed": 105
  },
  "moves": [
    "1:electricterrain",
    "1:firefang",
    "1:howl",
    "1:tackle",
    "1:thunderwave",
    "4:leer",
    "10:quickattack",
    "13:spark",
    "16:odorsleuth",
    "19:thunderfang",
    "24:bite",
    "30:discharge",
    "36:roar",
    "42:wildcharge",
    "48:charge",
    "54:thunder",
    "egg:discharge",
    "egg:eerieimpulse",
    "egg:electroball",
    "egg:firefang",
    "egg:flameburst",
    "egg:headbutt",
    "egg:icefang",
    "egg:shockwave",
    "egg:swift",
    "egg:switcheroo",
    "egg:thunderfang",
    "egg:uproar",
    "tm:chargebeam",
    "tm:facade",
    "tm:flamethrower",
    "tm:flash",
    "tm:hiddenpower",
    "tm:hypervoice",
    "tm:irontail",
    "tm:lightscreen",
    "tm:overheat",
    "tm:protect",
    "tm:raindance",
    "tm:rest",
    "tm:return",
    "tm:risingvoltage",
    "tm:roar",
    "tm:sleeptalk",
    "tm:snarl",
    "tm:strength",
    "tm:substitute",
    "tm:thief",
    "tm:thunder",
    "tm:thunderbolt",
    "tm:thunderwave",
    "tm:toxic",
    "tm:voltswitch",
    "tm:wildcharge",
    "tutor:agility",
    "tutor:bodyslam",
    "tutor:confide",
    "tutor:crunch",
    "tutor:electricterrain",
    "tutor:electroball",
    "tutor:firefang",
    "tutor:hypervoice",
    "tutor:icefang",
    "tutor:laserfocus",
    "tutor:magnetrise",
    "tutor:psychicfangs",
    "tutor:scaryface",
    "tutor:signalbeam",
    "tutor:snore",
    "tutor:thunderfang",
    "tutor:uproar"
  ]
}