{
  "target": "cobblemon:marshtomp",
  "abilities": [
    "torrent",
    "h:damp"
  ],
  "baseStats": {
    "hp": 70,
    "attack": 85,
    "defence": 70,
    "special_attack": 60,
    "special_defence": 70,
    "speed": 50
  },
  "moves": [
    "1:bulldoze",
    "1:foresight",
    "1:growl",
    "1:mudshot",
    "1:mudslap",
    "1:tackle",
    "1:watergun",
    "4:brine",
    "12:bodyslam",
    "14:rocktomb",
    "18:bide",
    "22:icepunch",
    "28:rockslide",
    "32:protect",
    "38:muddywater",
    "42:takedown",
    "48:earthquake",
    "52:endeavor",
    "egg:ancientpower",
    "egg:avalanche",
    "egg:barrier",
    "egg:bite",
    "egg:counter",
    "egg:curse",
    "egg:doubleedge",
    "egg:iceball",
    "egg:mirrorcoat",
    "egg:mudbomb",
    "egg:refresh",
    "egg:sludge",
    "egg:stomp",
    "egg:uproar",
    "egg:whirlpool",
    "egg:wideguard",
    "egg:yawn",
    "tm:blizzard",
    "tm:brickbreak",
    "tm:bulldoze",
    "tm:dig",
    "tm:earthquake",
    "tm:facade",
    "tm:flipturn",
    "tm:snowscape",
    "tm:hiddenpower",
    "tm:icebeam",
    "tm:icywind",
    "tm:irontail",
    "tm:lowkick",
    "tm:poweruppunch",
    "tm:protect",
    "tm:raindance",
    "tm:rest",
    "tm:return",
    "tm:rockslide",
    "tm:rocksmash",
    "tm:rocktomb",
    "tm:scald",
    "tm:sleeptalk",
    "tm:sludgewave",
    "tm:stealthrock",
    "tm:strength",
    "tm:substitute",
    "tm:superpower",
    "tm:surf",
    "tm:toxic",
    "tm:waterfall",
    "tm:workup",
    "tutor:aquatail",
    "tutor:bodyslam",
    "tutor:confide",
    "tutor:earthpower",
    "tutor:endeavor",
    "tutor:hydropump",
    "tutor:icepunch",
    "tutor:icywind",
    "tutor:lowkick",
    "tutor:muddywater",
    "tutor:sandtomb",
    "tutor:snore",
    "tutor:superpower",
    "tutor:uproar",
    "tutor:waterpledge",
    "tutor:whirlpool"
  ]
}