{
  "target": "cobblemon:masquerain",
  "primaryType": "bug",
  "secondaryType": "water",
  "abilities": [
    "intimidate",
    "h:unnerve"
  ],
  "baseStats": {
    "hp": 80,
    "attack": 60,
    "defence": 62,
    "special_attack": 100,
    "special_defence": 82,
    "speed": 80
  },
  "moves": [
    "1:bubble",
    "1:bubblebeam",
    "1:ominouswind",
    "1:quickattack",
    "1:sweetscent",
    "1:whirlwind",
    "14:watersport",
    "17:aircutter",
    "22:airslash",
    "22:scaryface",
    "26:stunspore",
    "28:bugbuzz",
    "36:hydropump",
    "42:hurricane",
    "52:quiverdance",
    "egg:aquajet",
    "egg:bugbite",
    "egg:endure",
    "egg:fellstinger",
    "egg:foresight",
    "egg:lunge",
    "egg:mindreader",
    "egg:mudshot",
    "egg:powersplit",
    "egg:psybeam",
    "egg:signalbeam",
    "tm:acrobatics",
    "tm:aerialace",
    "tm:blizzard",
    "tm:defog",
    "tm:dualwingbeat",
    "tm:energyball",
    "tm:facade",
    "tm:flash",
    "tm:fly",
    "tm:gigadrain",
    "tm:hiddenpower",
    "tm:icebeam",
    "tm:icywind",
    "tm:protect",
    "tm:raindance",
    "tm:rest",
    "tm:return",
    "tm:roost",
    "tm:scald",
    "tm:shadowball",
    "tm:sleeptalk",
    "tm:solarbeam",
    "tm:substitute",
    "tm:sunnyday",
    "tm:surf",
    "tm:thief",
    "tm:toxic",
    "tm:uturn",
    "tutor:agility",
    "tutor:airslash",
    "tutor:batonpass",
    "tutor:bugbite",
    "tutor:bugbuzz",
    "tutor:confide",
    "tutor:hurricane",
    "tutor:hydropump",
    "tutor:icywind",
    "tutor:liquidation",
    "tutor:psychup",
    "tutor:scaryface",
    "tutor:signalbeam",
    "tutor:snore",
    "tutor:tailwind"
  ]
}