{
  "target": "cobblemon:mawile",
  "abilities": [
    "hypercutter",
    "intimidate",
    "h:sheerforce"
  ],
  "baseStats": {
    "hp": 50,
    "attack": 85,
    "defence": 85,
    "special_attack": 55,
    "special_defence": 55,
    "speed": 50
  },
  "moves": [
    "1:astonish",
    "1:fairywind",
    "1:growl",
    "1:taunt",
    "5:faketears",
    "9:bite",
    "13:covet",
    "17:metalclaw",
    "21:feintattack",
    "29:crunch",
    "33:irondefense",
    "37:suckerpunch",
    "41:spitup",
    "41:stockpile",
    "41:swallow",
    "45:ironhead",
    "49:playrough",
    "100:doubleironbash",
    "egg:ancientpower",
    "egg:captivate",
    "egg:firefang",
    "egg:guardswap",
    "egg:icefang",
    "egg:metalburst",
    "egg:mistyterrain",
    "egg:poisonfang",
    "egg:poweruppunch",
    "egg:punishment",
    "egg:seismictoss",
    "egg:slam",
    "egg:suckerpunch",
    "egg:thunderfang",
    "egg:tickle",
    "tm:brickbreak",
    "tm:chargebeam",
    "tm:darkpulse",
    "tm:drainingkiss",
    "tm:facade",
    "tm:fireblast",
    "tm:flamethrower",
    "tm:flashcannon",
    "tm:focusblast",
    "tm:focuspunch",
    "tm:grassknot",
    "tm:hiddenpower",
    "tm:icebeam",
    "tm:icywind",
    "tm:poweruppunch",
    "tm:protect",
    "tm:raindance",
    "tm:rest",
    "tm:return",
    "tm:rockslide",
    "tm:rocksmash",
    "tm:rocktomb",
    "tm:sandstorm",
    "tm:shadowball",
    "tm:sleeptalk",
    "tm:sludgebomb",
    "tm:solarbeam",
    "tm:stealthrock",
    "tm:steelbeam",
    "tm:stoneedge",
    "tm:strength",
    "tm:substitute",
    "tm:sunnyday",
    "tm:swordsdance",
    "tm:taunt",
    "tm:toxic",
    "tutor:batonpass",
    "tutor:bodyslam",
    "tutor:confide",
    "tutor:crunch",
    "tutor:faketears",
    "tutor:firefang",
    "tutor:foulplay",
    "tutor:helpinghand",
    "tutor:icefang",
    "tutor:icepunch",
    "tutor:icywind",
    "tutor:irondefense",
    "tutor:ironhead",
    "tutor:knockoff",
    "tutor:laserfocus",
    "tutor:lastresort",
    "tutor:magnetrise",
    "tutor:mistyterrain",
    "tutor:painsplit",
    "tutor:playrough",
    "tutor:psychicfangs",
    "tutor:psychup",
    "tutor:snatch",
    "tutor:snore",
    "tutor:superfang",
    "tutor:thunderfang",
    "tutor:thunderpunch"
  ]
}