{
  "target": "cobblemon:meditite",
  "abilities": [
    "purepower",
    "h:telepathy"
  ],
  "baseStats": {
    "hp": 30,
    "attack": 40,
    "defence": 55,
    "special_attack": 40,
    "special_defence": 55,
    "speed": 60
  },
  "moves": [
    "1:fakeout",
    "4:meditate",
    "7:confusion",
    "9:detect",
    "11:rocktomb",
    "12:endure",
    "15:forcepalm",
    "17:feint",
    "20:bulletpunch",
    "23:calmmind",
    "25:mindreader",
    "28:highjumpkick",
    "31:psychup",
    "36:powertrick",
    "39:reversal",
    "41:recover",
    "44:counter",
    "egg:bulletpunch",
    "egg:drainpunch",
    "egg:dynamicpunch",
    "egg:fakeout",
    "egg:firepunch",
    "egg:foresight",
    "egg:guardswap",
    "egg:icepunch",
    "egg:powerswap",
    "egg:psychocut",
    "egg:quickguard",
    "egg:secretpower",
    "egg:thunderpunch",
    "tm:brickbreak",
    "tm:bulkup",
    "tm:calmmind",
    "tm:coaching",
    "tm:drainpunch",
    "tm:expandingforce",
    "tm:facade",
    "tm:flash",
    "tm:focusblast",
    "tm:focuspunch",
    "tm:grassknot",
    "tm:hiddenpower",
    "tm:lightscreen",
    "tm:lowkick",
    "tm:lowsweep",
    "tm:poisonjab",
    "tm:poweruppunch",
    "tm:protect",
    "tm:psychic",
    "tm:psyshock",
    "tm:raindance",
    "tm:reflect",
    "tm:rest",
    "tm:return",
    "tm:rockslide",
    "tm:rocksmash",
    "tm:rocktomb",
    "tm:shadowball",
    "tm:sleeptalk",
    "tm:strength",
    "tm:substitute",
    "tm:sunnyday",
    "tm:teleport",
    "tm:toxic",
    "tm:trailblaze",
    "tm:workup",
    "tutor:batonpass",
    "tutor:bodyslam",
    "tutor:confide",
    "tutor:firepunch",
    "tutor:gravity",
    "tutor:helpinghand",
    "tutor:icepunch",
    "tutor:lowkick",
    "tutor:magiccoat",
    "tutor:painsplit",
    "tutor:psychocut",
    "tutor:psychup",
    "tutor:reversal",
    "tutor:roleplay",
    "tutor:signalbeam",
    "tutor:snore",
    "tutor:storedpower",
    "tutor:thunderpunch",
    "tutor:trick",
    "tutor:vacuumwave",
    "tutor:zenheadbutt"
  ]
}