{
  "target": "cobblemon:medicham",
  "abilities": [
    "purepower",
    "h:telepathy"
  ],
  "baseStats": {
    "hp": 60,
    "attack": 60,
    "defence": 75,
    "special_attack": 60,
    "special_defence": 75,
    "speed": 80
  },
  "moves": [
    "1:confusion",
    "1:detect",
    "1:fakeout",
    "1:firepunch",
    "1:icepunch",
    "1:thunderpunch",
    "1:zenheadbutt",
    "4:meditate",
    "11:rocktomb",
    "12:endure",
    "15:feint",
    "17:forcepalm",
    "20:bulletpunch",
    "23:calmmind",
    "25:mindreader",
    "28:highjumpkick",
    "31:psychup",
    "36:powertrick",
    "42:reversal",
    "47:recover",
    "53:counter",
    "egg:bulletpunch",
    "egg:drainpunch",
    "egg:dynamicpunch",
    "egg:fakeout",
    "egg:firepunch",
    "egg:foresight",
    "egg:guardswap",
    "egg:icepunch",
    "egg:powerswap",
    "egg:psychocut",
    "egg:quickguard",
    "egg:secretpower",
    "egg:thunderpunch",
    "tm:brickbreak",
    "tm:bulkup",
    "tm:calmmind",
    "tm:coaching",
    "tm:drainpunch",
    "tm:energyball",
    "tm:expandingforce",
    "tm:facade",
    "tm:flash",
    "tm:focusblast",
    "tm:focuspunch",
    "tm:grassknot",
    "tm:hiddenpower",
    "tm:lightscreen",
    "tm:lowkick",
    "tm:lowsweep",
    "tm:poisonjab",
    "tm:poweruppunch",
    "tm:protect",
    "tm:psychic",
    "tm:psyshock",
    "tm:raindance",
    "tm:reflect",
    "tm:rest",
    "tm:return",
    "tm:rockslide",
    "tm:rocksmash",
    "tm:rocktomb",
    "tm:shadowball",
    "tm:sleeptalk",
    "tm:strength",
    "tm:substitute",
    "tm:sunnyday",
    "tm:teleport",
    "tm:toxic",
    "tm:trailblaze",
    "tm:tripleaxel",
    "tm:workup",
    "tutor:aurasphere",
    "tutor:batonpass",
    "tutor:blazekick",
    "tutor:bodyslam",
    "tutor:closecombat",
    "tutor:confide",
    "tutor:firepunch",
    "tutor:gravity",
    "tutor:helpinghand",
    "tutor:icepunch",
    "tutor:laserfocus",
    "tutor:lowkick",
    "tutor:magiccoat",
    "tutor:painsplit",
    "tutor:psychocut",
    "tutor:psychup",
    "tutor:reversal",
    "tutor:roleplay",
    "tutor:signalbeam",
    "tutor:snore",
    "tutor:storedpower",
    "tutor:thunderpunch",
    "tutor:trick",
    "tutor:vacuumwave",
    "tutor:zenheadbutt"
  ]
}