{
  "target": "cobblemon:metagross",
  "abilities": [
    "clearbody",
    "h:toughclaws"
  ],
  "baseStats": {
    "hp": 80,
    "attack": 135,
    "defence": 130,
    "special_attack": 95,
    "special_defence": 90,
    "speed": 70
  },
  "moves": [
    "1:confusion",
    "1:hammerarm",
    "1:magnetrise",
    "1:metalclaw",
    "1:takedown",
    "23:pursuit",
    "26:bulletpunch",
    "29:miracleeye",
    "32:zenheadbutt",
    "35:scaryface",
    "38:psychic",
    "41:agility",
    "44:meteormash",
    "52:irondefense",
    "60:hyperbeam",
    "tm:aerialace",
    "tm:bodypress",
    "tm:brickbreak",
    "tm:bulldoze",
    "tm:cosmicpower",
    "tm:cut",
    "tm:earthquake",
    "tm:expandingforce",
    "tm:explosion",
    "tm:facade",
    "tm:flash",
    "tm:flashcannon",
    "tm:futuresight",
    "tm:grassknot",
    "tm:gyroball",
    "tm:hiddenpower",
    "tm:honeclaws",
    "tm:icywind",
    "tm:lightscreen",
    "tm:meteorbeam",
    "tm:poweruppunch",
    "tm:protect",
    "tm:psychic",
    "tm:psychicfangs",
    "tm:psyshock",
    "tm:raindance",
    "tm:reflect",
    "tm:rest",
    "tm:return",
    "tm:rockpolish",
    "tm:rockslide",
    "tm:rocksmash",
    "tm:rocktomb",
    "tm:sandstorm",
    "tm:shadowball",
    "tm:sleeptalk",
    "tm:sludgebomb",
    "tm:stealthrock",
    "tm:steelbeam",
    "tm:steelroller",
    "tm:strength",
    "tm:substitute",
    "tm:sunnyday",
    "tm:toxic",
    "tutor:agility",
    "tutor:block",
    "tutor:bodyslam",
    "tutor:confide",
    "tutor:cosmicpower",
    "tutor:gravity",
    "tutor:icepunch",
    "tutor:icywind",
    "tutor:irondefense",
    "tutor:ironhead",
    "tutor:laserfocus",
    "tutor:magnetrise",
    "tutor:psychocut",
    "tutor:psychup",
    "tutor:scaryface",
    "tutor:signalbeam",
    "tutor:snore",
    "tutor:stompingtantrum",
    "tutor:thunderpunch",
    "tutor:trick",
    "tutor:zenheadbutt",
    "tutor:knockoff"
  ]
}