{
  "target": "cobblemon:metang",
  "abilities": [
    "clearbody",
    "h:toughclaws"
  ],
  "baseStats": {
    "hp": 60,
    "attack": 75,
    "defence": 100,
    "special_attack": 55,
    "special_defence": 80,
    "speed": 50
  },
  "moves": [
    "1:confusion",
    "1:magnetrise",
    "1:metalclaw",
    "1:takedown",
    "23:pursuit",
    "26:bulletpunch",
    "29:miracleeye",
    "32:zenheadbutt",
    "35:scaryface",
    "38:psychic",
    "41:agility",
    "44:meteormash",
    "47:irondefense",
    "50:hyperbeam",
    "tm:aerialace",
    "tm:brickbreak",
    "tm:bulldoze",
    "tm:cosmicpower",
    "tm:cut",
    "tm:earthquake",
    "tm:expandingforce",
    "tm:explosion",
    "tm:facade",
    "tm:flash",
    "tm:flashcannon",
    "tm:futuresight",
    "tm:grassknot",
    "tm:gyroball",
    "tm:hiddenpower",
    "tm:honeclaws",
    "tm:icywind",
    "tm:lightscreen",
    "tm:meteorbeam",
    "tm:poweruppunch",
    "tm:protect",
    "tm:psychic",
    "tm:psyshock",
    "tm:raindance",
    "tm:reflect",
    "tm:rest",
    "tm:return",
    "tm:rockpolish",
    "tm:rockslide",
    "tm:rocksmash",
    "tm:rocktomb",
    "tm:sandstorm",
    "tm:shadowball",
    "tm:sleeptalk",
    "tm:sludgebomb",
    "tm:stealthrock",
    "tm:steelbeam",
    "tm:steelroller",
    "tm:strength",
    "tm:substitute",
    "tm:sunnyday",
    "tm:toxic",
    "tm:psychicnoise",
    "tutor:agility",
    "tutor:bodyslam",
    "tutor:confide",
    "tutor:cosmicpower",
    "tutor:gravity",
    "tutor:icepunch",
    "tutor:icywind",
    "tutor:irondefense",
    "tutor:ironhead",
    "tutor:magnetrise",
    "tutor:psychocut",
    "tutor:psychup",
    "tutor:scaryface",
    "tutor:signalbeam",
    "tutor:snore",
    "tutor:thunderpunch",
    "tutor:trick",
    "tutor:zenheadbutt"
  ]
}