{
  "target": "cobblemon:mightyena",
  "abilities": [
    "intimidate",
    "strongjaw",
    "h:moxie"
  ],
  "baseStats": {
    "hp": 70,
    "attack": 95,
    "defence": 70,
    "special_attack": 60,
    "special_defence": 60,
    "speed": 70
  },
  "moves": [
    "1:crunch",
    "1:firefang",
    "1:icefang",
    "1:psychicfangs",
    "1:snarl",
    "1:suckerpunch",
    "1:swagger",
    "1:tackle",
    "1:thunderfang",
    "4:howl",
    "10:bite",
    "13:odorsleuth",
    "16:roar",
    "20:poisonfang",
    "24:assurance",
    "28:scaryface",
    "36:taunt",
    "40:embargo",
    "44:yawn",
    "48:jawlock",
    "56:playrough",
    "egg:astonish",
    "egg:covet",
    "egg:firefang",
    "egg:icefang",
    "egg:leer",
    "egg:mefirst",
    "egg:playrough",
    "egg:poisonfang",
    "egg:sleeptalk",
    "egg:snatch",
    "egg:suckerpunch",
    "egg:thunderfang",
    "egg:yawn",
    "tm:darkpulse",
    "tm:dig",
    "tm:facade",
    "tm:hiddenpower",
    "tm:hypervoice",
    "tm:irontail",
    "tm:protect",
    "tm:raindance",
    "tm:rest",
    "tm:return",
    "tm:roar",
    "tm:rocksmash",
    "tm:shadowball",
    "tm:sleeptalk",
    "tm:snarl",
    "tm:strength",
    "tm:substitute",
    "tm:sunnyday",
    "tm:taunt",
    "tm:thief",
    "tm:toxic",
    "tutor:bodyslam",
    "tutor:confide",
    "tutor:covet",
    "tutor:crunch",
    "tutor:firefang",
    "tutor:foulplay",
    "tutor:healbell",
    "tutor:hypervoice",
    "tutor:icefang",
    "tutor:laserfocus",
    "tutor:nastyplot",
    "tutor:playrough",
    "tutor:psychicfangs",
    "tutor:scaryface",
    "tutor:snatch",
    "tutor:snore",
    "tutor:spite",
    "tutor:superfang",
    "tutor:throatchop",
    "tutor:thunderfang",
    "tutor:uproar"
  ]
}