{
  "target": "cobblemon:milotic",
  "abilities": [
    "marvelscale",
    "competitive",
    "h:cutecharm"
  ],
  "baseStats": {
    "hp": 95,
    "attack": 60,
    "defence": 84,
    "special_attack": 100,
    "special_defence": 125,
    "speed": 86
  },
  "moves": [
    "1:watergun",
    "1:waterpulse",
    "1:wrap",
    "4:watersport",
    "7:refresh",
    "11:disarmingvoice",
    "14:twister",
    "17:aquaring",
    "21:captivate",
    "24:dragontail",
    "27:recover",
    "31:aquatail",
    "34:attract",
    "37:safeguard",
    "41:coil",
    "44:hydropump",
    "47:raindance",
    "70:bouncybubble",
    "egg:brine",
    "egg:captivate",
    "egg:confuseray",
    "egg:dragonbreath",
    "egg:dragonpulse",
    "egg:haze",
    "egg:hypnosis",
    "egg:irontail",
    "egg:mirrorcoat",
    "egg:mist",
    "egg:mudsport",
    "egg:tickle",
    "tm:blizzard",
    "tm:bulldoze",
    "tm:dragondance",
    "tm:dragonpulse",
    "tm:dragontail",
    "tm:facade",
    "tm:flipturn",
    "tm:snowscape",
    "tm:hiddenpower",
    "tm:icebeam",
    "tm:icywind",
    "tm:irontail",
    "tm:lightscreen",
    "tm:protect",
    "tm:raindance",
    "tm:rest",
    "tm:return",
    "tm:scald",
    "tm:scaleshot",
    "tm:sleeptalk",
    "tm:substitute",
    "tm:surf",
    "tm:toxic",
    "tm:tripleaxel",
    "tm:waterfall",
    "tm:alluringvoice",
    "tutor:aquatail",
    "tutor:bodyslam",
    "tutor:breakingswipe",
    "tutor:confide",
    "tutor:dragondance",
    "tutor:helpinghand",
    "tutor:hydropump",
    "tutor:icywind",
    "tutor:ironhead",
    "tutor:laserfocus",
    "tutor:magiccoat",
    "tutor:muddywater",
    "tutor:psychup",
    "tutor:snore",
    "tutor:weatherball",
    "tutor:whirlpool"
  ]
}