{
  "target": "cobblemon:mudkip",
  "abilities": [
    "torrent",
    "h:damp"
  ],
  "baseStats": {
    "hp": 50,
    "attack": 70,
    "defence": 50,
    "special_attack": 50,
    "special_defence": 50,
    "speed": 40
  },
  "moves": [
    "1:growl",
    "1:tackle",
    "4:watergun",
    "7:mudslap",
    "10:brine",
    "12:bodyslam",
    "14:rocktomb",
    "17:bide",
    "20:mudsport",
    "25:rockslide",
    "28:protect",
    "33:whirlpool",
    "36:takedown",
    "41:hydropump",
    "44:endeavor",
    "egg:ancientpower",
    "egg:avalanche",
    "egg:barrier",
    "egg:bite",
    "egg:counter",
    "egg:curse",
    "egg:doubleedge",
    "egg:iceball",
    "egg:mirrorcoat",
    "egg:mudbomb",
    "egg:refresh",
    "egg:sludge",
    "egg:stomp",
    "egg:uproar",
    "egg:whirlpool",
    "egg:wideguard",
    "egg:yawn",
    "tm:blizzard",
    "tm:dig",
    "tm:facade",
    "tm:flipturn",
    "tm:snowscape",
    "tm:hiddenpower",
    "tm:icebeam",
    "tm:icywind",
    "tm:irontail",
    "tm:lowkick",
    "tm:protect",
    "tm:raindance",
    "tm:rest",
    "tm:return",
    "tm:rockslide",
    "tm:rocksmash",
    "tm:rocktomb",
    "tm:scald",
    "tm:sleeptalk",
    "tm:sludgewave",
    "tm:strength",
    "tm:substitute",
    "tm:superpower",
    "tm:surf",
    "tm:toxic",
    "tm:waterfall",
    "tm:workup",
    "tutor:aquatail",
    "tutor:bodyslam",
    "tutor:confide",
    "tutor:earthpower",
    "tutor:endeavor",
    "tutor:hydropump",
    "tutor:icywind",
    "tutor:lowkick",
    "tutor:snore",
    "tutor:superpower",
    "tutor:uproar",
    "tutor:waterpledge",
    "tutor:whirlpool"
  ]
}