{
  "target": "cobblemon:nincada",
  "abilities": [
    "compoundeyes",
    "h:runaway"
  ],
  "baseStats": {
    "hp": 31,
    "attack": 45,
    "defence": 90,
    "special_attack": 30,
    "special_defence": 30,
    "speed": 40
  },
  "moves": [
    "1:harden",
    "1:scratch",
    "5:absorb",
    "13:furyswipes",
    "17:mudslap",
    "21:metalclaw",
    "25:mindreader",
    "29:bide",
    "33:falseswipe",
    "37:dig",
    "egg:bugbite",
    "egg:bugbuzz",
    "egg:endure",
    "egg:feintattack",
    "egg:finalgambit",
    "egg:flail",
    "egg:gust",
    "egg:nightslash",
    "egg:silverwind",
    "tm:aerialace",
    "tm:cut",
    "tm:dig",
    "tm:facade",
    "tm:flash",
    "tm:gigadrain",
    "tm:hiddenpower",
    "tm:honeclaws",
    "tm:leechlife",
    "tm:protect",
    "tm:rest",
    "tm:return",
    "tm:sandstorm",
    "tm:shadowball",
    "tm:sleeptalk",
    "tm:solarbeam",
    "tm:substitute",
    "tm:sunnyday",
    "tm:toxic",
    "tm:xscissor",
    "tutor:bugbite",
    "tutor:bugbuzz",
    "tutor:confide",
    "tutor:snore",
    "tutor:spite"
  ]
}