{
  "target": "cobblemon:ninjask",
  "abilities": [
    "speedboost",
    "h:infiltrator"
  ],
  "baseStats": {
    "hp": 61,
    "attack": 90,
    "defence": 45,
    "special_attack": 50,
    "special_defence": 50,
    "speed": 160
  },
  "moves": [
    "1:aerialace",
    "1:bugbite",
    "1:furycutter",
    "1:harden",
    "1:scratch",
    "1:screech",
    "5:absorb",
    "13:furyswipes",
    "17:agility",
    "23:slash",
    "28:dualwingbeat",
    "29:mindreader",
    "33:pounce",
    "36:firstimpression",
    "41:swordsdance",
    "47:xscissor",
    "54:sonicslash",
    "egg:bugbite",
    "egg:bugbuzz",
    "egg:endure",
    "egg:feintattack",
    "egg:finalgambit",
    "egg:flail",
    "egg:gust",
    "egg:nightslash",
    "egg:silverwind",
    "tm:acrobatics",
    "tm:aerialace",
    "tm:cut",
    "tm:defog",
    "tm:dig",
    "tm:dualwingbeat",
    "tm:facade",
    "tm:flash",
    "tm:fly",
    "tm:gigadrain",
    "tm:hiddenpower",
    "tm:honeclaws",
    "tm:leechlife",
    "tm:protect",
    "tm:rest",
    "tm:return",
    "tm:roost",
    "tm:sandstorm",
    "tm:shadowball",
    "tm:sleeptalk",
    "tm:solarbeam",
    "tm:substitute",
    "tm:sunnyday",
    "tm:swordsdance",
    "tm:thief",
    "tm:toxic",
    "tm:uturn",
    "tm:xscissor",
    "tutor:agility",
    "tutor:airslash",
    "tutor:batonpass",
    "tutor:bugbite",
    "tutor:bugbuzz",
    "tutor:confide",
    "tutor:drillrun",
    "tutor:laserfocus",
    "tutor:screech",
    "tutor:snore",
    "tutor:spite",
    "tutor:uproar"
  ]
}