{
  "target": "cobblemon:nosepass",
  "abilities": [
    "sturdy",
    "magnetpull",
    "h:sandforce"
  ],
  "baseStats": {
    "hp": 30,
    "attack": 45,
    "defence": 135,
    "special_attack": 45,
    "special_defence": 90,
    "speed": 30
  },
  "moves": [
    "1:rockblast",
    "1:rocktomb",
    "4:harden",
    "7:block",
    "10:bulldoze",
    "13:thunderwave",
    "16:rest",
    "19:discharge",
    "22:rockslide",
    "25:earthpower",
    "28:voltswitch",
    "34:sandstorm",
    "36:earthquake",
    "40:stoneedge",
    "43:lockon",
    "43:zapcannon",
    "egg:block",
    "egg:doubleedge",
    "egg:endure",
    "egg:magnitude",
    "egg:rollout",
    "egg:stealthrock",
    "egg:wideguard",
    "tm:bodypress",
    "tm:bulldoze",
    "tm:dazzlinggleam",
    "tm:earthquake",
    "tm:explosion",
    "tm:facade",
    "tm:hiddenpower",
    "tm:meteorbeam",
    "tm:protect",
    "tm:rest",
    "tm:return",
    "tm:rockpolish",
    "tm:rockslide",
    "tm:rocksmash",
    "tm:rocktomb",
    "tm:sandstorm",
    "tm:scorchingsands",
    "tm:sleeptalk",
    "tm:stealthrock",
    "tm:stoneedge",
    "tm:strength",
    "tm:substitute",
    "tm:sunnyday",
    "tm:taunt",
    "tm:thunder",
    "tm:thunderbolt",
    "tm:thunderwave",
    "tm:toxic",
    "tm:voltswitch",
    "tutor:block",
    "tutor:bodypress",
    "tutor:bodyslam",
    "tutor:confide",
    "tutor:earthpower",
    "tutor:firepunch",
    "tutor:gravity",
    "tutor:heavyslam",
    "tutor:helpinghand",
    "tutor:icepunch",
    "tutor:irondefense",
    "tutor:magiccoat",
    "tutor:magnetrise",
    "tutor:painsplit",
    "tutor:powergem",
    "tutor:rockblast",
    "tutor:sandtomb",
    "tutor:snore",
    "tutor:stompingtantrum",
    "tutor:thunderpunch"
  ]
}