{
  "target": "cobblemon:numel",
  "abilities": [
    "oblivious",
    "simple",
    "h:owntempo"
  ],
  "baseStats": {
    "hp": 60,
    "attack": 60,
    "defence": 40,
    "special_attack": 65,
    "special_defence": 45,
    "speed": 35
  },
  "moves": [
    "1:growl",
    "1:tackle",
    "5:ember",
    "8:focusenergy",
    "12:magnitude",
    "15:flameburst",
    "19:amnesia",
    "22:lavaplume",
    "26:earthpower",
    "29:curse",
    "31:takedown",
    "36:yawn",
    "40:earthquake",
    "43:flamethrower",
    "47:doubleedge",
    "egg:ancientpower",
    "egg:bodyslam",
    "egg:defensecurl",
    "egg:endure",
    "egg:growth",
    "egg:heatwave",
    "egg:heavyslam",
    "egg:howl",
    "egg:ironhead",
    "egg:mudbomb",
    "egg:rollout",
    "egg:scaryface",
    "egg:spitup",
    "egg:stockpile",
    "egg:stomp",
    "egg:swallow",
    "egg:yawn",
    "tm:bulldoze",
    "tm:dig",
    "tm:earthquake",
    "tm:facade",
    "tm:fireblast",
    "tm:flamecharge",
    "tm:flamethrower",
    "tm:heatcrash",
    "tm:hiddenpower",
    "tm:overheat",
    "tm:protect",
    "tm:rest",
    "tm:return",
    "tm:rockslide",
    "tm:rocksmash",
    "tm:rocktomb",
    "tm:sandstorm",
    "tm:scorchingsands",
    "tm:sleeptalk",
    "tm:stealthrock",
    "tm:strength",
    "tm:substitute",
    "tm:sunnyday",
    "tm:toxic",
    "tm:trailblaze",
    "tm:willowisp",
    "tm:temperflare",
    "tutor:afteryou",
    "tutor:bodyslam",
    "tutor:confide",
    "tutor:earthpower",
    "tutor:focusenergy",
    "tutor:heatcrash",
    "tutor:heatwave",
    "tutor:heavyslam",
    "tutor:ironhead",
    "tutor:sandtomb",
    "tutor:scaryface",
    "tutor:snore"
  ]
}