{
  "target": "cobblemon:nuzleaf",
  "abilities": [
    "chlorophyll",
    "earlybird",
    "h:infiltrator"
  ],
  "baseStats": {
    "hp": 70,
    "attack": 70,
    "defence": 40,
    "special_attack": 60,
    "special_defence": 40,
    "speed": 60
  },
  "moves": [
    "1:pound",
    "1:razorleaf",
    "3:harden",
    "6:growth",
    "9:torment",
    "12:fakeout",
    "15:naturepower",
    "16:suckerpunch",
    "20:razorwind",
    "24:nightslash",
    "27:leafblade",
    "32:swagger",
    "36:extrasensory",
    "egg:amnesia",
    "egg:beatup",
    "egg:bulletseed",
    "egg:defog",
    "egg:foulplay",
    "egg:grassyterrain",
    "egg:leechseed",
    "egg:nastyplot",
    "egg:nightslash",
    "egg:powerswap",
    "egg:quickattack",
    "egg:razorwind",
    "egg:takedown",
    "egg:worryseed",
    "tm:brickbreak",
    "tm:bulletseed",
    "tm:cut",
    "tm:darkpulse",
    "tm:defog",
    "tm:dig",
    "tm:energyball",
    "tm:explosion",
    "tm:facade",
    "tm:flash",
    "tm:gigadrain",
    "tm:grassknot",
    "tm:grassyglide",
    "tm:hiddenpower",
    "tm:lowkick",
    "tm:lowsweep",
    "tm:poweruppunch",
    "tm:protect",
    "tm:rest",
    "tm:return",
    "tm:rockslide",
    "tm:rocksmash",
    "tm:rocktomb",
    "tm:shadowball",
    "tm:sleeptalk",
    "tm:snarl",
    "tm:solarbeam",
    "tm:solarblade",
    "tm:strength",
    "tm:substitute",
    "tm:sunnyday",
    "tm:swordsdance",
    "tm:thief",
    "tm:toxic",
    "tutor:bodyslam",
    "tutor:confide",
    "tutor:foulplay",
    "tutor:grassyterrain",
    "tutor:leafblade",
    "tutor:lowkick",
    "tutor:nastyplot",
    "tutor:psychup",
    "tutor:seedbomb",
    "tutor:snore",
    "tutor:solarblade",
    "tutor:spite",
    "tutor:synthesis",
    "tutor:worryseed"
  ]
}