{
  "target": "cobblemon:pelipper",
  "abilities": [
    "frisk",
    "raindish",
    "h:drizzle"
  ],
  "baseStats": {
    "hp": 60,
    "attack": 50,
    "defence": 100,
    "special_attack": 95,
    "special_defence": 70,
    "speed": 65
  },
  "moves": [
    "1:detect",
    "1:growl",
    "1:soak",
    "1:tailwind",
    "1:watergun",
    "1:watersport",
    "1:wingattack",
    "5:supersonic",
    "12:mist",
    "15:waterpulse",
    "19:payback",
    "22:brine",
    "28:fling",
    "33:spitup",
    "33:stockpile",
    "33:swallow",
    "39:roost",
    "50:hydropump",
    "55:hurricane",
    "egg:agility",
    "egg:aquaring",
    "egg:brine",
    "egg:gust",
    "egg:knockoff",
    "egg:mist",
    "egg:roost",
    "egg:soak",
    "egg:twister",
    "egg:watersport",
    "egg:wideguard",
    "tm:aerialace",
    "tm:blizzard",
    "tm:bravebird",
    "tm:defog",
    "tm:dualwingbeat",
    "tm:facade",
    "tm:fly",
    "tm:snowscape",
    "tm:hiddenpower",
    "tm:icebeam",
    "tm:icywind",
    "tm:pluck",
    "tm:protect",
    "tm:raindance",
    "tm:rest",
    "tm:return",
    "tm:roost",
    "tm:scald",
    "tm:sleeptalk",
    "tm:steelwing",
    "tm:substitute",
    "tm:surf",
    "tm:thief",
    "tm:toxic",
    "tm:uturn",
    "tutor:agility",
    "tutor:airslash",
    "tutor:bravebird",
    "tutor:confide",
    "tutor:gunkshot",
    "tutor:hurricane",
    "tutor:hydropump",
    "tutor:icywind",
    "tutor:knockoff",
    "tutor:liquidation",
    "tutor:seedbomb",
    "tutor:skyattack",
    "tutor:snore",
    "tutor:tailwind",
    "tutor:uproar",
    "tutor:weatherball",
    "tutor:whirlpool"
  ]
}