{
  "target": "cobblemon:plusle",
  "abilities": [
    "plus",
    "lightningrod",
    "h:transistor"
  ],
  "baseStats": {
    "hp": 60,
    "attack": 50,
    "defence": 40,
    "special_attack": 85,
    "special_defence": 75,
    "speed": 110
  },
  "moves": [
    "1:growl",
    "1:nuzzle",
    "1:playnice",
    "1:quickattack",
    "1:thunderwave",
    "4:helpinghand",
    "7:spark",
    "10:encore",
    "13:bestow",
    "16:swift",
    "19:electroball",
    "22:copycat",
    "25:charm",
    "28:charge",
    "31:discharge",
    "37:agility",
    "40:lastresort",
    "43:thunder",
    "46:nastyplot",
    "49:entrainment",
    "egg:charm",
    "egg:discharge",
    "egg:faketears",
    "egg:luckychant",
    "egg:sing",
    "egg:sweetkiss",
    "egg:tearfullook",
    "egg:wish",
    "tm:chargebeam",
    "tm:electroweb",
    "tm:facade",
    "tm:flash",
    "tm:grassknot",
    "tm:hiddenpower",
    "tm:irontail",
    "tm:lightscreen",
    "tm:protect",
    "tm:raindance",
    "tm:rest",
    "tm:return",
    "tm:risingvoltage",
    "tm:sleeptalk",
    "tm:substitute",
    "tm:surf",
    "tm:thunder",
    "tm:thunderbolt",
    "tm:thunderwave",
    "tm:toxic",
    "tm:voltswitch",
    "tm:wildcharge",
    "tm:alluringvoice",
    "tutor:agility",
    "tutor:batonpass",
    "tutor:bodyslam",
    "tutor:confide",
    "tutor:covet",
    "tutor:electroball",
    "tutor:electroweb",
    "tutor:encore",
    "tutor:faketears",
    "tutor:helpinghand",
    "tutor:knockoff",
    "tutor:lastresort",
    "tutor:magnetrise",
    "tutor:nastyplot",
    "tutor:signalbeam",
    "tutor:snore",
    "tutor:thunderpunch",
    "tutor:uproar",
    "tutor:weatherball"
  ]
}