{
  "target": "cobblemon:poochyena",
  "abilities": [
    "runaway",
    "quickfeet",
    "h:moxie"
  ],
  "baseStats": {
    "hp": 35,
    "attack": 55,
    "defence": 35,
    "special_attack": 30,
    "special_defence": 30,
    "speed": 35
  },
  "moves": [
    "1:tackle",
    "4:howl",
    "10:bite",
    "13:odorsleuth",
    "16:roar",
    "19:swagger",
    "22:assurance",
    "25:scaryface",
    "28:embargo",
    "31:taunt",
    "34:crunch",
    "37:yawn",
    "40:takedown",
    "43:suckerpunch",
    "46:playrough",
    "egg:astonish",
    "egg:covet",
    "egg:firefang",
    "egg:icefang",
    "egg:leer",
    "egg:mefirst",
    "egg:playrough",
    "egg:poisonfang",
    "egg:sleeptalk",
    "egg:snatch",
    "egg:suckerpunch",
    "egg:thunderfang",
    "egg:yawn",
    "tm:darkpulse",
    "tm:dig",
    "tm:facade",
    "tm:hiddenpower",
    "tm:hypervoice",
    "tm:irontail",
    "tm:protect",
    "tm:raindance",
    "tm:rest",
    "tm:return",
    "tm:roar",
    "tm:rocksmash",
    "tm:shadowball",
    "tm:sleeptalk",
    "tm:snarl",
    "tm:substitute",
    "tm:sunnyday",
    "tm:taunt",
    "tm:thief",
    "tm:toxic",
    "tutor:bodyslam",
    "tutor:confide",
    "tutor:covet",
    "tutor:crunch",
    "tutor:firefang",
    "tutor:foulplay",
    "tutor:healbell",
    "tutor:hypervoice",
    "tutor:icefang",
    "tutor:nastyplot",
    "tutor:playrough",
    "tutor:psychicfangs",
    "tutor:scaryface",
    "tutor:snatch",
    "tutor:snore",
    "tutor:spite",
    "tutor:superfang",
    "tutor:thunderfang",
    "tutor:uproar"
  ]
}