{
  "target": "cobblemon:rayquaza",
  "abilities": [
    "airlock"
  ],
  "baseStats": {
    "hp": 105,
    "attack": 150,
    "defence": 90,
    "special_attack": 150,
    "special_defence": 90,
    "speed": 95
  },
  "moves": [
    "1:twister",
    "5:scaryface",
    "15:ancientpower",
    "20:crunch",
    "30:airslash",
    "35:rest",
    "45:extremespeed",
    "50:dragonpulse",
    "60:dragondance",
    "65:fly",
    "75:hypervoice",
    "80:outrage",
    "90:hyperbeam",
    "tm:aerialace",
    "tm:blizzard",
    "tm:brickbreak",
    "tm:bulkup",
    "tm:bulldoze",
    "tm:cosmicpower",
    "tm:defog",
    "tm:dracobarrage",
    "tm:dragonclaw",
    "tm:dragondance",
    "tm:dragonpulse",
    "tm:dragontail",
    "tm:earthquake",
    "tm:energyball",
    "tm:facade",
    "tm:fireblast",
    "tm:flamethrower",
    "tm:fly",
    "tm:focusblast",
    "tm:aurasphere",
    "tm:gyroball",
    "tm:hiddenpower",
    "tm:honeclaws",
    "tm:hypervoice",
    "tm:icebeam",
    "tm:icywind",
    "tm:irontail",
    "tm:meteorbeam",
    "tm:overheat",
    "tm:protect",
    "tm:raindance",
    "tm:rest",
    "tm:return",
    "tm:roar",
    "tm:rockslide",
    "tm:rocksmash",
    "tm:rocktomb",
    "tm:sandstorm",
    "tm:scaleshot",
    "tm:shadowclaw",
    "tm:sleeptalk",
    "tm:solarbeam",
    "tm:stoneedge",
    "tm:strength",
    "tm:substitute",
    "tm:sunnyday",
    "tm:surf",
    "tm:swordsdance",
    "tm:thunder",
    "tm:thunderbolt",
    "tm:thunderwave",
    "tm:toxic",
    "tm:uturn",
    "tm:waterfall",
    "tutor:airslash",
    "tutor:aquatail",
    "tutor:bodyslam",
    "tutor:breakingswipe",
    "tutor:celebrate",
    "tutor:confide",
    "tutor:cosmicpower",
    "tutor:crunch",
    "tutor:dracometeor",
    "tutor:dragondance",
    "tutor:earthpower",
    "tutor:hydropump",
    "tutor:hypervoice",
    "tutor:icywind",
    "tutor:ironhead",
    "tutor:outrage",
    "tutor:psychup",
    "tutor:scaryface",
    "tutor:snore",
    "tutor:tailwind",
    "tutor:uproar",
    "tutor:whirlpool",
    "tutor:stealthrock",
    "tutor:dragonascent",
    "tutor:vcreate"
  ]
}