{
  "target": "cobblemon:registeel",
  "abilities": [
    "clearbody",
    "h:clearbody"
  ],
  "baseStats": {
    "hp": 80,
    "attack": 75,
    "defence": 150,
    "special_attack": 75,
    "special_defence": 150,
    "speed": 50
  },
  "moves": [
    "1:bulldoze",
    "1:chargebeam",
    "1:explosion",
    "1:stomp",
    "7:metalclaw",
    "25:curse",
    "31:ancientpower",
    "37:amnesia",
    "37:irondefense",
    "43:flashcannon",
    "43:ironhead",
    "49:hammerarm",
    "55:lockon",
    "55:zapcannon",
    "61:superpower",
    "66:doubleironbash",
    "67:hyperbeam",
    "tm:aerialace",
    "tm:bodypress",
    "tm:brickbreak",
    "tm:bulldoze",
    "tm:chargebeam",
    "tm:earthquake",
    "tm:explosion",
    "tm:facade",
    "tm:flashcannon",
    "tm:focusblast",
    "tm:aurasphere",
    "tm:focuspunch",
    "tm:hiddenpower",
    "tm:honeclaws",
    "tm:meteorbeam",
    "tm:poweruppunch",
    "tm:protect",
    "tm:raindance",
    "tm:rest",
    "tm:return",
    "tm:roar",
    "tm:rockclimb",
    "tm:rockpolish",
    "tm:rockslide",
    "tm:rocksmash",
    "tm:rocktomb",
    "tm:sandstorm",
    "tm:shadowclaw",
    "tm:sleeptalk",
    "tm:stealthrock",
    "tm:steelbeam",
    "tm:steelroller",
    "tm:strength",
    "tm:substitute",
    "tm:sunnyday",
    "tm:superpower",
    "tm:thunder",
    "tm:thunderbolt",
    "tm:thunderwave",
    "tm:toxic",
    "tutor:block",
    "tutor:bodypress",
    "tutor:bodyslam",
    "tutor:confide",
    "tutor:gravity",
    "tutor:heavyslam",
    "tutor:icepunch",
    "tutor:irondefense",
    "tutor:ironhead",
    "tutor:magnetrise",
    "tutor:psychup",
    "tutor:sandtomb",
    "tutor:snore",
    "tutor:stompingtantrum",
    "tutor:superpower",
    "tutor:thunderpunch"
  ]
}