{
  "target": "cobblemon:regice",
  "abilities": [
    "clearbody",
    "h:filter"
  ],
  "baseStats": {
    "hp": 80,
    "attack": 50,
    "defence": 100,
    "special_attack": 100,
    "special_defence": 200,
    "speed": 50
  },
  "moves": [
    "1:bulldoze",
    "1:chargebeam",
    "1:explosion",
    "1:icywind",
    "1:stomp",
    "25:curse",
    "31:ancientpower",
    "37:amnesia",
    "43:frostbreath",
    "49:hammerarm",
    "55:lockon",
    "55:zapcannon",
    "61:superpower",
    "64:freezedry",
    "67:hyperbeam",
    "70:freezyfrost",
    "tm:blizzard",
    "tm:brickbreak",
    "tm:bulldoze",
    "tm:chargebeam",
    "tm:earthquake",
    "tm:explosion",
    "tm:facade",
    "tm:flashcannon",
    "tm:focusblast",
    "tm:aurasphere",
    "tm:focuspunch",
    "tm:frostbreath",
    "tm:snowscape",
    "tm:hiddenpower",
    "tm:icebeam",
    "tm:icywind",
    "tm:poweruppunch",
    "tm:protect",
    "tm:raindance",
    "tm:rest",
    "tm:return",
    "tm:rockclimb",
    "tm:rockpolish",
    "tm:rockslide",
    "tm:rocksmash",
    "tm:rocktomb",
    "tm:sleeptalk",
    "tm:strength",
    "tm:substitute",
    "tm:superpower",
    "tm:thunder",
    "tm:thunderbolt",
    "tm:thunderwave",
    "tm:toxic",
    "tutor:block",
    "tutor:bodyslam",
    "tutor:confide",
    "tutor:gravity",
    "tutor:heavyslam",
    "tutor:icepunch",
    "tutor:iciclespear",
    "tutor:icywind",
    "tutor:ironhead",
    "tutor:psychup",
    "tutor:signalbeam",
    "tutor:snore",
    "tutor:stompingtantrum",
    "tutor:superpower",
    "tutor:thunderpunch"
  ]
}