{
  "target": "cobblemon:regirock",
  "abilities": [
    "clearbody",
    "h:solidrock"
  ],
  "baseStats": {
    "hp": 80,
    "attack": 100,
    "defence": 200,
    "special_attack": 50,
    "special_defence": 100,
    "speed": 50
  },
  "moves": [
    "1:bulldoze",
    "1:chargebeam",
    "1:explosion",
    "1:rockthrow",
    "1:stomp",
    "25:curse",
    "31:ancientpower",
    "37:irondefense",
    "43:stoneedge",
    "49:hammerarm",
    "55:lockon",
    "55:zapcannon",
    "60:saltcure",
    "61:superpower",
    "67:hyperbeam",
    "tm:bodypress",
    "tm:brickbreak",
    "tm:bulldoze",
    "tm:chargebeam",
    "tm:dig",
    "tm:drainpunch",
    "tm:earthquake",
    "tm:explosion",
    "tm:facade",
    "tm:flashcannon",
    "tm:focusblast",
    "tm:focuspunch",
    "tm:hiddenpower",
    "tm:meteorbeam",
    "tm:poweruppunch",
    "tm:protect",
    "tm:rest",
    "tm:return",
    "tm:rockclimb",
    "tm:rockpolish",
    "tm:rockslide",
    "tm:rocksmash",
    "tm:rocktomb",
    "tm:sandstorm",
    "tm:sleeptalk",
    "tm:stealthrock",
    "tm:stoneedge",
    "tm:strength",
    "tm:substitute",
    "tm:sunnyday",
    "tm:superpower",
    "tm:thunder",
    "tm:thunderbolt",
    "tm:thunderwave",
    "tm:toxic",
    "tutor:block",
    "tutor:bodypress",
    "tutor:bodyslam",
    "tutor:confide",
    "tutor:earthpower",
    "tutor:firepunch",
    "tutor:gravity",
    "tutor:heavyslam",
    "tutor:icepunch",
    "tutor:irondefense",
    "tutor:ironhead",
    "tutor:psychup",
    "tutor:rockblast",
    "tutor:sandtomb",
    "tutor:snore",
    "tutor:stompingtantrum",
    "tutor:superpower",
    "tutor:thunderpunch"
  ]
}