{
  "target": "cobblemon:relicanth",
  "abilities": [
    "swiftswim",
    "rockhead",
    "h:sturdy"
  ],
  "baseStats": {
    "hp": 100,
    "attack": 105,
    "defence": 115,
    "special_attack": 45,
    "special_defence": 65,
    "speed": 55
  },
  "moves": [
    "1:flail",
    "1:harden",
    "1:headsmash",
    "1:tackle",
    "1:watergun",
    "6:mudsport",
    "15:rocktomb",
    "21:ancientpower",
    "24:dive",
    "27:takedown",
    "31:yawn",
    "34:liquidation",
    "41:rest",
    "46:hydropump",
    "50:doubleedge",
    "53:wavecrash",
    "egg:amnesia",
    "egg:aquatail",
    "egg:brine",
    "egg:magnitude",
    "egg:muddywater",
    "egg:mudshot",
    "egg:mudslap",
    "egg:skullbash",
    "egg:sleeptalk",
    "egg:snore",
    "egg:watersport",
    "egg:zenheadbutt",
    "tm:blizzard",
    "tm:bodypress",
    "tm:bulldoze",
    "tm:calmmind",
    "tm:earthquake",
    "tm:facade",
    "tm:flipturn",
    "tm:snowscape",
    "tm:hiddenpower",
    "tm:icebeam",
    "tm:icywind",
    "tm:meteorbeam",
    "tm:protect",
    "tm:raindance",
    "tm:rest",
    "tm:return",
    "tm:rockpolish",
    "tm:rockslide",
    "tm:rocksmash",
    "tm:rocktomb",
    "tm:sandstorm",
    "tm:scald",
    "tm:scaleshot",
    "tm:sleeptalk",
    "tm:stealthrock",
    "tm:stoneedge",
    "tm:substitute",
    "tm:surf",
    "tm:toxic",
    "tm:waterfall",
    "tutor:aquatail",
    "tutor:bodypress",
    "tutor:bodyslam",
    "tutor:bounce",
    "tutor:confide",
    "tutor:earthpower",
    "tutor:hydropump",
    "tutor:icywind",
    "tutor:liquidation",
    "tutor:muddywater",
    "tutor:psychup",
    "tutor:rockblast",
    "tutor:snore",
    "tutor:stompingtantrum",
    "tutor:whirlpool",
    "tutor:zenheadbutt"
  ]
}