{
  "target": "cobblemon:roselia",
  "abilities": [
    "naturalcure",
    "poisontouch",
    "h:leafguard"
  ],
  "baseStats": {
    "hp": 50,
    "attack": 60,
    "defence": 45,
    "special_attack": 100,
    "special_defence": 80,
    "speed": 65
  },
  "moves": [
    "1:absorb",
    "4:growth",
    "7:poisonsting",
    "10:stunspore",
    "13:megadrain",
    "16:leechseed",
    "19:sludge",
    "22:grasswhistle",
    "25:gigadrain",
    "28:toxicspikes",
    "31:sleeppowder",
    "34:ingrain",
    "37:petalblizzard",
    "40:toxic",
    "43:aromatherapy",
    "46:synthesis",
    "50:petaldance",
    "60:leafstorm",
    "egg:bulletseed",
    "egg:cottonspore",
    "egg:extrasensory",
    "egg:gigadrain",
    "egg:grasswhistle",
    "egg:leafstorm",
    "egg:mindreader",
    "egg:pinmissile",
    "egg:powerwhip",
    "egg:razorleaf",
    "egg:seedbomb",
    "egg:sleeppowder",
    "egg:spikes",
    "egg:synthesis",
    "egg:clearsmog",
    "tm:bulletseed",
    "tm:cut",
    "tm:dazzlinggleam",
    "tm:energyball",
    "tm:facade",
    "tm:flash",
    "tm:gigadrain",
    "tm:grassknot",
    "tm:grassyglide",
    "tm:hiddenpower",
    "tm:poisonjab",
    "tm:protect",
    "tm:raindance",
    "tm:rest",
    "tm:return",
    "tm:shadowball",
    "tm:sleeptalk",
    "tm:sludgebomb",
    "tm:solarbeam",
    "tm:spikes",
    "tm:substitute",
    "tm:sunnyday",
    "tm:swordsdance",
    "tm:toxic",
    "tm:venoshock",
    "tutor:bodyslam",
    "tutor:confide",
    "tutor:covet",
    "tutor:leafstorm",
    "tutor:pinmissile",
    "tutor:powerwhip",
    "tutor:psychup",
    "tutor:seedbomb",
    "tutor:snore",
    "tutor:spikes",
    "tutor:synthesis",
    "tutor:toxicspikes",
    "tutor:uproar",
    "tutor:weatherball",
    "tutor:worryseed"
  ]
}