{
  "target": "cobblemon:sableye",
  "abilities": [
    "frisk",
    "stall",
    "h:prankster"
  ],
  "baseStats": {
    "hp": 50,
    "attack": 75,
    "defence": 75,
    "special_attack": 65,
    "special_defence": 65,
    "speed": 50
  },
  "moves": [
    "1:leer",
    "1:scratch",
    "4:foresight",
    "6:nightshade",
    "9:astonish",
    "11:furyswipes",
    "14:detect",
    "16:shadowsneak",
    "19:feintattack",
    "21:fakeout",
    "24:punishment",
    "26:knockoff",
    "29:shadowclaw",
    "31:confuseray",
    "34:zenheadbutt",
    "36:powergem",
    "39:shadowball",
    "41:foulplay",
    "44:quash",
    "46:meanlook",
    "egg:captivate",
    "egg:feint",
    "egg:flatter",
    "egg:imprison",
    "egg:meanlook",
    "egg:metalburst",
    "egg:moonlight",
    "egg:nastyplot",
    "egg:recover",
    "egg:suckerpunch",
    "egg:trick",
    "tm:aerialace",
    "tm:brickbreak",
    "tm:calmmind",
    "tm:cut",
    "tm:darkpulse",
    "tm:dazzlinggleam",
    "tm:dig",
    "tm:drainpunch",
    "tm:facade",
    "tm:flash",
    "tm:focuspunch",
    "tm:gyroball",
    "tm:hiddenpower",
    "tm:honeclaws",
    "tm:icywind",
    "tm:lowkick",
    "tm:lowsweep",
    "tm:poisonjab",
    "tm:poltergeist",
    "tm:poweruppunch",
    "tm:protect",
    "tm:psychic",
    "tm:raindance",
    "tm:rest",
    "tm:return",
    "tm:rocksmash",
    "tm:rocktomb",
    "tm:shadowball",
    "tm:shadowclaw",
    "tm:sleeptalk",
    "tm:snarl",
    "tm:substitute",
    "tm:sunnyday",
    "tm:taunt",
    "tm:thief",
    "tm:toxic",
    "tm:willowisp",
    "tutor:bodyslam",
    "tutor:confide",
    "tutor:firepunch",
    "tutor:foulplay",
    "tutor:gravity",
    "tutor:helpinghand",
    "tutor:hex",
    "tutor:icepunch",
    "tutor:icywind",
    "tutor:knockoff",
    "tutor:lowkick",
    "tutor:magiccoat",
    "tutor:nastyplot",
    "tutor:painsplit",
    "tutor:powergem",
    "tutor:psychup",
    "tutor:roleplay",
    "tutor:signalbeam",
    "tutor:snatch",
    "tutor:snore",
    "tutor:spite",
    "tutor:thunderpunch",
    "tutor:trick",
    "tutor:wonderroom",
    "tutor:zenheadbutt"
  ]
}