{
  "target": "cobblemon:salamence",
  "abilities": [
    "intimidate",
    "h:moxie"
  ],
  "baseStats": {
    "hp": 95,
    "attack": 135,
    "defence": 80,
    "special_attack": 110,
    "special_defence": 80,
    "speed": 100
  },
  "moves": [
    "1:bite",
    "1:dragontail",
    "1:dualwingbeat",
    "1:firefang",
    "1:leer",
    "1:protect",
    "1:rage",
    "1:refresh",
    "1:thunderfang",
    "4:ember",
    "13:dragonbreath",
    "17:headbutt",
    "21:focusenergy",
    "25:crunch",
    "29:dragonclaw",
    "35:zenheadbutt",
    "42:scaryface",
    "49:flamethrower",
    "63:doubleedge",
    "egg:defensecurl",
    "egg:dragondance",
    "egg:dragonpulse",
    "egg:dragonrage",
    "egg:dragonrush",
    "egg:endure",
    "egg:firefang",
    "egg:hydropump",
    "egg:thrash",
    "egg:wish",
    "tm:aerialace",
    "tm:brickbreak",
    "tm:bulldoze",
    "tm:cut",
    "tm:defog",
    "tm:dracobarrage",
    "tm:dragonclaw",
    "tm:dragondance",
    "tm:dragonpulse",
    "tm:dragontail",
    "tm:dualwingbeat",
    "tm:earthquake",
    "tm:facade",
    "tm:fireblast",
    "tm:flamethrower",
    "tm:fly",
    "tm:hiddenpower",
    "tm:honeclaws",
    "tm:hypervoice",
    "tm:irontail",
    "tm:protect",
    "tm:raindance",
    "tm:rest",
    "tm:return",
    "tm:roar",
    "tm:rockslide",
    "tm:rocksmash",
    "tm:rocktomb",
    "tm:roost",
    "tm:scaleshot",
    "tm:shadowclaw",
    "tm:sleeptalk",
    "tm:steelwing",
    "tm:stoneedge",
    "tm:strength",
    "tm:substitute",
    "tm:sunnyday",
    "tm:toxic",
    "tm:temperflare",
    "tutor:airslash",
    "tutor:aquatail",
    "tutor:bodyslam",
    "tutor:breakingswipe",
    "tutor:confide",
    "tutor:crunch",
    "tutor:dracometeor",
    "tutor:dragondance",
    "tutor:firefang",
    "tutor:focusenergy",
    "tutor:heatwave",
    "tutor:hurricane",
    "tutor:hydropump",
    "tutor:hypervoice",
    "tutor:irondefense",
    "tutor:laserfocus",
    "tutor:outrage",
    "tutor:scaryface",
    "tutor:snore",
    "tutor:tailwind",
    "tutor:thunderfang",
    "tutor:zenheadbutt"
  ]
}