{
  "target": "cobblemon:seedot",
  "abilities": [
    "chlorophyll",
    "earlybird",
    "h:infiltrator"
  ],
  "baseStats": {
    "hp": 40,
    "attack": 40,
    "defence": 50,
    "special_attack": 30,
    "special_defence": 30,
    "speed": 30
  },
  "moves": [
    "1:bide",
    "3:harden",
    "9:growth",
    "15:naturepower",
    "21:synthesis",
    "27:sunnyday",
    "33:explosion",
    "egg:amnesia",
    "egg:beatup",
    "egg:bulletseed",
    "egg:defog",
    "egg:foulplay",
    "egg:grassyterrain",
    "egg:leechseed",
    "egg:nastyplot",
    "egg:nightslash",
    "egg:powerswap",
    "egg:quickattack",
    "egg:razorwind",
    "egg:takedown",
    "egg:worryseed",
    "tm:bulletseed",
    "tm:defog",
    "tm:dig",
    "tm:energyball",
    "tm:explosion",
    "tm:facade",
    "tm:flash",
    "tm:gigadrain",
    "tm:grassknot",
    "tm:grassyglide",
    "tm:hiddenpower",
    "tm:protect",
    "tm:rest",
    "tm:return",
    "tm:rocksmash",
    "tm:shadowball",
    "tm:sleeptalk",
    "tm:solarbeam",
    "tm:substitute",
    "tm:sunnyday",
    "tm:swordsdance",
    "tm:toxic",
    "tutor:bodyslam",
    "tutor:confide",
    "tutor:foulplay",
    "tutor:grassyterrain",
    "tutor:nastyplot",
    "tutor:seedbomb",
    "tutor:snore",
    "tutor:spite",
    "tutor:synthesis",
    "tutor:worryseed"
  ]
}