{
  "target": "cobblemon:seviper",
  "abilities": [
    "merciless",
    "shedskin",
    "h:fatalprecision"
  ],
  "baseStats": {
    "hp": 83,
    "attack": 100,
    "defence": 83,
    "special_attack": 100,
    "special_defence": 83,
    "speed": 85
  },
  "moves": [
    "1:swagger",
    "1:venomdrench",
    "1:wrap",
    "4:bite",
    "6:lick",
    "9:poisontail",
    "11:feint",
    "14:screech",
    "16:venoshock",
    "19:glare",
    "21:poisonfang",
    "24:megadrain",
    "26:nightslash",
    "29:gastroacid",
    "31:poisonjab",
    "34:haze",
    "36:swordsdance",
    "39:crunch",
    "41:belch",
    "44:coil",
    "46:wringout",
    "53:gunkshot",
    "65:hypnosis",
    "egg:assurance",
    "egg:bodyslam",
    "egg:finalgambit",
    "egg:irontail",
    "egg:nightslash",
    "egg:punishment",
    "egg:scaryface",
    "egg:spitup",
    "egg:stockpile",
    "egg:swallow",
    "egg:switcheroo",
    "egg:wringout",
    "tm:bulldoze",
    "tm:darkpulse",
    "tm:dig",
    "tm:dragontail",
    "tm:earthquake",
    "tm:facade",
    "tm:fireblast",
    "tm:flamethrower",
    "tm:gigadrain",
    "tm:hiddenpower",
    "tm:irontail",
    "tm:poisonjab",
    "tm:protect",
    "tm:raindance",
    "tm:rest",
    "tm:return",
    "tm:rocksmash",
    "tm:scaleshot",
    "tm:sleeptalk",
    "tm:sludgebomb",
    "tm:sludgewave",
    "tm:strength",
    "tm:substitute",
    "tm:sunnyday",
    "tm:swordsdance",
    "tm:taunt",
    "tm:thief",
    "tm:toxic",
    "tm:trailblaze",
    "tm:venoshock",
    "tm:xscissor",
    "tutor:aquatail",
    "tutor:bodyslam",
    "tutor:confide",
    "tutor:crunch",
    "tutor:firefang",
    "tutor:gastroacid",
    "tutor:gunkshot",
    "tutor:icefang",
    "tutor:knockoff",
    "tutor:powerwhip",
    "tutor:scaryface",
    "tutor:screech",
    "tutor:snatch",
    "tutor:snore",
    "tutor:throatchop",
    "tutor:thunderfang",
    "tutor:venomdrench"
  ]
}