{
  "target": "cobblemon:sharpedo",
  "abilities": [
    "roughskin",
    "h:speedboost"
  ],
  "baseStats": {
    "hp": 70,
    "attack": 120,
    "defence": 40,
    "special_attack": 95,
    "special_defence": 40,
    "speed": 95
  },
  "moves": [
    "1:bite",
    "1:feint",
    "1:leer",
    "1:liquidation",
    "1:nightslash",
    "1:rage",
    "1:slash",
    "4:focusenergy",
    "7:aquajet",
    "11:assurance",
    "15:screech",
    "18:swagger",
    "21:brine",
    "25:icefang",
    "34:poisonfang",
    "38:crunch",
    "45:agility",
    "51:skullbash",
    "56:taunt",
    "75:aquafang",
    "egg:ancientpower",
    "egg:brine",
    "egg:destinybond",
    "egg:doubleedge",
    "egg:hydropump",
    "egg:psychicfangs",
    "egg:swift",
    "egg:thrash",
    "tm:blizzard",
    "tm:bulldoze",
    "tm:darkpulse",
    "tm:earthquake",
    "tm:facade",
    "tm:flipturn",
    "tm:snowscape",
    "tm:hiddenpower",
    "tm:icebeam",
    "tm:icywind",
    "tm:poisonjab",
    "tm:protect",
    "tm:raindance",
    "tm:rest",
    "tm:return",
    "tm:roar",
    "tm:rocksmash",
    "tm:rocktomb",
    "tm:scald",
    "tm:scaleshot",
    "tm:sleeptalk",
    "tm:snarl",
    "tm:strength",
    "tm:substitute",
    "tm:surf",
    "tm:taunt",
    "tm:thief",
    "tm:toxic",
    "tm:waterfall",
    "tutor:agility",
    "tutor:bounce",
    "tutor:closecombat",
    "tutor:confide",
    "tutor:crunch",
    "tutor:darkhole",
    "tutor:focusenergy",
    "tutor:hydropump",
    "tutor:icefang",
    "tutor:icywind",
    "tutor:liquidation",
    "tutor:psychicfangs",
    "tutor:scaryface",
    "tutor:screech",
    "tutor:snore",
    "tutor:spite",
    "tutor:superfang",
    "tutor:uproar",
    "tutor:whirlpool",
    "tutor:zenheadbutt"
  ]
}