{
  "target": "cobblemon:shedinja",
  "abilities": [
    "wonderguard"
  ],
  "baseStats": {
    "hp": 1,
    "attack": 90,
    "defence": 45,
    "special_attack": 30,
    "special_defence": 30,
    "speed": 40
  },
  "moves": [
    "1:absorb",
    "1:harden",
    "1:scratch",
    "13:furyswipes",
    "17:spite",
    "21:shadowsneak",
    "25:mindreader",
    "29:confuseray",
    "33:shadowball",
    "35:pounce",
    "37:grudge",
    "41:healblock",
    "45:phantomforce",
    "egg:bugbite",
    "egg:bugbuzz",
    "egg:endure",
    "egg:feintattack",
    "egg:finalgambit",
    "egg:flail",
    "egg:gust",
    "egg:nightslash",
    "egg:silverwind",
    "tm:aerialace",
    "tm:cut",
    "tm:dig",
    "tm:facade",
    "tm:flash",
    "tm:fly",
    "tm:gigadrain",
    "tm:hiddenpower",
    "tm:honeclaws",
    "tm:leechlife",
    "tm:poltergeist",
    "tm:protect",
    "tm:rest",
    "tm:return",
    "tm:sandstorm",
    "tm:shadowball",
    "tm:shadowclaw",
    "tm:sleeptalk",
    "tm:solarbeam",
    "tm:substitute",
    "tm:sunnyday",
    "tm:swordsdance",
    "tm:thief",
    "tm:toxic",
    "tm:willowisp",
    "tm:xscissor",
    "tutor:agility",
    "tutor:bugbite",
    "tutor:bugbuzz",
    "tutor:confide",
    "tutor:hex",
    "tutor:phantomforce",
    "tutor:snore",
    "tutor:spite",
    "tutor:trick"
  ]
}