{
  "target": "cobblemon:shelgon",
  "abilities": [
    "rockhead",
    "h:overcoat"
  ],
  "baseStats": {
    "hp": 65,
    "attack": 95,
    "defence": 100,
    "special_attack": 60,
    "special_defence": 50,
    "speed": 50
  },
  "moves": [
    "1:bite",
    "1:ember",
    "1:leer",
    "1:protect",
    "1:rage",
    "13:dragonbreath",
    "17:headbutt",
    "21:focusenergy",
    "25:crunch",
    "29:dragonclaw",
    "35:zenheadbutt",
    "42:scaryface",
    "49:flamethrower",
    "56:doubleedge",
    "egg:defensecurl",
    "egg:dragondance",
    "egg:dragonpulse",
    "egg:dragonrage",
    "egg:dragonrush",
    "egg:endure",
    "egg:firefang",
    "egg:hydropump",
    "egg:thrash",
    "egg:wish",
    "tm:aerialace",
    "tm:brickbreak",
    "tm:cut",
    "tm:dracobarrage",
    "tm:dragonclaw",
    "tm:dragondance",
    "tm:dragonpulse",
    "tm:facade",
    "tm:fireblast",
    "tm:flamethrower",
    "tm:hiddenpower",
    "tm:honeclaws",
    "tm:hypervoice",
    "tm:protect",
    "tm:raindance",
    "tm:rest",
    "tm:return",
    "tm:roar",
    "tm:rockslide",
    "tm:rocksmash",
    "tm:rocktomb",
    "tm:scaleshot",
    "tm:shadowclaw",
    "tm:sleeptalk",
    "tm:strength",
    "tm:substitute",
    "tm:sunnyday",
    "tm:toxic",
    "tm:temperflare",
    "tutor:bodyslam",
    "tutor:confide",
    "tutor:crunch",
    "tutor:dracometeor",
    "tutor:dragondance",
    "tutor:firefang",
    "tutor:focusenergy",
    "tutor:hydropump",
    "tutor:hypervoice",
    "tutor:irondefense",
    "tutor:outrage",
    "tutor:scaryface",
    "tutor:snore",
    "tutor:zenheadbutt"
  ]
}