{
  "target": "cobblemon:shiftry",
  "abilities": [
    "chlorophyll",
    "windrider",
    "h:infiltrator"
  ],
  "baseStats": {
    "hp": 90,
    "attack": 120,
    "defence": 60,
    "special_attack": 110,
    "special_defence": 60,
    "speed": 80
  },
  "moves": [
    "1:ceaselessedge",
    "1:fakeout",
    "1:nastyplot",
    "1:partingshot",
    "1:razorleaf",
    "1:suckerpunch",
    "1:whirlwind",
    "20:leaftornado",
    "28:hurricane",
    "44:leafstorm",
    "50:toxicspikes",
    "egg:amnesia",
    "egg:beatup",
    "egg:bulletseed",
    "egg:defog",
    "egg:foulplay",
    "egg:grassyterrain",
    "egg:leechseed",
    "egg:nastyplot",
    "egg:nightslash",
    "egg:powerswap",
    "egg:quickattack",
    "egg:razorwind",
    "egg:takedown",
    "egg:worryseed",
    "tm:aerialace",
    "tm:brickbreak",
    "tm:bulletseed",
    "tm:cut",
    "tm:darkpulse",
    "tm:defog",
    "tm:dig",
    "tm:energyball",
    "tm:explosion",
    "tm:facade",
    "tm:flash",
    "tm:focusblast",
    "tm:aurasphere",
    "tm:gigadrain",
    "tm:grassknot",
    "tm:grassyglide",
    "tm:hiddenpower",
    "tm:icywind",
    "tm:lowkick",
    "tm:lowsweep",
    "tm:poweruppunch",
    "tm:protect",
    "tm:rest",
    "tm:return",
    "tm:rockslide",
    "tm:rocksmash",
    "tm:rocktomb",
    "tm:shadowball",
    "tm:sleeptalk",
    "tm:snarl",
    "tm:solarbeam",
    "tm:solarblade",
    "tm:strength",
    "tm:substitute",
    "tm:sunnyday",
    "tm:swordsdance",
    "tm:thief",
    "tm:toxic",
    "tm:xscissor",
    "tm:vacuumwave",
    "tm:taunt",
    "tm:willowisp",
    "tutor:airslash",
    "tutor:bodyslam",
    "tutor:bounce",
    "tutor:confide",
    "tutor:foulplay",
    "tutor:grassyterrain",
    "tutor:heatwave",
    "tutor:hurricane",
    "tutor:icywind",
    "tutor:knockoff",
    "tutor:leafblade",
    "tutor:leafstorm",
    "tutor:lowkick",
    "tutor:nastyplot",
    "tutor:psychup",
    "tutor:screech",
    "tutor:seedbomb",
    "tutor:snore",
    "tutor:solarblade",
    "tutor:spite",
    "tutor:synthesis",
    "tutor:tailwind",
    "tutor:throatchop",
    "tutor:worryseed"
  ]
}