{
  "target": "cobblemon:shroomish",
  "abilities": [
    "effectspore",
    "poisonheal",
    "h:quickfeet"
  ],
  "baseStats": {
    "hp": 60,
    "attack": 40,
    "defence": 60,
    "special_attack": 40,
    "special_defence": 60,
    "speed": 35
  },
  "moves": [
    "1:absorb",
    "1:tackle",
    "5:stunspore",
    "8:leechseed",
    "12:megadrain",
    "15:headbutt",
    "19:poisonpowder",
    "22:worryseed",
    "26:gigadrain",
    "29:growth",
    "33:toxic",
    "36:seedbomb",
    "40:spore",
    "egg:bulletseed",
    "egg:charm",
    "egg:drainpunch",
    "egg:faketears",
    "egg:focuspunch",
    "egg:helpinghand",
    "egg:naturalgift",
    "egg:wakeupslap",
    "egg:worryseed",
    "tm:bulletseed",
    "tm:drainpunch",
    "tm:energyball",
    "tm:facade",
    "tm:flash",
    "tm:focuspunch",
    "tm:gigadrain",
    "tm:grassknot",
    "tm:grassyglide",
    "tm:hiddenpower",
    "tm:protect",
    "tm:rest",
    "tm:return",
    "tm:sleeptalk",
    "tm:sludgebomb",
    "tm:solarbeam",
    "tm:substitute",
    "tm:sunnyday",
    "tm:swordsdance",
    "tm:toxic",
    "tm:venoshock",
    "tutor:bodyslam",
    "tutor:confide",
    "tutor:faketears",
    "tutor:helpinghand",
    "tutor:seedbomb",
    "tutor:snatch",
    "tutor:snore",
    "tutor:synthesis",
    "tutor:worryseed"
  ]
}