{
  "target": "cobblemon:shuppet",
  "abilities": [
    "insomnia",
    "frisk",
    "h:wanderingspirit"
  ],
  "baseStats": {
    "hp": 44,
    "attack": 75,
    "defence": 35,
    "special_attack": 63,
    "special_defence": 33,
    "speed": 45
  },
  "moves": [
    "1:knockoff",
    "1:thunderwave",
    "4:screech",
    "7:nightshade",
    "10:spite",
    "13:shadowsneak",
    "16:willowisp",
    "19:feintattack",
    "22:hex",
    "26:curse",
    "30:shadowball",
    "34:embargo",
    "38:suckerpunch",
    "42:snatch",
    "46:grudge",
    "50:taunt",
    "54:phantomforce",
    "egg:astonish",
    "egg:confuseray",
    "egg:destinybond",
    "egg:disable",
    "egg:foresight",
    "egg:gunkshot",
    "egg:imprison",
    "egg:ominouswind",
    "egg:phantomforce",
    "egg:pursuit",
    "egg:shadowsneak",
    "tm:calmmind",
    "tm:chargebeam",
    "tm:darkpulse",
    "tm:dazzlinggleam",
    "tm:facade",
    "tm:flash",
    "tm:hiddenpower",
    "tm:icywind",
    "tm:poltergeist",
    "tm:protect",
    "tm:psychic",
    "tm:raindance",
    "tm:rest",
    "tm:return",
    "tm:shadowball",
    "tm:sleeptalk",
    "tm:substitute",
    "tm:sunnyday",
    "tm:taunt",
    "tm:thief",
    "tm:thunder",
    "tm:thunderbolt",
    "tm:thunderwave",
    "tm:toxic",
    "tm:trickroom",
    "tm:willowisp",
    "tutor:bodyslam",
    "tutor:confide",
    "tutor:foulplay",
    "tutor:gunkshot",
    "tutor:hex",
    "tutor:icywind",
    "tutor:knockoff",
    "tutor:magiccoat",
    "tutor:magicroom",
    "tutor:painsplit",
    "tutor:phantomforce",
    "tutor:psychup",
    "tutor:roleplay",
    "tutor:screech",
    "tutor:snatch",
    "tutor:snore",
    "tutor:spite",
    "tutor:trick"
  ]
}