{
  "target": "cobblemon:skitty",
  "abilities": [
    "cutecharm",
    "wonderskin",
    "h:felineprowess"
  ],
  "baseStats": {
    "hp": 50,
    "attack": 45,
    "defence": 45,
    "special_attack": 35,
    "special_defence": 35,
    "speed": 50
  },
  "moves": [
    "1:fakeout",
    "1:growl",
    "1:tackle",
    "1:tailwhip",
    "4:foresight",
    "7:sing",
    "10:attract",
    "13:disarmingvoice",
    "16:round",
    "19:copycat",
    "22:feintattack",
    "25:charm",
    "28:wakeupslap",
    "31:assist",
    "34:covet",
    "37:healbell",
    "40:doubleedge",
    "43:captivate",
    "46:playrough",
    "egg:captivate",
    "egg:cosmicpower",
    "egg:fakeout",
    "egg:faketears",
    "egg:helpinghand",
    "egg:mudbomb",
    "egg:simplebeam",
    "egg:suckerpunch",
    "egg:tickle",
    "egg:uproar",
    "egg:wish",
    "egg:zenheadbutt",
    "tm:blizzard",
    "tm:calmmind",
    "tm:chargebeam",
    "tm:cosmicpower",
    "tm:dig",
    "tm:drainingkiss",
    "tm:facade",
    "tm:flash",
    "tm:grassknot",
    "tm:hiddenpower",
    "tm:hypervoice",
    "tm:icebeam",
    "tm:icywind",
    "tm:irontail",
    "tm:protect",
    "tm:raindance",
    "tm:rest",
    "tm:return",
    "tm:shadowball",
    "tm:sleeptalk",
    "tm:solarbeam",
    "tm:substitute",
    "tm:sunnyday",
    "tm:thunder",
    "tm:thunderbolt",
    "tm:thunderwave",
    "tm:toxic",
    "tm:wildcharge",
    "tm:workup",
    "tutor:batonpass",
    "tutor:bodyslam",
    "tutor:confide",
    "tutor:cosmicpower",
    "tutor:covet",
    "tutor:faketears",
    "tutor:healbell",
    "tutor:helpinghand",
    "tutor:hypervoice",
    "tutor:icywind",
    "tutor:lastresort",
    "tutor:nastyplot",
    "tutor:playrough",
    "tutor:psychup",
    "tutor:snore",
    "tutor:tailslap",
    "tutor:uproar",
    "tutor:zenheadbutt"
  ]
}