{
  "target": "cobblemon:slakoth",
  "abilities": [
    "truant"
  ],
  "baseStats": {
    "hp": 60,
    "attack": 60,
    "defence": 60,
    "special_attack": 35,
    "special_defence": 35,
    "speed": 30
  },
  "moves": [
    "1:scratch",
    "1:yawn",
    "6:encore",
    "9:slackoff",
    "14:feintattack",
    "17:amnesia",
    "22:covet",
    "25:chipaway",
    "30:counter",
    "33:flail",
    "38:playrough",
    "egg:afteryou",
    "egg:bodyslam",
    "egg:crushclaw",
    "egg:curse",
    "egg:hammerarm",
    "egg:nightslash",
    "egg:pursuit",
    "egg:slash",
    "egg:sleeptalk",
    "egg:snore",
    "egg:tickle",
    "tm:aerialace",
    "tm:blizzard",
    "tm:brickbreak",
    "tm:bulkup",
    "tm:cut",
    "tm:facade",
    "tm:fireblast",
    "tm:flamethrower",
    "tm:focuspunch",
    "tm:hiddenpower",
    "tm:honeclaws",
    "tm:icebeam",
    "tm:icywind",
    "tm:poweruppunch",
    "tm:protect",
    "tm:raindance",
    "tm:rest",
    "tm:return",
    "tm:rockslide",
    "tm:rocksmash",
    "tm:rocktomb",
    "tm:shadowball",
    "tm:shadowclaw",
    "tm:sleeptalk",
    "tm:solarbeam",
    "tm:strength",
    "tm:substitute",
    "tm:sunnyday",
    "tm:thunder",
    "tm:thunderbolt",
    "tm:toxic",
    "tm:workup",
    "tutor:afteryou",
    "tutor:bodyslam",
    "tutor:confide",
    "tutor:covet",
    "tutor:encore",
    "tutor:firepunch",
    "tutor:gunkshot",
    "tutor:icepunch",
    "tutor:icywind",
    "tutor:knockoff",
    "tutor:playrough",
    "tutor:snore",
    "tutor:thunderpunch"
  ]
}