{
  "target": "cobblemon:slaking",
  "abilities": [
    "truant"
  ],
  "baseStats": {
    "hp": 150,
    "attack": 160,
    "defence": 100,
    "special_attack": 95,
    "special_defence": 65,
    "speed": 100
  },
  "moves": [
    "1:bodyslam",
    "1:fling",
    "1:hammerarm",
    "1:punishment",
    "1:scratch",
    "1:suckerpunch",
    "1:swagger",
    "1:yawn",
    "6:encore",
    "9:slackoff",
    "14:feintattack",
    "17:amnesia",
    "23:covet",
    "27:chipaway",
    "33:counter",
    "39:flail",
    "66:doubleedge",
    "egg:afteryou",
    "egg:bodyslam",
    "egg:crushclaw",
    "egg:curse",
    "egg:hammerarm",
    "egg:nightslash",
    "egg:pursuit",
    "egg:slash",
    "egg:sleeptalk",
    "egg:snore",
    "egg:tickle",
    "tm:aerialace",
    "tm:blizzard",
    "tm:bodypress",
    "tm:brickbreak",
    "tm:bulkup",
    "tm:bulldoze",
    "tm:cut",
    "tm:earthquake",
    "tm:facade",
    "tm:fireblast",
    "tm:flamethrower",
    "tm:focusblast",
    "tm:aurasphere",
    "tm:focuspunch",
    "tm:hiddenpower",
    "tm:honeclaws",
    "tm:icebeam",
    "tm:icywind",
    "tm:lowkick",
    "tm:lowsweep",
    "tm:poweruppunch",
    "tm:protect",
    "tm:raindance",
    "tm:rest",
    "tm:return",
    "tm:roar",
    "tm:rockclimb",
    "tm:rockslide",
    "tm:rocksmash",
    "tm:rocktomb",
    "tm:shadowball",
    "tm:shadowclaw",
    "tm:sleeptalk",
    "tm:solarbeam",
    "tm:strength",
    "tm:substitute",
    "tm:sunnyday",
    "tm:taunt",
    "tm:thunder",
    "tm:thunderbolt",
    "tm:toxic",
    "tm:trailblaze",
    "tm:workup",
    "tutor:afteryou",
    "tutor:block",
    "tutor:bodypress",
    "tutor:bodyslam",
    "tutor:confide",
    "tutor:covet",
    "tutor:encore",
    "tutor:firepunch",
    "tutor:focusenergy",
    "tutor:gunkshot",
    "tutor:heavyslam",
    "tutor:highhorsepower",
    "tutor:icepunch",
    "tutor:icywind",
    "tutor:knockoff",
    "tutor:lowkick",
    "tutor:playrough",
    "tutor:reversal",
    "tutor:snore",
    "tutor:stompingtantrum",
    "tutor:thunderpunch",
    "tutor:uproar"
  ]
}