{
  "target": "cobblemon:snorunt",
  "abilities": [
    "innerfocus",
    "icebody",
    "h:refrigerate"
  ],
  "baseStats": {
    "hp": 50,
    "attack": 50,
    "defence": 50,
    "special_attack": 50,
    "special_defence": 50,
    "speed": 50
  },
  "moves": [
    "1:leer",
    "1:powdersnow",
    "10:iceshard",
    "14:icywind",
    "19:bite",
    "23:icefang",
    "28:headbutt",
    "32:protect",
    "37:frostbreath",
    "41:crunch",
    "46:blizzard",
    "50:snowscape",
    "egg:avalanche",
    "egg:bide",
    "egg:block",
    "egg:disable",
    "egg:faketears",
    "egg:hex",
    "egg:iciclecrash",
    "egg:rollout",
    "egg:spikes",
    "egg:switcheroo",
    "egg:weatherball",
    "tm:blizzard",
    "tm:facade",
    "tm:flash",
    "tm:frostbreath",
    "tm:snowscape",
    "tm:hiddenpower",
    "tm:icebeam",
    "tm:icespinner",
    "tm:icywind",
    "tm:lightscreen",
    "tm:protect",
    "tm:raindance",
    "tm:rest",
    "tm:return",
    "tm:shadowball",
    "tm:sleeptalk",
    "tm:spikes",
    "tm:substitute",
    "tm:toxic",
    "tm:trailblaze",
    "tutor:block",
    "tutor:bodyslam",
    "tutor:confide",
    "tutor:crunch",
    "tutor:faketears",
    "tutor:hex",
    "tutor:icefang",
    "tutor:icywind",
    "tutor:snore",
    "tutor:spikes",
    "tutor:spite",
    "tutor:weatherball"
  ]
}