{
  "target": "cobblemon:solrock",
  "abilities": [
    "levitate"
  ],
  "baseStats": {
    "hp": 90,
    "attack": 105,
    "defence": 85,
    "special_attack": 55,
    "special_defence": 65,
    "speed": 90
  },
  "moves": [
    "1:confusion",
    "1:flareblitz",
    "1:harden",
    "1:rockthrow",
    "1:tackle",
    "5:firespin",
    "9:rockpolish",
    "13:psywave",
    "17:embargo",
    "21:rockslide",
    "25:cosmicpower",
    "29:psychic",
    "33:healblock",
    "37:stoneedge",
    "41:photongeyser",
    "45:explosion",
    "49:wonderroom",
    "tm:acrobatics",
    "tm:bulldoze",
    "tm:calmmind",
    "tm:chargebeam",
    "tm:cosmicpower",
    "tm:earthquake",
    "tm:expandingforce",
    "tm:explosion",
    "tm:facade",
    "tm:fireblast",
    "tm:flamethrower",
    "tm:flash",
    "tm:fly",
    "tm:grassknot",
    "tm:gyroball",
    "tm:hiddenpower",
    "tm:lightscreen",
    "tm:meteorbeam",
    "tm:overheat",
    "tm:protect",
    "tm:psychic",
    "tm:psyshock",
    "tm:raindance",
    "tm:reflect",
    "tm:rest",
    "tm:return",
    "tm:rockpolish",
    "tm:rockslide",
    "tm:rocktomb",
    "tm:sandstorm",
    "tm:shadowball",
    "tm:sleeptalk",
    "tm:solarbeam",
    "tm:stealthrock",
    "tm:stoneedge",
    "tm:substitute",
    "tm:sunnyday",
    "tm:swordsdance",
    "tm:teleport",
    "tm:toxic",
    "tm:trickroom",
    "tm:willowisp",
    "tutor:batonpass",
    "tutor:bodyslam",
    "tutor:confide",
    "tutor:cosmicpower",
    "tutor:earthpower",
    "tutor:firespin",
    "tutor:flareblitz",
    "tutor:gravity",
    "tutor:heatwave",
    "tutor:helpinghand",
    "tutor:irondefense",
    "tutor:ironhead",
    "tutor:laserfocus",
    "tutor:magiccoat",
    "tutor:painsplit",
    "tutor:psychicterrain",
    "tutor:psychup",
    "tutor:rockblast",
    "tutor:sandtomb",
    "tutor:signalbeam",
    "tutor:snore",
    "tutor:stompingtantrum",
    "tutor:storedpower",
    "tutor:weatherball",
    "tutor:wonderroom",
    "tutor:zenheadbutt"
  ]
}