{
  "target": "cobblemon:spheal",
  "abilities": [
    "thickfat",
    "icebody",
    "h:oblivious"
  ],
  "baseStats": {
    "hp": 70,
    "attack": 40,
    "defence": 50,
    "special_attack": 55,
    "special_defence": 50,
    "speed": 25
  },
  "moves": [
    "1:babydolleyes",
    "1:defensecurl",
    "1:growl",
    "1:powdersnow",
    "1:watergun",
    "5:rollout",
    "9:encore",
    "13:iceball",
    "17:brine",
    "21:aurorabeam",
    "26:bodyslam",
    "31:rest",
    "31:snore",
    "36:snowscape",
    "41:blizzard",
    "46:icebeam",
    "egg:aquaring",
    "egg:bellydrum",
    "egg:curse",
    "egg:rollout",
    "egg:signalbeam",
    "egg:sleeptalk",
    "egg:spitup",
    "egg:stockpile",
    "egg:swallow",
    "egg:waterpulse",
    "egg:watersport",
    "egg:yawn",
    "tm:blizzard",
    "tm:bulldoze",
    "tm:earthquake",
    "tm:facade",
    "tm:flipturn",
    "tm:frostbreath",
    "tm:snowscape",
    "tm:hiddenpower",
    "tm:icebeam",
    "tm:icywind",
    "tm:irontail",
    "tm:protect",
    "tm:raindance",
    "tm:rest",
    "tm:return",
    "tm:rockslide",
    "tm:rocksmash",
    "tm:rocktomb",
    "tm:scald",
    "tm:sleeptalk",
    "tm:steelroller",
    "tm:strength",
    "tm:substitute",
    "tm:surf",
    "tm:toxic",
    "tm:waterfall",
    "tutor:aquatail",
    "tutor:bodyslam",
    "tutor:confide",
    "tutor:encore",
    "tutor:icywind",
    "tutor:signalbeam",
    "tutor:snore",
    "tutor:superfang",
    "tutor:whirlpool"
  ]
}