{
  "target": "cobblemon:spinda",
  "abilities": [
    "owntempo",
    "h:contrary"
  ],
  "baseStats": {
    "hp": 80,
    "attack": 80,
    "defence": 80,
    "special_attack": 80,
    "special_defence": 80,
    "speed": 80
  },
  "moves": [
    "1:superpower",
    "1:tackle",
    "5:copycat",
    "10:feintattack",
    "14:psybeam",
    "19:hypnosis",
    "23:dizzypunch",
    "28:suckerpunch",
    "32:teeterdance",
    "37:uproar",
    "41:psychup",
    "46:doubleedge",
    "50:flail",
    "55:thrash",
    "egg:assist",
    "egg:disable",
    "egg:encore",
    "egg:fakeout",
    "egg:faketears",
    "egg:guardsplit",
    "egg:icywind",
    "egg:psychocut",
    "egg:psychoshift",
    "egg:rapidspin",
    "egg:roleplay",
    "egg:smellingsalts",
    "egg:spotlight",
    "egg:trick",
    "egg:waterpulse",
    "egg:wish",
    "tm:brickbreak",
    "tm:calmmind",
    "tm:dig",
    "tm:drainpunch",
    "tm:facade",
    "tm:flash",
    "tm:focuspunch",
    "tm:hiddenpower",
    "tm:hypervoice",
    "tm:icywind",
    "tm:lowkick",
    "tm:poweruppunch",
    "tm:protect",
    "tm:psychic",
    "tm:raindance",
    "tm:rest",
    "tm:return",
    "tm:rockslide",
    "tm:rocksmash",
    "tm:rocktomb",
    "tm:shadowball",
    "tm:sleeptalk",
    "tm:strength",
    "tm:substitute",
    "tm:sunnyday",
    "tm:superpower",
    "tm:thief",
    "tm:toxic",
    "tm:trickroom",
    "tm:wildcharge",
    "tm:workup",
    "tutor:batonpass",
    "tutor:bodyslam",
    "tutor:confide",
    "tutor:covet",
    "tutor:encore",
    "tutor:firepunch",
    "tutor:helpinghand",
    "tutor:hypervoice",
    "tutor:icepunch",
    "tutor:icywind",
    "tutor:lastresort",
    "tutor:lowkick",
    "tutor:psychocut",
    "tutor:psychup",
    "tutor:roleplay",
    "tutor:snatch",
    "tutor:snore",
    "tutor:stompingtantrum",
    "tutor:superpower",
    "tutor:thunderpunch",
    "tutor:trick",
    "tutor:uproar",
    "tutor:zenheadbutt"
  ]
}