{
  "target": "cobblemon:spoink",
  "abilities": [
    "thickfat",
    "owntempo",
    "h:gluttony"
  ],
  "baseStats": {
    "hp": 60,
    "attack": 25,
    "defence": 35,
    "special_attack": 70,
    "special_defence": 80,
    "speed": 60
  },
  "moves": [
    "1:thunderwave",
    "7:psywave",
    "10:odorsleuth",
    "14:psybeam",
    "15:psychup",
    "18:confuseray",
    "21:magiccoat",
    "26:zenheadbutt",
    "29:powergem",
    "29:rest",
    "33:snore",
    "38:psyshock",
    "40:payback",
    "44:psychic",
    "50:bounce",
    "egg:amnesia",
    "egg:endure",
    "egg:extrasensory",
    "egg:futuresight",
    "egg:luckychant",
    "egg:mirrorcoat",
    "egg:simplebeam",
    "egg:skillswap",
    "egg:trick",
    "egg:whirlwind",
    "egg:zenheadbutt",
    "tm:calmmind",
    "tm:chargebeam",
    "tm:expandingforce",
    "tm:facade",
    "tm:flash",
    "tm:futuresight",
    "tm:grassknot",
    "tm:hiddenpower",
    "tm:icywind",
    "tm:irontail",
    "tm:lightscreen",
    "tm:protect",
    "tm:psychic",
    "tm:psyshock",
    "tm:raindance",
    "tm:reflect",
    "tm:rest",
    "tm:return",
    "tm:shadowball",
    "tm:sleeptalk",
    "tm:substitute",
    "tm:sunnyday",
    "tm:taunt",
    "tm:thief",
    "tm:thunderwave",
    "tm:toxic",
    "tm:trailblaze",
    "tm:trickroom",
    "tutor:bodyslam",
    "tutor:bounce",
    "tutor:confide",
    "tutor:covet",
    "tutor:healbell",
    "tutor:icywind",
    "tutor:magiccoat",
    "tutor:powergem",
    "tutor:psychup",
    "tutor:roleplay",
    "tutor:signalbeam",
    "tutor:snatch",
    "tutor:snore",
    "tutor:trick",
    "tutor:uproar",
    "tutor:zenheadbutt"
  ]
}