{
  "target": "cobblemon:surskit",
  "abilities": [
    "swiftswim",
    "h:raindish"
  ],
  "baseStats": {
    "hp": 40,
    "attack": 30,
    "defence": 32,
    "special_attack": 50,
    "special_defence": 52,
    "speed": 65
  },
  "moves": [
    "1:bubble",
    "1:signalbeam",
    "6:quickattack",
    "9:sweetscent",
    "14:watersport",
    "16:scald",
    "22:agility",
    "25:haze",
    "25:mist",
    "30:aquajet",
    "38:stickyweb",
    "egg:aquajet",
    "egg:bugbite",
    "egg:endure",
    "egg:fellstinger",
    "egg:foresight",
    "egg:lunge",
    "egg:mindreader",
    "egg:mudshot",
    "egg:powersplit",
    "egg:psybeam",
    "egg:signalbeam",
    "tm:blizzard",
    "tm:facade",
    "tm:flash",
    "tm:gigadrain",
    "tm:hiddenpower",
    "tm:icebeam",
    "tm:icywind",
    "tm:protect",
    "tm:raindance",
    "tm:rest",
    "tm:return",
    "tm:scald",
    "tm:shadowball",
    "tm:sleeptalk",
    "tm:solarbeam",
    "tm:substitute",
    "tm:sunnyday",
    "tm:thief",
    "tm:toxic",
    "tutor:agility",
    "tutor:batonpass",
    "tutor:bugbite",
    "tutor:confide",
    "tutor:hydropump",
    "tutor:icywind",
    "tutor:liquidation",
    "tutor:psychup",
    "tutor:signalbeam",
    "tutor:snore"
  ]
}