{
  "target": "cobblemon:swablu",
  "abilities": [
    "naturalcure",
    "h:cloudnine"
  ],
  "baseStats": {
    "hp": 45,
    "attack": 40,
    "defence": 60,
    "special_attack": 40,
    "special_defence": 75,
    "speed": 50
  },
  "moves": [
    "1:growl",
    "1:pluck",
    "3:astonish",
    "5:sing",
    "7:furyattack",
    "9:safeguard",
    "11:disarmingvoice",
    "14:mist",
    "15:icywind",
    "17:round",
    "20:dragonbreath",
    "23:takedown",
    "26:dualwingbeat",
    "30:mirrormove",
    "34:cottonguard",
    "38:dragonpulse",
    "42:perishsong",
    "46:moonblast",
    "egg:agility",
    "egg:dragonrush",
    "egg:featherdance",
    "egg:haze",
    "egg:hypervoice",
    "egg:playrough",
    "egg:powerswap",
    "egg:pursuit",
    "egg:rage",
    "egg:roost",
    "egg:steelwing",
    "tm:aerialace",
    "tm:dazzlinggleam",
    "tm:defog",
    "tm:dracobarrage",
    "tm:dragonpulse",
    "tm:dualwingbeat",
    "tm:facade",
    "tm:fly",
    "tm:hiddenpower",
    "tm:hypervoice",
    "tm:icebeam",
    "tm:protect",
    "tm:raindance",
    "tm:rest",
    "tm:return",
    "tm:roost",
    "tm:sleeptalk",
    "tm:solarbeam",
    "tm:steelwing",
    "tm:substitute",
    "tm:sunnyday",
    "tm:thief",
    "tm:toxic",
    "tm:trailblaze",
    "tutor:agility",
    "tutor:bodyslam",
    "tutor:confide",
    "tutor:healbell",
    "tutor:heatwave",
    "tutor:hypervoice",
    "tutor:outrage",
    "tutor:playrough",
    "tutor:psychup",
    "tutor:skyattack",
    "tutor:snore",
    "tutor:tailwind",
    "tutor:uproar",
    "tutor:dracometeor"
  ]
}