{
  "target": "cobblemon:swalot",
  "abilities": [
    "liquidooze",
    "stickyhold",
    "h:magicguard"
  ],
  "baseStats": {
    "hp": 100,
    "attack": 53,
    "defence": 88,
    "special_attack": 93,
    "special_defence": 88,
    "speed": 55
  },
  "moves": [
    "1:bodyslam",
    "1:gunkshot",
    "1:poisongas",
    "1:pound",
    "1:sludge",
    "1:venomdrench",
    "1:wringout",
    "1:yawn",
    "12:amnesia",
    "17:acidspray",
    "20:encore",
    "25:toxic",
    "30:spitup",
    "30:stockpile",
    "30:swallow",
    "33:sludgebomb",
    "36:gastroacid",
    "39:belch",
    "egg:acidarmor",
    "egg:curse",
    "egg:destinybond",
    "egg:gunkshot",
    "egg:mudslap",
    "egg:painsplit",
    "egg:smog",
    "egg:venomdrench",
    "tm:blizzard",
    "tm:bulldoze",
    "tm:bulletseed",
    "tm:earthquake",
    "tm:explosion",
    "tm:facade",
    "tm:focusblast",
    "tm:aurasphere",
    "tm:gigadrain",
    "tm:hiddenpower",
    "tm:icebeam",
    "tm:poweruppunch",
    "tm:protect",
    "tm:raindance",
    "tm:rest",
    "tm:return",
    "tm:rocksmash",
    "tm:shadowball",
    "tm:sleeptalk",
    "tm:sludgebomb",
    "tm:sludgewave",
    "tm:solarbeam",
    "tm:strength",
    "tm:substitute",
    "tm:sunnyday",
    "tm:toxic",
    "tm:venoshock",
    "tutor:block",
    "tutor:bodyslam",
    "tutor:confide",
    "tutor:earthpower",
    "tutor:encore",
    "tutor:firepunch",
    "tutor:gastroacid",
    "tutor:gunkshot",
    "tutor:hydropump",
    "tutor:icepunch",
    "tutor:painsplit",
    "tutor:seedbomb",
    "tutor:snatch",
    "tutor:snore",
    "tutor:thunderpunch",
    "tutor:venomdrench",
    "tutor:toxicspikes"
  ]
}