{
  "target": "cobblemon:swampert",
  "abilities": [
    "torrent",
    "h:damp"
  ],
  "baseStats": {
    "hp": 100,
    "attack": 110,
    "defence": 90,
    "special_attack": 85,
    "special_defence": 90,
    "speed": 60
  },
  "moves": [
    "1:bulldoze",
    "1:foresight",
    "1:growl",
    "1:hammerarm",
    "1:mudshot",
    "1:mudslap",
    "1:tackle",
    "4:brine",
    "4:watergun",
    "12:bodyslam",
    "18:bide",
    "22:mudbomb",
    "28:rockslide",
    "32:protect",
    "39:muddywater",
    "44:takedown",
    "51:earthquake",
    "egg:ancientpower",
    "egg:avalanche",
    "egg:barrier",
    "egg:bite",
    "egg:counter",
    "egg:curse",
    "egg:doubleedge",
    "egg:iceball",
    "egg:mirrorcoat",
    "egg:mudbomb",
    "egg:refresh",
    "egg:sludge",
    "egg:stomp",
    "egg:uproar",
    "egg:whirlpool",
    "egg:wideguard",
    "egg:yawn",
    "tm:blizzard",
    "tm:bodypress",
    "tm:brickbreak",
    "tm:bulkup",
    "tm:bulldoze",
    "tm:dig",
    "tm:earthquake",
    "tm:facade",
    "tm:flipturn",
    "tm:focusblast",
    "tm:aurasphere",
    "tm:focuspunch",
    "tm:snowscape",
    "tm:hiddenpower",
    "tm:icebeam",
    "tm:icywind",
    "tm:irontail",
    "tm:lowkick",
    "tm:poweruppunch",
    "tm:protect",
    "tm:raindance",
    "tm:rest",
    "tm:return",
    "tm:roar",
    "tm:rockclimb",
    "tm:rockslide",
    "tm:rocksmash",
    "tm:rocktomb",
    "tm:scald",
    "tm:sleeptalk",
    "tm:sludgewave",
    "tm:stealthrock",
    "tm:stoneedge",
    "tm:strength",
    "tm:substitute",
    "tm:superpower",
    "tm:surf",
    "tm:toxic",
    "tm:waterfall",
    "tm:workup",
    "tutor:aquatail",
    "tutor:bodypress",
    "tutor:bodyslam",
    "tutor:confide",
    "tutor:darkestlariat",
    "tutor:earthpower",
    "tutor:endeavor",
    "tutor:highhorsepower",
    "tutor:hydrocannon",
    "tutor:hydropump",
    "tutor:icepunch",
    "tutor:icywind",
    "tutor:liquidation",
    "tutor:lowkick",
    "tutor:muddywater",
    "tutor:outrage",
    "tutor:sandtomb",
    "tutor:snore",
    "tutor:stompingtantrum",
    "tutor:superpower",
    "tutor:uproar",
    "tutor:waterpledge",
    "tutor:whirlpool",
    "tutor:knockoff"
  ]
}