{
  "target": "cobblemon:swellow",
  "abilities": [
    "guts",
    "h:aerilate"
  ],
  "baseStats": {
    "hp": 60,
    "attack": 85,
    "defence": 60,
    "special_attack": 75,
    "special_defence": 50,
    "speed": 125
  },
  "moves": [
    "1:airslash",
    "1:facade",
    "1:focusenergy",
    "1:growl",
    "1:peck",
    "1:pluck",
    "1:quickattack",
    "13:wingattack",
    "21:aerialace",
    "27:quickguard",
    "33:agility",
    "39:dualwingbeat",
    "45:endeavor",
    "51:bravebird",
    "57:reversal",
    "65:boomburst",
    "egg:defog",
    "egg:hurricane",
    "egg:mirrormove",
    "egg:pursuit",
    "egg:rage",
    "egg:refresh",
    "egg:roost",
    "egg:skyattack",
    "egg:steelwing",
    "egg:supersonic",
    "egg:whirlwind",
    "tm:aerialace",
    "tm:bravebird",
    "tm:defog",
    "tm:dualwingbeat",
    "tm:facade",
    "tm:fly",
    "tm:hiddenpower",
    "tm:pluck",
    "tm:protect",
    "tm:raindance",
    "tm:rest",
    "tm:return",
    "tm:roost",
    "tm:sleeptalk",
    "tm:steelwing",
    "tm:substitute",
    "tm:sunnyday",
    "tm:thief",
    "tm:toxic",
    "tm:uturn",
    "tm:workup",
    "tutor:agility",
    "tutor:airslash",
    "tutor:batonpass",
    "tutor:bravebird",
    "tutor:confide",
    "tutor:endeavor",
    "tutor:focusenergy",
    "tutor:heatwave",
    "tutor:hurricane",
    "tutor:laserfocus",
    "tutor:reversal",
    "tutor:skyattack",
    "tutor:snore",
    "tutor:tailwind"
  ]
}