{
  "target": "cobblemon:taillow",
  "abilities": [
    "guts",
    "h:scrappy"
  ],
  "baseStats": {
    "hp": 40,
    "attack": 55,
    "defence": 30,
    "special_attack": 30,
    "special_defence": 30,
    "speed": 85
  },
  "moves": [
    "1:growl",
    "1:peck",
    "5:focusenergy",
    "9:quickattack",
    "13:wingattack",
    "21:aerialace",
    "25:quickguard",
    "29:agility",
    "33:dualwingbeat",
    "37:endeavor",
    "41:bravebird",
    "45:reversal",
    "egg:defog",
    "egg:hurricane",
    "egg:mirrormove",
    "egg:pursuit",
    "egg:rage",
    "egg:refresh",
    "egg:roost",
    "egg:skyattack",
    "egg:steelwing",
    "egg:supersonic",
    "egg:whirlwind",
    "tm:aerialace",
    "tm:bravebird",
    "tm:defog",
    "tm:dualwingbeat",
    "tm:facade",
    "tm:fly",
    "tm:hiddenpower",
    "tm:pluck",
    "tm:protect",
    "tm:raindance",
    "tm:rest",
    "tm:return",
    "tm:roost",
    "tm:sleeptalk",
    "tm:steelwing",
    "tm:substitute",
    "tm:sunnyday",
    "tm:thief",
    "tm:toxic",
    "tm:uturn",
    "tm:workup",
    "tutor:agility",
    "tutor:airslash",
    "tutor:batonpass",
    "tutor:bravebird",
    "tutor:confide",
    "tutor:endeavor",
    "tutor:focusenergy",
    "tutor:heatwave",
    "tutor:hurricane",
    "tutor:reversal",
    "tutor:skyattack",
    "tutor:snore",
    "tutor:tailwind"
  ]
}