{
  "target": "cobblemon:torchic",
  "abilities": [
    "earlybird",
    "h:speedboost"
  ],
  "baseStats": {
    "hp": 45,
    "attack": 60,
    "defence": 40,
    "special_attack": 70,
    "special_defence": 50,
    "speed": 45
  },
  "moves": [
    "1:growl",
    "1:scratch",
    "5:ember",
    "7:quickattack",
    "10:incinerate",
    "14:peck",
    "18:detect",
    "19:firespin",
    "28:flameburst",
    "32:focusenergy",
    "37:slash",
    "41:mirrormove",
    "46:flamethrower",
    "egg:agility",
    "egg:counter",
    "egg:crushclaw",
    "egg:curse",
    "egg:endure",
    "egg:featherdance",
    "egg:feint",
    "egg:flameburst",
    "egg:lowkick",
    "egg:nightslash",
    "egg:reversal",
    "egg:smellingsalts",
    "tm:aerialace",
    "tm:cut",
    "tm:defog",
    "tm:dig",
    "tm:facade",
    "tm:fireblast",
    "tm:flamecharge",
    "tm:flamethrower",
    "tm:hiddenpower",
    "tm:honeclaws",
    "tm:lowkick",
    "tm:overheat",
    "tm:protect",
    "tm:rest",
    "tm:return",
    "tm:rockslide",
    "tm:rocksmash",
    "tm:rocktomb",
    "tm:scorchingsands",
    "tm:shadowclaw",
    "tm:sleeptalk",
    "tm:strength",
    "tm:substitute",
    "tm:sunnyday",
    "tm:swordsdance",
    "tm:toxic",
    "tm:willowisp",
    "tm:workup",
    "tm:temperflare",
    "tutor:agility",
    "tutor:batonpass",
    "tutor:bodyslam",
    "tutor:bounce",
    "tutor:confide",
    "tutor:firepledge",
    "tutor:firespin",
    "tutor:focusenergy",
    "tutor:heatwave",
    "tutor:helpinghand",
    "tutor:lastresort",
    "tutor:lowkick",
    "tutor:reversal",
    "tutor:snore"
  ]
}