{
  "target": "cobblemon:torkoal",
  "abilities": [
    "whitesmoke",
    "shellarmor",
    "h:drought"
  ],
  "baseStats": {
    "hp": 70,
    "attack": 75,
    "defence": 140,
    "special_attack": 95,
    "special_defence": 70,
    "speed": 20
  },
  "moves": [
    "1:ember",
    "4:smog",
    "7:withdraw",
    "10:rapidspin",
    "13:firespin",
    "18:flamewheel",
    "22:curse",
    "25:lavaplume",
    "27:bodyslam",
    "30:detect",
    "34:flamethrower",
    "38:irondefense",
    "40:amnesia",
    "42:flail",
    "45:heatwave",
    "47:shellsmash",
    "50:inferno",
    "egg:ancientpower",
    "egg:clearsmog",
    "egg:endure",
    "egg:eruption",
    "egg:flail",
    "egg:flameburst",
    "egg:skullbash",
    "egg:sleeptalk",
    "egg:superpower",
    "egg:yawn",
    "tm:bodypress",
    "tm:bulldoze",
    "tm:earthquake",
    "tm:explosion",
    "tm:facade",
    "tm:fireblast",
    "tm:flamecharge",
    "tm:flamethrower",
    "tm:gyroball",
    "tm:heatcrash",
    "tm:hiddenpower",
    "tm:irontail",
    "tm:overheat",
    "tm:protect",
    "tm:rest",
    "tm:return",
    "tm:rockslide",
    "tm:rocksmash",
    "tm:rocktomb",
    "tm:scorchingsands",
    "tm:sleeptalk",
    "tm:sludgebomb",
    "tm:solarbeam",
    "tm:stealthrock",
    "tm:stoneedge",
    "tm:strength",
    "tm:substitute",
    "tm:sunnyday",
    "tm:superpower",
    "tm:toxic",
    "tm:willowisp",
    "tm:temperflare",
    "tutor:afteryou",
    "tutor:bodypress",
    "tutor:bodyslam",
    "tutor:confide",
    "tutor:earthpower",
    "tutor:firespin",
    "tutor:heatcrash",
    "tutor:heatwave",
    "tutor:irondefense",
    "tutor:snore",
    "tutor:stompingtantrum",
    "tutor:superpower",
    "tutor:weatherball"
  ]
}