{
  "target": "cobblemon:trapinch",
  "abilities": [
    "hypercutter",
    "arenatrap",
    "h:sheerforce"
  ],
  "baseStats": {
    "hp": 45,
    "attack": 100,
    "defence": 45,
    "special_attack": 45,
    "special_defence": 45,
    "speed": 10
  },
  "moves": [
    "1:bide",
    "1:bite",
    "1:feintattack",
    "5:mudslap",
    "8:bulldoze",
    "12:sandtomb",
    "15:rockslide",
    "19:dig",
    "22:crunch",
    "26:earthpower",
    "29:feint",
    "33:earthquake",
    "36:sandstorm",
    "40:superpower",
    "43:hyperbeam",
    "egg:bugbite",
    "egg:earthpower",
    "egg:endure",
    "egg:flail",
    "egg:focusenergy",
    "egg:furycutter",
    "egg:gust",
    "egg:mudshot",
    "egg:quickattack",
    "egg:signalbeam",
    "tm:bulldoze",
    "tm:dig",
    "tm:earthquake",
    "tm:facade",
    "tm:gigadrain",
    "tm:hiddenpower",
    "tm:protect",
    "tm:rest",
    "tm:return",
    "tm:rockslide",
    "tm:rocksmash",
    "tm:rocktomb",
    "tm:sandstorm",
    "tm:scorchingsands",
    "tm:sleeptalk",
    "tm:solarbeam",
    "tm:strength",
    "tm:substitute",
    "tm:sunnyday",
    "tm:superpower",
    "tm:toxic",
    "tutor:bodyslam",
    "tutor:bugbite",
    "tutor:confide",
    "tutor:crunch",
    "tutor:earthpower",
    "tutor:focusenergy",
    "tutor:sandtomb",
    "tutor:signalbeam",
    "tutor:snore",
    "tutor:superpower"
  ]
}