{
  "target": "cobblemon:treecko",
  "abilities": [
    "overgrow",
    "h:unburden"
  ],
  "baseStats": {
    "hp": 40,
    "attack": 45,
    "defence": 35,
    "special_attack": 65,
    "special_defence": 55,
    "speed": 70
  },
  "moves": [
    "1:leer",
    "1:pound",
    "5:absorb",
    "9:quickattack",
    "13:megadrain",
    "15:rocktomb",
    "17:pursuit",
    "21:gigadrain",
    "25:agility",
    "29:slam",
    "33:detect",
    "37:energyball",
    "41:quickguard",
    "45:endeavor",
    "49:screech",
    "egg:bulletseed",
    "egg:crunch",
    "egg:crushclaw",
    "egg:doublekick",
    "egg:dragonbreath",
    "egg:endeavor",
    "egg:grasswhistle",
    "egg:grassyterrain",
    "egg:leafstorm",
    "egg:leechseed",
    "egg:magicalleaf",
    "egg:mudsport",
    "egg:naturalgift",
    "egg:razorwind",
    "egg:synthesis",
    "egg:worryseed",
    "tm:acrobatics",
    "tm:aerialace",
    "tm:brickbreak",
    "tm:bulletseed",
    "tm:cut",
    "tm:dig",
    "tm:drainpunch",
    "tm:energyball",
    "tm:facade",
    "tm:flash",
    "tm:focuspunch",
    "tm:gigadrain",
    "tm:grassknot",
    "tm:grassyglide",
    "tm:hiddenpower",
    "tm:irontail",
    "tm:lowkick",
    "tm:poweruppunch",
    "tm:protect",
    "tm:rest",
    "tm:return",
    "tm:rockslide",
    "tm:rocksmash",
    "tm:rocktomb",
    "tm:sleeptalk",
    "tm:solarbeam",
    "tm:strength",
    "tm:substitute",
    "tm:sunnyday",
    "tm:swordsdance",
    "tm:toxic",
    "tm:workup",
    "tutor:agility",
    "tutor:bodyslam",
    "tutor:confide",
    "tutor:crunch",
    "tutor:endeavor",
    "tutor:grasspledge",
    "tutor:grassyterrain",
    "tutor:leafstorm",
    "tutor:lowkick",
    "tutor:screech",
    "tutor:seedbomb",
    "tutor:snore",
    "tutor:synthesis",
    "tutor:thunderpunch",
    "tutor:worryseed"
  ]
}