{
  "target": "cobblemon:tropius",
  "primaryType": "grass",
  "secondaryType": "dragon",
  "abilities": [
    "chlorophyll",
    "windrider",
    "h:harvest"
  ],
  "baseStats": {
    "hp": 99,
    "attack": 68,
    "defence": 83,
    "special_attack": 92,
    "special_defence": 87,
    "speed": 81
  },
  "moves": [
    "1:dragonbreath",
    "1:growth",
    "1:leafstorm",
    "1:leer",
    "1:razorleaf",
    "6:sweetscent",
    "10:stomp",
    "16:magicalleaf",
    "21:whirlwind",
    "24:leaftornado",
    "28:naturalgift",
    "33:airslash",
    "37:bodyslam",
    "40:bestow",
    "42:synthesis",
    "44:dragonpulse",
    "48:solarbeam",
    "52:dracobarrage",
    "egg:bulletseed",
    "egg:curse",
    "egg:dragondance",
    "egg:dragonhammer",
    "egg:headbutt",
    "egg:leafblade",
    "egg:leafstorm",
    "egg:leechseed",
    "egg:naturalgift",
    "egg:naturepower",
    "egg:razorwind",
    "egg:slam",
    "egg:synthesis",
    "tm:aerialace",
    "tm:bodypress",
    "tm:bulldoze",
    "tm:bulletseed",
    "tm:cut",
    "tm:defog",
    "tm:dracobarrage",
    "tm:dragondance",
    "tm:dragonpulse",
    "tm:dualwingbeat",
    "tm:earthquake",
    "tm:energyball",
    "tm:facade",
    "tm:flash",
    "tm:fly",
    "tm:gigadrain",
    "tm:grassknot",
    "tm:hiddenpower",
    "tm:protect",
    "tm:rest",
    "tm:return",
    "tm:roar",
    "tm:rocksmash",
    "tm:roost",
    "tm:sleeptalk",
    "tm:solarbeam",
    "tm:solarblade",
    "tm:steelwing",
    "tm:strength",
    "tm:substitute",
    "tm:sunnyday",
    "tm:swordsdance",
    "tm:toxic",
    "tm:trailblaze",
    "tm:uturn",
    "tm:dracometeor",
    "tutor:airslash",
    "tutor:bodyslam",
    "tutor:confide",
    "tutor:dragondance",
    "tutor:hurricane",
    "tutor:leafblade",
    "tutor:leafstorm",
    "tutor:outrage",
    "tutor:seedbomb",
    "tutor:snore",
    "tutor:stompingtantrum",
    "tutor:synthesis",
    "tutor:tailwind",
    "tutor:weatherball",
    "tutor:worryseed"
  ]
}