{
  "target": "cobblemon:vibrava",
  "abilities": [
    "levitate",
    "compoundeyes",
    "h:tintedlens"
  ],
  "baseStats": {
    "hp": 50,
    "attack": 70,
    "defence": 50,
    "special_attack": 50,
    "special_defence": 50,
    "speed": 70
  },
  "moves": [
    "1:bide",
    "1:dragonbreath",
    "1:feintattack",
    "1:sonicboom",
    "5:mudslap",
    "8:bulldoze",
    "12:sandtomb",
    "15:rockslide",
    "19:supersonic",
    "22:screech",
    "26:earthpower",
    "29:bugbuzz",
    "33:earthquake",
    "36:sandstorm",
    "40:wingattack",
    "43:hyperbeam",
    "47:boomburst",
    "egg:bugbite",
    "egg:earthpower",
    "egg:endure",
    "egg:flail",
    "egg:focusenergy",
    "egg:furycutter",
    "egg:gust",
    "egg:mudshot",
    "egg:quickattack",
    "egg:signalbeam",
    "tm:bulldoze",
    "tm:defog",
    "tm:dig",
    "tm:dracobarrage",
    "tm:dragonpulse",
    "tm:dualwingbeat",
    "tm:earthquake",
    "tm:facade",
    "tm:fly",
    "tm:gigadrain",
    "tm:hiddenpower",
    "tm:protect",
    "tm:rest",
    "tm:return",
    "tm:rockslide",
    "tm:rocksmash",
    "tm:rocktomb",
    "tm:roost",
    "tm:sandstorm",
    "tm:scorchingsands",
    "tm:sleeptalk",
    "tm:solarbeam",
    "tm:steelwing",
    "tm:strength",
    "tm:substitute",
    "tm:sunnyday",
    "tm:superpower",
    "tm:toxic",
    "tm:uturn",
    "tutor:airslash",
    "tutor:bodyslam",
    "tutor:bugbite",
    "tutor:bugbuzz",
    "tutor:confide",
    "tutor:crunch",
    "tutor:dracometeor",
    "tutor:earthpower",
    "tutor:focusenergy",
    "tutor:heatwave",
    "tutor:outrage",
    "tutor:sandtomb",
    "tutor:screech",
    "tutor:signalbeam",
    "tutor:snore",
    "tutor:superpower",
    "tutor:tailwind",
    "tutor:throatchop",
    "tutor:uproar"
  ]
}