{
  "target": "cobblemon:vigoroth",
  "abilities": [
    "vitalspirit"
  ],
  "baseStats": {
    "hp": 80,
    "attack": 80,
    "defence": 80,
    "special_attack": 55,
    "special_defence": 55,
    "speed": 90
  },
  "moves": [
    "1:focusenergy",
    "1:reversal",
    "1:scratch",
    "1:suckerpunch",
    "1:uproar",
    "6:encore",
    "14:furyswipes",
    "17:endure",
    "23:slash",
    "27:chipaway",
    "33:counter",
    "37:focuspunch",
    "egg:afteryou",
    "egg:bodyslam",
    "egg:crushclaw",
    "egg:curse",
    "egg:hammerarm",
    "egg:nightslash",
    "egg:pursuit",
    "egg:slash",
    "egg:sleeptalk",
    "egg:snore",
    "egg:tickle",
    "tm:aerialace",
    "tm:blizzard",
    "tm:brickbreak",
    "tm:bulkup",
    "tm:bulldoze",
    "tm:cut",
    "tm:earthquake",
    "tm:facade",
    "tm:fireblast",
    "tm:flamethrower",
    "tm:focusblast",
    "tm:focuspunch",
    "tm:hiddenpower",
    "tm:honeclaws",
    "tm:icebeam",
    "tm:icywind",
    "tm:lowkick",
    "tm:lowsweep",
    "tm:poweruppunch",
    "tm:protect",
    "tm:raindance",
    "tm:rest",
    "tm:return",
    "tm:roar",
    "tm:rockclimb",
    "tm:rockslide",
    "tm:rocksmash",
    "tm:rocktomb",
    "tm:shadowball",
    "tm:shadowclaw",
    "tm:sleeptalk",
    "tm:solarbeam",
    "tm:strength",
    "tm:substitute",
    "tm:sunnyday",
    "tm:taunt",
    "tm:thunder",
    "tm:thunderbolt",
    "tm:toxic",
    "tm:trailblaze",
    "tm:workup",
    "tutor:afteryou",
    "tutor:bodyslam",
    "tutor:confide",
    "tutor:covet",
    "tutor:encore",
    "tutor:firepunch",
    "tutor:focusenergy",
    "tutor:gunkshot",
    "tutor:icepunch",
    "tutor:icywind",
    "tutor:knockoff",
    "tutor:lowkick",
    "tutor:playrough",
    "tutor:reversal",
    "tutor:snore",
    "tutor:thunderpunch",
    "tutor:uproar"
  ]
}