{
  "target": "cobblemon:volbeat",
  "primaryType": "bug",
  "secondaryType": "electric",
  "abilities": [
    "prankster",
    "illuminate",
    "h:prankster"
  ],
  "baseStats": {
    "hp": 85,
    "attack": 47,
    "defence": 75,
    "special_attack": 90,
    "special_defence": 85,
    "speed": 100
  },
  "moves": [
    "1:flash",
    "1:thunderwave",
    "8:confuseray",
    "12:quickattack",
    "15:strugglebug",
    "19:moonlight",
    "22:helpinghand",
    "26:signalbeam",
    "29:detect",
    "33:thunderbolt",
    "36:tailglow",
    "40:bugbuzz",
    "43:encore",
    "47:doubleedge",
    "50:infestation",
    "egg:bugbuzz",
    "egg:dizzypunch",
    "egg:encore",
    "egg:lunge",
    "egg:seismictoss",
    "egg:silverwind",
    "egg:trick",
    "tm:acrobatics",
    "tm:aerialace",
    "tm:brickbreak",
    "tm:chargebeam",
    "tm:dazzlinggleam",
    "tm:defog",
    "tm:dualwingbeat",
    "tm:facade",
    "tm:flash",
    "tm:focuspunch",
    "tm:gigadrain",
    "tm:hiddenpower",
    "tm:lightscreen",
    "tm:poweruppunch",
    "tm:protect",
    "tm:raindance",
    "tm:rest",
    "tm:return",
    "tm:roost",
    "tm:shadowball",
    "tm:sleeptalk",
    "tm:solarbeam",
    "tm:substitute",
    "tm:sunnyday",
    "tm:thief",
    "tm:thunder",
    "tm:thunderbolt",
    "tm:thunderwave",
    "tm:toxic",
    "tm:uturn",
    "tm:voltswitch",
    "tutor:agility",
    "tutor:batonpass",
    "tutor:bodyslam",
    "tutor:bugbite",
    "tutor:bugbuzz",
    "tutor:confide",
    "tutor:encore",
    "tutor:faketears",
    "tutor:helpinghand",
    "tutor:icepunch",
    "tutor:playrough",
    "tutor:psychup",
    "tutor:signalbeam",
    "tutor:snore",
    "tutor:tailwind",
    "tutor:thunderpunch",
    "tutor:trick",
    "tutor:zenheadbutt"
  ]
}