{
  "target": "cobblemon:wailmer",
  "abilities": [
    "waterveil",
    "oblivious",
    "h:pressure"
  ],
  "baseStats": {
    "hp": 130,
    "attack": 70,
    "defence": 35,
    "special_attack": 70,
    "special_defence": 35,
    "speed": 60
  },
  "moves": [
    "1:splash",
    "4:growl",
    "7:watergun",
    "10:rollout",
    "13:whirlpool",
    "16:astonish",
    "19:waterpulse",
    "22:mist",
    "25:brine",
    "29:rest",
    "33:waterspout",
    "37:amnesia",
    "41:dive",
    "45:bounce",
    "49:hydropump",
    "53:heavyslam",
    "egg:aquaring",
    "egg:bodyslam",
    "egg:clearsmog",
    "egg:curse",
    "egg:defensecurl",
    "egg:doubleedge",
    "egg:sleeptalk",
    "egg:snore",
    "egg:soak",
    "egg:thrash",
    "egg:tickle",
    "egg:zenheadbutt",
    "tm:blizzard",
    "tm:bodypress",
    "tm:bulldoze",
    "tm:earthquake",
    "tm:facade",
    "tm:snowscape",
    "tm:hiddenpower",
    "tm:hypervoice",
    "tm:icebeam",
    "tm:icywind",
    "tm:protect",
    "tm:raindance",
    "tm:rest",
    "tm:return",
    "tm:roar",
    "tm:rocksmash",
    "tm:rocktomb",
    "tm:scald",
    "tm:sleeptalk",
    "tm:steelroller",
    "tm:strength",
    "tm:substitute",
    "tm:surf",
    "tm:toxic",
    "tm:waterfall",
    "tutor:bodypress",
    "tutor:bodyslam",
    "tutor:bounce",
    "tutor:confide",
    "tutor:heavyslam",
    "tutor:hydropump",
    "tutor:hypervoice",
    "tutor:icywind",
    "tutor:snore",
    "tutor:weatherball",
    "tutor:whirlpool",
    "tutor:zenheadbutt"
  ]
}