{
  "target": "cobblemon:wailord",
  "abilities": [
    "waterveil",
    "blubberdefense",
    "h:pressure"
  ],
  "baseStats": {
    "hp": 150,
    "attack": 50,
    "defence": 80,
    "special_attack": 105,
    "special_defence": 80,
    "speed": 50
  },
  "moves": [
    "1:growl",
    "1:heavyslam",
    "1:nobleroar",
    "1:rollout",
    "1:soak",
    "1:splash",
    "1:watergun",
    "13:whirlpool",
    "16:astonish",
    "19:waterpulse",
    "22:mist",
    "25:brine",
    "29:rest",
    "33:waterspout",
    "37:amnesia",
    "44:dive",
    "51:bounce",
    "55:bouncybubble",
    "58:hydropump",
    "egg:aquaring",
    "egg:bodyslam",
    "egg:clearsmog",
    "egg:curse",
    "egg:defensecurl",
    "egg:doubleedge",
    "egg:sleeptalk",
    "egg:snore",
    "egg:soak",
    "egg:thrash",
    "egg:tickle",
    "egg:zenheadbutt",
    "tm:blizzard",
    "tm:bodypress",
    "tm:bulldoze",
    "tm:earthquake",
    "tm:facade",
    "tm:focusblast",
    "tm:aurasphere",
    "tm:snowscape",
    "tm:hiddenpower",
    "tm:hypervoice",
    "tm:icebeam",
    "tm:icywind",
    "tm:protect",
    "tm:raindance",
    "tm:rest",
    "tm:return",
    "tm:roar",
    "tm:rocksmash",
    "tm:rocktomb",
    "tm:scald",
    "tm:sleeptalk",
    "tm:steelroller",
    "tm:strength",
    "tm:substitute",
    "tm:surf",
    "tm:toxic",
    "tm:waterfall",
    "tutor:block",
    "tutor:bodypress",
    "tutor:bodyslam",
    "tutor:bounce",
    "tutor:confide",
    "tutor:heavyslam",
    "tutor:hydropump",
    "tutor:hypervoice",
    "tutor:icywind",
    "tutor:ironhead",
    "tutor:liquidation",
    "tutor:snore",
    "tutor:weatherball",
    "tutor:whirlpool",
    "tutor:zenheadbutt"
  ]
}