{
  "target": "cobblemon:walrein",
  "abilities": [
    "thickfat",
    "icebody",
    "h:furcoat"
  ],
  "baseStats": {
    "hp": 90,
    "attack": 80,
    "defence": 90,
    "special_attack": 95,
    "special_defence": 90,
    "speed": 65
  },
  "moves": [
    "1:babydolleyes",
    "1:crunch",
    "1:defensecurl",
    "1:icefang",
    "1:powdersnow",
    "1:swagger",
    "1:watergun",
    "7:encore",
    "7:rollout",
    "13:iceball",
    "19:aurorabeam",
    "19:brine",
    "25:bodyslam",
    "31:rest",
    "31:snore",
    "38:snowscape",
    "49:blizzard",
    "60:icebeam",
    "egg:aquaring",
    "egg:bellydrum",
    "egg:curse",
    "egg:rollout",
    "egg:signalbeam",
    "egg:sleeptalk",
    "egg:spitup",
    "egg:stockpile",
    "egg:swallow",
    "egg:waterpulse",
    "egg:watersport",
    "egg:yawn",
    "tm:blizzard",
    "tm:bodypress",
    "tm:bulldoze",
    "tm:earthquake",
    "tm:facade",
    "tm:flipturn",
    "tm:frostbreath",
    "tm:snowscape",
    "tm:hiddenpower",
    "tm:icebeam",
    "tm:icywind",
    "tm:irontail",
    "tm:protect",
    "tm:raindance",
    "tm:rest",
    "tm:return",
    "tm:roar",
    "tm:rockslide",
    "tm:rocksmash",
    "tm:rocktomb",
    "tm:scald",
    "tm:sleeptalk",
    "tm:steelroller",
    "tm:strength",
    "tm:substitute",
    "tm:surf",
    "tm:swordsdance",
    "tm:toxic",
    "tm:waterfall",
    "tutor:aquatail",
    "tutor:block",
    "tutor:bodypress",
    "tutor:bodyslam",
    "tutor:confide",
    "tutor:crunch",
    "tutor:encore",
    "tutor:heavyslam",
    "tutor:hydropump",
    "tutor:icefang",
    "tutor:iciclespear",
    "tutor:icywind",
    "tutor:ironhead",
    "tutor:liquidation",
    "tutor:signalbeam",
    "tutor:snore",
    "tutor:stompingtantrum",
    "tutor:superfang",
    "tutor:whirlpool"
  ]
}