{
  "target": "cobblemon:whiscash",
  "abilities": [
    "hydration",
    "h:cashsplash"
  ],
  "baseStats": {
    "hp": 110,
    "attack": 78,
    "defence": 73,
    "special_attack": 76,
    "special_defence": 71,
    "speed": 60
  },
  "moves": [
    "1:belch",
    "1:mudslap",
    "1:mudsport",
    "1:thrash",
    "1:tickle",
    "1:watergun",
    "1:watersport",
    "1:zenheadbutt",
    "13:mudbomb",
    "15:amnesia",
    "17:waterpulse",
    "20:magnitude",
    "25:rest",
    "25:snore",
    "34:earthquake",
    "39:muddywater",
    "45:futuresight",
    "72:wavecrash",
    "egg:dragondance",
    "egg:earthpower",
    "egg:flail",
    "egg:hydropump",
    "egg:muddywater",
    "egg:mudshot",
    "egg:spark",
    "egg:takedown",
    "egg:thrash",
    "egg:whirlpool",
    "tm:aerialace",
    "tm:blizzard",
    "tm:bulldoze",
    "tm:dragondance",
    "tm:earthquake",
    "tm:facade",
    "tm:futuresight",
    "tm:snowscape",
    "tm:hiddenpower",
    "tm:icebeam",
    "tm:icywind",
    "tm:protect",
    "tm:raindance",
    "tm:rest",
    "tm:return",
    "tm:rockslide",
    "tm:rocksmash",
    "tm:rocktomb",
    "tm:sandstorm",
    "tm:scald",
    "tm:sleeptalk",
    "tm:stealthrock",
    "tm:stoneedge",
    "tm:strength",
    "tm:substitute",
    "tm:surf",
    "tm:toxic",
    "tm:waterfall",
    "tm:spikes",
    "tutor:aquatail",
    "tutor:bounce",
    "tutor:confide",
    "tutor:dragondance",
    "tutor:earthpower",
    "tutor:hydropump",
    "tutor:icywind",
    "tutor:liquidation",
    "tutor:muddywater",
    "tutor:sandtomb",
    "tutor:snore",
    "tutor:stompingtantrum",
    "tutor:uproar",
    "tutor:weatherball",
    "tutor:whirlpool",
    "tutor:zenheadbutt",
    "tutor:spikes"
  ]
}