{
  "target": "cobblemon:whismur",
  "abilities": [
    "soundproof",
    "oblivious",
    "h:scrappy"
  ],
  "baseStats": {
    "hp": 64,
    "attack": 51,
    "defence": 23,
    "special_attack": 51,
    "special_defence": 23,
    "speed": 28
  },
  "moves": [
    "1:pound",
    "4:echoedvoice",
    "8:astonish",
    "11:howl",
    "15:screech",
    "18:supersonic",
    "22:stomp",
    "25:uproar",
    "29:roar",
    "32:rest",
    "36:sleeptalk",
    "39:hypervoice",
    "43:synchronoise",
    "egg:circlethrow",
    "egg:disarmingvoice",
    "egg:endeavor",
    "egg:extrasensory",
    "egg:faketears",
    "egg:hammerarm",
    "egg:smellingsalts",
    "egg:smokescreen",
    "egg:snore",
    "egg:takedown",
    "egg:whirlwind",
    "tm:blizzard",
    "tm:facade",
    "tm:fireblast",
    "tm:flamethrower",
    "tm:hiddenpower",
    "tm:hypervoice",
    "tm:icebeam",
    "tm:icywind",
    "tm:protect",
    "tm:raindance",
    "tm:rest",
    "tm:return",
    "tm:roar",
    "tm:shadowball",
    "tm:sleeptalk",
    "tm:solarbeam",
    "tm:substitute",
    "tm:sunnyday",
    "tm:toxic",
    "tm:workup",
    "tutor:bodyslam",
    "tutor:confide",
    "tutor:endeavor",
    "tutor:faketears",
    "tutor:firepunch",
    "tutor:hypervoice",
    "tutor:icepunch",
    "tutor:icywind",
    "tutor:screech",
    "tutor:snore",
    "tutor:thunderpunch",
    "tutor:uproar",
    "tutor:zenheadbutt"
  ]
}