{
  "target": "cobblemon:wingull",
  "abilities": [
    "frisk",
    "raindish",
    "h:hydration"
  ],
  "baseStats": {
    "hp": 40,
    "attack": 30,
    "defence": 30,
    "special_attack": 55,
    "special_defence": 30,
    "speed": 85
  },
  "moves": [
    "1:growl",
    "1:watergun",
    "5:supersonic",
    "8:wingattack",
    "12:mist",
    "15:waterpulse",
    "19:quickattack",
    "22:aircutter",
    "26:pursuit",
    "29:aerialace",
    "33:roost",
    "36:agility",
    "40:airslash",
    "43:hurricane",
    "egg:agility",
    "egg:aquaring",
    "egg:brine",
    "egg:gust",
    "egg:knockoff",
    "egg:mist",
    "egg:roost",
    "egg:soak",
    "egg:twister",
    "egg:watersport",
    "egg:wideguard",
    "tm:aerialace",
    "tm:blizzard",
    "tm:defog",
    "tm:dualwingbeat",
    "tm:facade",
    "tm:fly",
    "tm:snowscape",
    "tm:hiddenpower",
    "tm:icebeam",
    "tm:icywind",
    "tm:pluck",
    "tm:protect",
    "tm:raindance",
    "tm:rest",
    "tm:return",
    "tm:roost",
    "tm:scald",
    "tm:sleeptalk",
    "tm:steelwing",
    "tm:substitute",
    "tm:thief",
    "tm:toxic",
    "tm:uturn",
    "tutor:agility",
    "tutor:airslash",
    "tutor:confide",
    "tutor:hurricane",
    "tutor:icywind",
    "tutor:knockoff",
    "tutor:liquidation",
    "tutor:skyattack",
    "tutor:snore",
    "tutor:tailwind",
    "tutor:uproar"
  ]
}