{
  "target": "cobblemon:zangoose",
  "abilities": [
    "toughclaws",
    "h:toxicboost"
  ],
  "baseStats": {
    "hp": 73,
    "attack": 115,
    "defence": 70,
    "special_attack": 60,
    "special_defence": 70,
    "speed": 100
  },
  "moves": [
    "1:leer",
    "1:scratch",
    "5:quickattack",
    "8:furycutter",
    "12:pursuit",
    "15:honeclaws",
    "19:slash",
    "22:revenge",
    "26:crushclaw",
    "29:falseswipe",
    "33:embargo",
    "36:detect",
    "40:fakeout",
    "43:taunt",
    "45:agility",
    "47:swordsdance",
    "50:closecombat",
    "egg:bellydrum",
    "egg:counter",
    "egg:curse",
    "egg:disable",
    "egg:doublehit",
    "egg:doublekick",
    "egg:feint",
    "egg:finalgambit",
    "egg:flail",
    "egg:furyswipes",
    "egg:irontail",
    "egg:metalclaw",
    "egg:nightslash",
    "egg:quickguard",
    "egg:razorwind",
    "tm:aerialace",
    "tm:blizzard",
    "tm:brickbreak",
    "tm:dig",
    "tm:facade",
    "tm:fireblast",
    "tm:flamethrower",
    "tm:focusblast",
    "tm:focuspunch",
    "tm:gigadrain",
    "tm:hiddenpower",
    "tm:honeclaws",
    "tm:icebeam",
    "tm:icywind",
    "tm:irontail",
    "tm:lowkick",
    "tm:poisonjab",
    "tm:poweruppunch",
    "tm:protect",
    "tm:raindance",
    "tm:rest",
    "tm:return",
    "tm:roar",
    "tm:rockclimb",
    "tm:rockslide",
    "tm:rocksmash",
    "tm:rocktomb",
    "tm:shadowball",
    "tm:shadowclaw",
    "tm:sleeptalk",
    "tm:solarbeam",
    "tm:strength",
    "tm:substitute",
    "tm:sunnyday",
    "tm:swordsdance",
    "tm:taunt",
    "tm:thief",
    "tm:thunder",
    "tm:thunderbolt",
    "tm:thunderwave",
    "tm:toxic",
    "tm:workup",
    "tm:xscissor",
    "tutor:bodyslam",
    "tutor:closecombat",
    "tutor:confide",
    "tutor:endeavor",
    "tutor:firepunch",
    "tutor:icepunch",
    "tutor:icywind",
    "tutor:knockoff",
    "tutor:lastresort",
    "tutor:lowkick",
    "tutor:snore",
    "tutor:throatchop",
    "tutor:thunderpunch"
  ]
}