{
  "portraitScale": 2.36,
  "portraitTranslation": [ -0.41, 0.66, 0],
  "profileScale": 0.54,
  "profileTranslation": [ 0, 0.84, 0],
  "rootBone": "sinistcha",
  "animations": {
    "cry": "q.bedrock_stateful('sinistcha', 'cry')"
  },
  "poses": {
    "standing": {
      "poseTypes": [
        "STAND",
        "NONE",
        "FLOAT",
        "PORTRAIT",
        "PROFILE"
      ],
      "isBattle": true,
      "animations": [
        "q.look('head')",
        "q.bedrock('sinistcha', 'ground_idle')"
      ],
      "quirks": [
        "q.bedrock_quirk('sinistcha', 'blink')"
      ]
    },
    "walking": {
      "poseTypes": [
        "WALK",
        "SWIM"
      ],
      "animations": [
        "q.look('head')",
        "q.bedrock('sinistcha', 'ground_idle')"
      ],
      "quirks": [
        "q.bedrock_quirk('sinistcha', 'blink')"
      ]
    }
  }
}