{
  "implemented": true,
  "nationalPokedexNumber": 181,
  "name": "Ampharos",
  "primaryType": "electric",
  "maleRatio": 0.5,
  "height": 14,
  "weight": 615,
  "pokedex": [
    "cobblemon.species.ampharos.desc"
  ],
  "labels": [
    "gen2"
  ],
  "aspects": [],
  "abilities": [
    "static",
    "h:plus"
  ],
  "eggGroups": [
    "monster",
    "field"
  ],
  "baseStats": {
    "hp": 90,
    "attack": 75,
    "defence": 85,
    "special_attack": 115,
    "special_defence": 90,
    "speed": 55
  },
  "evYield": {
    "hp": 0,
    "attack": 0,
    "defence": 0,
    "special_attack": 3,
    "special_defence": 0,
    "speed": 0
  },
  "baseExperienceYield": 255,
  "experienceGroup": "medium_slow",
  "catchRate": 45,
  "eggCycles": 20,
  "baseFriendship": 50,
  "baseScale": 0.8,
  "hitbox": {
    "width": 1,
    "height": 2.5,
    "fixed": false
  },
  "behaviour": {
    "moving": {
      "walk": {
        "walkSpeed": 0.2
      }
    },
    "resting": {
      "canSleep": true,
      "light": "0-4"
    }
  },
  "drops": {
    "amount": 5,
    "entries": [
      {
        "item": "minecraft:mutton",
        "quantityRange": "2-4"
      },
      {
        "item": "cobblemon:cheri_berry",
        "percentage": 10.0
      }
    ]
  },
  "moves": [
    "1:cottonguard",
    "1:dragonpulse",
    "1:firepunch",
    "1:growl",
    "1:iondeluge",
    "1:magneticflux",
    "1:tackle",
    "1:thunderpunch",
    "1:voltswitch",
    "1:zapcannon",
    "4:thunderwave",
    "8:thundershock",
    "11:cottonspore",
    "16:charge",
    "20:takedown",
    "25:electroball",
    "29:confuseray",
    "35:powergem",
    "40:discharge",
    "51:signalbeam",
    "57:lightscreen",
    "62:thunder",
    "75:tailglow",
    "egg:afteryou",
    "egg:agility",
    "egg:bodyslam",
    "egg:charge",
    "egg:eerieimpulse",
    "egg:electricterrain",
    "egg:flatter",
    "egg:irontail",
    "egg:odorsleuth",
    "egg:sandattack",
    "egg:screech",
    "egg:takedown",
    "tm:brickbreak",
    "tm:bulldoze",
    "tm:chargebeam",
    "tm:dracobarrage",
    "tm:dragonpulse",
    "tm:electroweb",
    "tm:facade",
    "tm:flash",
    "tm:focusblast",
    "tm:aurasphere",
    "tm:focuspunch",
    "tm:hiddenpower",
    "tm:irontail",
    "tm:lightscreen",
    "tm:poweruppunch",
    "tm:protect",
    "tm:raindance",
    "tm:reflect",
    "tm:rest",
    "tm:return",
    "tm:risingvoltage",
    "tm:rockclimb",
    "tm:rocksmash",
    "tm:sleeptalk",
    "tm:strength",
    "tm:substitute",
    "tm:thunder",
    "tm:thunderbolt",
    "tm:thunderwave",
    "tm:toxic",
    "tm:trailblaze",
    "tm:voltswitch",
    "tm:wildcharge",
    "tm:supercellslam",
    "tm:roar",
    "tutor:afteryou",
    "tutor:agility",
    "tutor:bodyslam",
    "tutor:confide",
    "tutor:dracometeor",
    "tutor:electricterrain",
    "tutor:electroball",
    "tutor:electroweb",
    "tutor:firepunch",
    "tutor:healbell",
    "tutor:laserfocus",
    "tutor:magnetrise",
    "tutor:outrage",
    "tutor:powergem",
    "tutor:screech",
    "tutor:signalbeam",
    "tutor:snore",
    "tutor:thunderpunch",
    "tutor:meteorbeam"
  ],
  "preEvolution": "flaaffy",
  "evolutions": [],
  "forms": [
    {
      "name": "Mega",
      "primaryType": "electric",
      "secondaryType": "dragon",
      "maleRatio": 0.5,
      "height": 14,
      "weight": 615,
      "pokedex": [
        "cobblemon.species.ampharos-mega.desc"
      ],
      "labels": [
        "gen6",
        "mega"
      ],
      "aspects": [
        "mega"
      ],
      "abilities": [
        "thickfat",
        "h:moldbreaker"
      ],
      "baseStats": {
        "hp": 90,
        "attack": 95,
        "defence": 105,
        "special_attack": 165,
        "special_defence": 110,
        "speed": 45
      },
      "baseExperienceYield": 305,
      "dynamaxBlocked": true,
      "behaviour": {
        "moving": {
          "walk": {
            "walkSpeed": 0.2
          },
          "swim": {
            "canSwimInLava": true
          }
        },
        "resting": {
          "canSleep": true,
          "light": "0-4"
        }
      },
      "evolutions": [],
      "battleOnly": true
    }
  ]
}