{
  "implemented": true,
  "nationalPokedexNumber": 222,
  "name": "Corsola",
  "primaryType": "water",
  "secondaryType": "rock",
  "maleRatio": 0.25,
  "height": 6,
  "weight": 50,
  "pokedex": [
    "cobblemon.species.corsola.desc"
  ],
  "labels": [
    "gen2",
    "johtonian_form"
  ],
  "aspects": [],
  "abilities": [
    "hustle",
    "naturalcure",
    "h:regenerator"
  ],
  "eggGroups": [
    "water_1",
    "water_3"
  ],
  "baseStats": {
    "hp": 85,
    "attack": 55,
    "defence": 100,
    "special_attack": 65,
    "special_defence": 100,
    "speed": 55
  },
  "evYield": {
    "hp": 0,
    "attack": 0,
    "defence": 1,
    "special_attack": 0,
    "special_defence": 1,
    "speed": 0
  },
  "baseExperienceYield": 144,
  "experienceGroup": "fast",
  "catchRate": 60,
  "eggCycles": 20,
  "baseFriendship": 50,
  "features": [
    "galarian"
  ],
  "baseScale": 0.9,
  "hitbox": {
    "width": 0.65,
    "height": 0.8,
    "fixed": false
  },
  "behaviour": {
    "moving": {
      "swim": {
        "swimSpeed": 0.2,
        "canSwimInWater": true,
        "canBreatheUnderwater": true,
        "canSwimInLava": false
      }
    }
  },
  "drops": {
    "amount": 1,
    "entries": [
      {
        "item": "cobblemon:rindo_berry",
        "percentage": 5.0
      }
    ]
  },
  "moves": [
    "1:harden",
    "1:saltcure",
    "1:tackle",
    "4:bubble",
    "8:recover",
    "10:bubblebeam",
    "13:refresh",
    "17:ancientpower",
    "20:spikecannon",
    "23:luckychant",
    "27:brine",
    "29:irondefense",
    "31:rockblast",
    "35:endure",
    "38:aquaring",
    "41:powergem",
    "45:mirrorcoat",
    "47:earthpower",
    "50:flail",
    "egg:amnesia",
    "egg:aquaring",
    "egg:barrier",
    "egg:bide",
    "egg:camouflage",
    "egg:confuseray",
    "egg:curse",
    "egg:headsmash",
    "egg:iciclespear",
    "egg:ingrain",
    "egg:liquidation",
    "egg:mist",
    "egg:naturepower",
    "egg:screech",
    "egg:waterpulse",
    "tm:blizzard",
    "tm:bulldoze",
    "tm:calmmind",
    "tm:dig",
    "tm:earthquake",
    "tm:explosion",
    "tm:facade",
    "tm:snowscape",
    "tm:hiddenpower",
    "tm:icebeam",
    "tm:icywind",
    "tm:lightscreen",
    "tm:meteorbeam",
    "tm:protect",
    "tm:psychic",
    "tm:raindance",
    "tm:reflect",
    "tm:rest",
    "tm:return",
    "tm:rockpolish",
    "tm:rockslide",
    "tm:rocksmash",
    "tm:rocktomb",
    "tm:sandstorm",
    "tm:scald",
    "tm:shadowball",
    "tm:sleeptalk",
    "tm:stealthrock",
    "tm:stoneedge",
    "tm:strength",
    "tm:substitute",
    "tm:sunnyday",
    "tm:surf",
    "tm:toxic",
    "tutor:bodyslam",
    "tutor:confide",
    "tutor:earthpower",
    "tutor:endeavor",
    "tutor:hydropump",
    "tutor:iciclespear",
    "tutor:icywind",
    "tutor:irondefense",
    "tutor:liquidation",
    "tutor:magiccoat",
    "tutor:powergem",
    "tutor:rockblast",
    "tutor:screech",
    "tutor:snore",
    "tutor:stompingtantrum",
    "tutor:throatchop",
    "tutor:whirlpool"
  ],
  "evolutions": [],
  "forms": [
    {
      "name": "Galar",
      "primaryType": "ghost",
      "maleRatio": 0.25,
      "height": 6,
      "weight": 5,
      "pokedex": [
        "cobblemon.species.corsola-galar.desc"
      ],
      "labels": [
        "gen8",
        "galarian_form"
      ],
      "aspects": [
        "galarian"
      ],
      "abilities": [
        "weakarmor",
        "unburden",
        "h:perishbody"
      ],
      "baseStats": {
        "hp": 60,
        "attack": 55,
        "defence": 100,
        "special_attack": 65,
        "special_defence": 100,
        "speed": 30
      },
      "evYield": {
        "hp": 0,
        "attack": 0,
        "defence": 0,
        "special_attack": 0,
        "special_defence": 1,
        "speed": 0
      },
      "behaviour": {
        "moving": {
          "swim": {
            "swimSpeed": "0.2",
            "canSwimInWater": true,
            "canBreatheUnderwater": true,
            "canSwimInLava": false
          }
        }
      },
      "drops": {
        "amount": 1,
        "entries": [
          {
            "item": "cobblemon:kasib_berry",
            "percentage": 2.5
          }
        ]
      },
      "moves": [
        "1:harden",
        "1:tackle",
        "5:astonish",
        "10:disable",
        "15:spite",
        "20:ancientpower",
        "25:hex",
        "30:curse",
        "40:powergem",
        "45:nightshade",
        "50:grudge",
        "55:mirrorcoat",
        "85:strengthsap",
        "egg:confuseray",
        "egg:destinybond",
        "egg:haze",
        "egg:headsmash",
        "egg:naturepower",
        "egg:waterpulse",
        "tm:blizzard",
        "tm:bulldoze",
        "tm:calmmind",
        "tm:dig",
        "tm:earthquake",
        "tm:facade",
        "tm:gigadrain",
        "tm:snowscape",
        "tm:hiddenpower",
        "tm:icebeam",
        "tm:icywind",
        "tm:lightscreen",
        "tm:poltergeist",
        "tm:protect",
        "tm:psychic",
        "tm:raindance",
        "tm:reflect",
        "tm:rest",
        "tm:return",
        "tm:rockslide",
        "tm:rocktomb",
        "tm:sandstorm",
        "tm:scald",
        "tm:shadowball",
        "tm:sleeptalk",
        "tm:stealthrock",
        "tm:stoneedge",
        "tm:substitute",
        "tm:sunnyday",
        "tm:surf",
        "tm:toxic",
        "tm:willowisp",
        "tutor:bodyslam",
        "tutor:confide",
        "tutor:earthpower",
        "tutor:hex",
        "tutor:hydropump",
        "tutor:iciclespear",
        "tutor:icywind",
        "tutor:irondefense",
        "tutor:liquidation",
        "tutor:magiccoat",
        "tutor:powergem",
        "tutor:rockblast",
        "tutor:screech",
        "tutor:snore",
        "tutor:stompingtantrum",
        "tutor:throatchop",
        "tutor:whirlpool"
      ],
      "evolutions": [
        {
          "id": "corsola_cursola",
          "variant": "level_up",
          "result": "cursola",
          "consumeHeldItem": false,
          "learnableMoves": [],
          "requirements": [
            {
              "variant": "level",
              "minLevel": 38
            }
          ]
        }
      ],
      "battleOnly": false
    }
  ]
}