{
  "nationalPokedexNumber": 229,
  "name": "Houndoom",
  "primaryType": "dark",
  "secondaryType": "fire",
  "maleRatio": 0.5,
  "height": 14,
  "weight": 350,
  "pokedex": [
    "cobblemon.species.houndoom.desc"
  ],
  "labels": [
    "gen2"
  ],
  "aspects": [],
  "abilities": [
    "earlybird",
    "flashfire",
    "h:unnerve"
  ],
  "eggGroups": [
    "field"
  ],
  "baseStats": {
    "hp": 75,
    "attack": 90,
    "defence": 50,
    "special_attack": 110,
    "special_defence": 80,
    "speed": 95
  },
  "evYield": {
    "hp": 0,
    "attack": 0,
    "defence": 0,
    "special_attack": 2,
    "special_defence": 0,
    "speed": 0
  },
  "baseExperienceYield": 175,
  "experienceGroup": "slow",
  "catchRate": 45,
  "eggCycles": 20,
  "baseFriendship": 35,
  "baseScale": 1,
  "hitbox": {
    "width": 1,
    "height": 1,
    "fixed": false
  },
  "drops": {
    "amount": 6,
    "entries": [
      {
        "item": "minecraft:bone",
        "quantityRange": "0-2"
      },
      {
        "item": "minecraft:rotten_flesh",
        "quantityRange": "0-2"
      },
      {
        "item": "minecraft:blaze_powder",
        "percentage": 5.0
      },
      {
        "item": "cobblemon:rawst_berry",
        "percentage": 5.0
      }
    ]
  },
  "moves": [
    "1:crunch",
    "1:flameburst",
    "1:incinerate",
    "1:inferno",
    "1:leer",
    "1:nastyplot",
    "1:smog",
    "1:thunderfang",
    "4:howl",
    "8:snarl",
    "13:roar",
    "15:bite",
    "16:suckerpunch",
    "20:odorsleuth",
    "32:scorchingsands",
    "36:darkpulse",
    "39:embargo",
    "42:comeuppance",
    "45:foulplay",
    "50:flamethrower",
    "56:fierywrath",
    "egg:beatup",
    "egg:counter",
    "egg:destinybond",
    "egg:feint",
    "egg:firefang",
    "egg:firespin",
    "egg:nastyplot",
    "egg:punishment",
    "egg:pursuit",
    "egg:rage",
    "egg:reversal",
    "egg:spite",
    "egg:suckerpunch",
    "egg:thunderfang",
    "tm:darkpulse",
    "tm:facade",
    "tm:fireblast",
    "tm:flamecharge",
    "tm:flamethrower",
    "tm:hiddenpower",
    "tm:hypervoice",
    "tm:irontail",
    "tm:overheat",
    "tm:protect",
    "tm:rest",
    "tm:return",
    "tm:roar",
    "tm:rocksmash",
    "tm:scorchingsands",
    "tm:shadowball",
    "tm:sleeptalk",
    "tm:sludgebomb",
    "tm:snarl",
    "tm:solarbeam",
    "tm:strength",
    "tm:substitute",
    "tm:sunnyday",
    "tm:taunt",
    "tm:thief",
    "tm:toxic",
    "tm:trailblaze",
    "tm:willowisp",
    "tm:temperflare",
    "tutor:bodyslam",
    "tutor:confide",
    "tutor:crunch",
    "tutor:darkhole",
    "tutor:firefang",
    "tutor:firespin",
    "tutor:foulplay",
    "tutor:heatwave",
    "tutor:hypervoice",
    "tutor:laserfocus",
    "tutor:nastyplot",
    "tutor:reversal",
    "tutor:roleplay",
    "tutor:scaryface",
    "tutor:snatch",
    "tutor:snore",
    "tutor:spite",
    "tutor:superfang",
    "tutor:throatchop",
    "tutor:thunderfang",
    "tutor:uproar"
  ],
  "preEvolution": "houndour",
  "evolutions": [],
  "forms": [
    {
      "name": "Mega",
      "primaryType": "dark",
      "secondaryType": "fire",
      "maleRatio": 0.5,
      "height": 19,
      "weight": 495,
      "pokedex": [
        "cobblemon.species.houndoom-mega.desc"
      ],
      "labels": [
        "gen6",
        "mega"
      ],
      "aspects": [
        "mega"
      ],
      "abilities": [
        "darkaura",
        "solarpower",
        "h:darkaura"
      ],
      "baseStats": {
        "hp": 75,
        "attack": 110,
        "defence": 90,
        "special_attack": 140,
        "special_defence": 90,
        "speed": 115
      },
      "baseExperienceYield": 210,
      "dynamaxBlocked": true,
      "evolutions": [],
      "battleOnly": true
    }
  ]
}