{
  "implemented": true,
  "nationalPokedexNumber": 211,
  "name": "Qwilfish",
  "primaryType": "water",
  "secondaryType": "poison",
  "maleRatio": 0.5,
  "height": 5,
  "weight": 39,
  "pokedex": [
    "cobblemon.species.qwilfish.desc"
  ],
  "labels": [
    "gen2",
    "johtonian_form"
  ],
  "aspects": [],
  "abilities": [
    "toxicdebris",
    "swiftswim",
    "h:intimidate"
  ],
  "eggGroups": [
    "water_2"
  ],
  "baseStats": {
    "hp": 80,
    "attack": 105,
    "defence": 85,
    "special_attack": 55,
    "special_defence": 55,
    "speed": 85
  },
  "evYield": {
    "hp": 0,
    "attack": 1,
    "defence": 0,
    "special_attack": 0,
    "special_defence": 0,
    "speed": 0
  },
  "baseExperienceYield": 88,
  "experienceGroup": "medium_fast",
  "catchRate": 45,
  "eggCycles": 20,
  "baseFriendship": 50,
  "features": [
    "hisuian"
  ],
  "baseScale": 1,
  "hitbox": {
    "width": 0.6,
    "height": 0.8,
    "fixed": false
  },
  "behaviour": {
    "moving": {
      "walk": {
        "avoidsLand": true
      },
      "swim": {
        "swimSpeed": 0.3,
        "canBreatheUnderwater": true,
        "canSwimInWater": true,
        "canSwimInLava": false
      }
    },
    "resting": {
      "canSleep": true,
      "light": "0-4"
    }
  },
  "drops": {
    "amount": 3,
    "entries": [
      {
        "item": "minecraft:pufferfish"
      },
      {
        "item": "minecraft:prismarine_shard",
        "quantityRange": "0-1"
      },
      {
        "item": "cobblemon:poison_barb",
        "percentage": 2.5
      }
    ]
  },
  "moves": [
    "1:destinybond",
    "1:fellstinger",
    "1:hydropump",
    "1:poisonsting",
    "1:spikes",
    "1:tackle",
    "1:watergun",
    "9:harden",
    "13:bubble",
    "17:rollout",
    "21:toxicspikes",
    "25:spitup",
    "25:stockpile",
    "29:revenge",
    "33:brine",
    "33:barbbarrage",
    "37:pinmissile",
    "41:takedown",
    "45:aquatail",
    "49:poisonjab",
    "egg:acidspray",
    "egg:aquajet",
    "egg:astonish",
    "egg:brine",
    "egg:bubblebeam",
    "egg:flail",
    "egg:signalbeam",
    "egg:supersonic",
    "egg:waterpulse",
    "tm:blizzard",
    "tm:explosion",
    "tm:facade",
    "tm:flipturn",
    "tm:gyroball",
    "tm:snowscape",
    "tm:hiddenpower",
    "tm:icebeam",
    "tm:icywind",
    "tm:poisonjab",
    "tm:protect",
    "tm:raindance",
    "tm:rest",
    "tm:return",
    "tm:scald",
    "tm:scaleshot",
    "tm:shadowball",
    "tm:sleeptalk",
    "tm:sludgebomb",
    "tm:sludgewave",
    "tm:spikes",
    "tm:steelroller",
    "tm:substitute",
    "tm:surf",
    "tm:swordsdance",
    "tm:taunt",
    "tm:thunderwave",
    "tm:toxic",
    "tm:venoshock",
    "tm:waterfall",
    "tutor:aquatail",
    "tutor:bounce",
    "tutor:confide",
    "tutor:gunkshot",
    "tutor:hex",
    "tutor:hydropump",
    "tutor:icywind",
    "tutor:liquidation",
    "tutor:painsplit",
    "tutor:pinmissile",
    "tutor:reversal",
    "tutor:scaryface",
    "tutor:signalbeam",
    "tutor:snore",
    "tutor:spikes",
    "tutor:throatchop",
    "tutor:toxicspikes",
    "tutor:venomdrench",
    "tutor:whirlpool"
  ],
  "evolutions": [],
  "forms": [
    {
      "name": "Hisui",
      "primaryType": "dark",
      "secondaryType": "poison",
      "abilities": [
        "poisontouch",
        "swiftswim",
        "h:intimidate"
      ],
      "maleRatio": 0.5,
      "height": 5,
      "weight": 39,
      "pokedex": [
        "cobblemon.species.qwilfish-hisui.desc"
      ],
      "labels": [
        "gen8a",
        "hisuian_form"
      ],
      "aspects": [
        "hisuian"
      ],
      "moves": [
        "1:fellstinger",
        "1:pinmissile",
        "1:poisonsting",
        "1:spikes",
        "1:tackle",
        "1:watergun",
        "9:harden",
        "12:bubble",
        "15:payback",
        "17:barbbarrage",
        "21:toxicspikes",
        "25:spitup",
        "25:stockpile",
        "28:punishment",
        "33:throatchop",
        "37:selfdestruct",
        "41:takedown",
        "44:aquatail",
        "49:poisonjab",
        "53:destinybond",
        "57:hydropump",
        "60:gunkshot",
        "egg:acidspray",
        "egg:aquajet",
        "egg:aquatail",
        "egg:bubblebeam",
        "egg:flail",
        "egg:haze",
        "egg:selfdestruct",
        "egg:supersonic",
        "egg:waterpulse",
        "tm:darkpulse",
        "tm:explosion",
        "tm:facade",
        "tm:flipturn",
        "tm:gyroball",
        "tm:snowscape",
        "tm:hiddenpower",
        "tm:icywind",
        "tm:poisonjab",
        "tm:protect",
        "tm:raindance",
        "tm:rest",
        "tm:return",
        "tm:scald",
        "tm:scaleshot",
        "tm:sleeptalk",
        "tm:sludgebomb",
        "tm:sludgewave",
        "tm:snarl",
        "tm:spikes",
        "tm:substitute",
        "tm:surf",
        "tm:swordsdance",
        "tm:taunt",
        "tm:thief",
        "tm:thunderwave",
        "tm:toxic",
        "tm:venoshock",
        "tm:waterfall",
        "tutor:aquatail",
        "tutor:crosspoison",
        "tutor:foulplay",
        "tutor:gunkshot",
        "tutor:hydropump",
        "tutor:icywind",
        "tutor:liquidation",
        "tutor:muddywater",
        "tutor:nastyplot",
        "tutor:pinmissile",
        "tutor:signalbeam",
        "tutor:throatchop",
        "tutor:toxicspikes"
      ],
      "evolutions": [
        {
          "id": "qwilfish_overqwil",
          "variant": "level_up",
          "result": "overqwil",
          "consumeHeldItem": false,
          "learnableMoves": [],
          "requirements": [
            {
              "variant": "has_move",
              "move": "barbbarrage"
            }
          ]
        }
      ],
      "battleOnly": false
    }
  ]
}