{
  "implemented": true,
  "nationalPokedexNumber": 199,
  "name": "Slowking",
  "primaryType": "water",
  "secondaryType": "psychic",
  "maleRatio": 0.5,
  "height": 20,
  "weight": 795,
  "pokedex": [
    "cobblemon.species.slowking.desc"
  ],
  "labels": [
    "gen2",
    "johtonian_form"
  ],
  "aspects": [],
  "abilities": [
    "oblivious",
    "owntempo",
    "h:regenerator"
  ],
  "eggGroups": [
    "monster",
    "water_1"
  ],
  "baseStats": {
    "hp": 95,
    "attack": 75,
    "defence": 80,
    "special_attack": 100,
    "special_defence": 110,
    "speed": 30
  },
  "evYield": {
    "hp": 0,
    "attack": 0,
    "defence": 0,
    "special_attack": 0,
    "special_defence": 2,
    "speed": 0
  },
  "baseExperienceYield": 172,
  "experienceGroup": "medium_fast",
  "catchRate": 70,
  "eggCycles": 20,
  "baseFriendship": 50,
  "features": [
    "galarian"
  ],
  "baseScale": 1.2,
  "hitbox": {
    "width": 0.8,
    "height": 1.6,
    "fixed": false
  },
  "behaviour": {
    "moving": {
      "swim": {
        "canBreatheUnderwater": true,
        "canSwimInWater": true,
        "canSwimInLava": false,
        "swimSpeed": "0.2"
      },
      "walk": {
        "walkSpeed": 0.2
      }
    }
  },
  "drops": {
    "amount": 2,
    "entries": [
      {
        "item": "cobblemon:kings_rock",
        "percentage": 10.0
      },
      {
        "item": "cobblemon:chesto_berry",
        "percentage": 10.0
      }
    ]
  },
  "moves": [
    "1:chillyreception",
    "1:curse",
    "1:healpulse",
    "1:hiddenpower",
    "1:powergem",
    "1:slackoff",
    "1:yawn",
    "5:growl",
    "9:watergun",
    "14:confusion",
    "17:disable",
    "20:waterpulse",
    "24:headbutt",
    "28:psybeam",
    "32:zenheadbutt",
    "36:nastyplot",
    "41:swagger",
    "45:psychic",
    "49:trumpcard",
    "54:psychup",
    "egg:belch",
    "egg:bellydrum",
    "egg:block",
    "egg:futuresight",
    "egg:mefirst",
    "egg:mudsport",
    "egg:sleeptalk",
    "egg:snore",
    "egg:stomp",
    "egg:wonderroom",
    "egg:zenheadbutt",
    "tm:blizzard",
    "tm:brickbreak",
    "tm:bulldoze",
    "tm:calmmind",
    "tm:dig",
    "tm:dragontail",
    "tm:drainpunch",
    "tm:earthquake",
    "tm:expandingforce",
    "tm:facade",
    "tm:fireblast",
    "tm:flamethrower",
    "tm:flash",
    "tm:focusblast",
    "tm:aurasphere",
    "tm:focuspunch",
    "tm:futuresight",
    "tm:grassknot",
    "tm:snowscape",
    "tm:hiddenpower",
    "tm:icebeam",
    "tm:icywind",
    "tm:irontail",
    "tm:lightscreen",
    "tm:poweruppunch",
    "tm:protect",
    "tm:psychic",
    "tm:psyshock",
    "tm:raindance",
    "tm:reflect",
    "tm:rest",
    "tm:return",
    "tm:rocksmash",
    "tm:scald",
    "tm:shadowball",
    "tm:sleeptalk",
    "tm:strength",
    "tm:substitute",
    "tm:sunnyday",
    "tm:surf",
    "tm:teleport",
    "tm:thunderwave",
    "tm:toxic",
    "tm:trickroom",
    "tm:psychicnoise",
    "tutor:afteryou",
    "tutor:aquatail",
    "tutor:block",
    "tutor:bodyslam",
    "tutor:confide",
    "tutor:foulplay",
    "tutor:hydropump",
    "tutor:icepunch",
    "tutor:icywind",
    "tutor:irondefense",
    "tutor:laserfocus",
    "tutor:liquidation",
    "tutor:magiccoat",
    "tutor:muddywater",
    "tutor:nastyplot",
    "tutor:powergem",
    "tutor:psychicterrain",
    "tutor:psychup",
    "tutor:razorshell",
    "tutor:signalbeam",
    "tutor:snore",
    "tutor:storedpower",
    "tutor:trick",
    "tutor:weatherball",
    "tutor:whirlpool",
    "tutor:wonderroom",
    "tutor:zenheadbutt"
  ],
  "preEvolution": "slowpoke",
  "evolutions": [],
  "forms": [
    {
      "name": "Galar",
      "primaryType": "poison",
      "secondaryType": "psychic",
      "maleRatio": 0.5,
      "height": 18,
      "weight": 795,
      "pokedex": [
        "cobblemon.species.slowking-galar.desc"
      ],
      "labels": [
        "gen8",
        "galarian_form"
      ],
      "aspects": [
        "galarian"
      ],
      "abilities": [
        "oblivious",
        "owntempo",
        "h:regenerator"
      ],
      "baseStats": {
        "hp": 95,
        "attack": 65,
        "defence": 80,
        "special_attack": 110,
        "special_defence": 110,
        "speed": 30
      },
      "behaviour": {
        "moving": {
          "swim": {
            "canBreatheUnderwater": true,
            "canSwimInWater": true,
            "canSwimInLava": false,
            "swimSpeed": "0.2"
          },
          "walk": {
            "walkSpeed": 0.23
          }
        }
      },
      "drops": {
        "amount": 4,
        "entries": [
          {
            "item": "cobblemon:galarica_nuts",
            "quantityRange": "0-3"
          },
          {
            "item": "cobblemon:chesto_berry",
            "percentage": 10.0
          }
        ]
      },
      "moves": [
        "1:acid",
        "1:chillyreception",
        "1:curse",
        "1:growl",
        "1:nastyplot",
        "1:powergem",
        "1:swagger",
        "1:tackle",
        "9:yawn",
        "12:confusion",
        "15:disable",
        "18:waterpulse",
        "21:headbutt",
        "24:zenheadbutt",
        "27:amnesia",
        "30:surf",
        "33:slackoff",
        "36:psychic",
        "39:psychup",
        "42:raindance",
        "45:healpulse",
        "egg:belch",
        "egg:bellydrum",
        "egg:block",
        "egg:stomp",
        "tm:blizzard",
        "tm:brickbreak",
        "tm:bulldoze",
        "tm:calmmind",
        "tm:dig",
        "tm:earthquake",
        "tm:expandingforce",
        "tm:facade",
        "tm:fireblast",
        "tm:flamethrower",
        "tm:focusblast",
        "tm:aurasphere",
        "tm:futuresight",
        "tm:grassknot",
        "tm:snowscape",
        "tm:icebeam",
        "tm:protect",
        "tm:psychic",
        "tm:psyshock",
        "tm:raindance",
        "tm:scald",
        "tm:shadowball",
        "tm:sludgebomb",
        "tm:sludgewave",
        "tm:substitute",
        "tm:sunnyday",
        "tm:surf",
        "tm:teleport",
        "tm:thunderwave",
        "tm:trickroom",
        "tm:venoshock",
        "tm:psychicnoise",
        "tutor:afteryou",
        "tutor:aquatail",
        "tutor:block",
        "tutor:bodyslam",
        "tutor:confide",
        "tutor:foulplay",
        "tutor:hex",
        "tutor:hydropump",
        "tutor:icepunch",
        "tutor:irondefense",
        "tutor:laserfocus",
        "tutor:magiccoat",
        "tutor:nastyplot",
        "tutor:powergem",
        "tutor:psychup",
        "tutor:signalbeam",
        "tutor:storedpower",
        "tutor:weatherball",
        "tutor:zenheadbutt",
        "tutor:toxicspikes"
      ],
      "preEvolution": "slowpoke galarian",
      "evolutions": [],
      "battleOnly": false
    }
  ]
}