{
  "implemented": true,
  "nationalPokedexNumber": 215,
  "name": "Sneasel",
  "primaryType": "dark",
  "secondaryType": "ice",
  "maleRatio": 0.5,
  "height": 9,
  "weight": 280,
  "pokedex": [
    "cobblemon.species.sneasel.desc"
  ],
  "labels": [
    "gen2",
    "johtonian_form"
  ],
  "aspects": [],
  "abilities": [
    "innerfocus",
    "frisk",
    "h:infiltrator"
  ],
  "eggGroups": [
    "field"
  ],
  "baseStats": {
    "hp": 55,
    "attack": 95,
    "defence": 55,
    "special_attack": 35,
    "special_defence": 75,
    "speed": 115
  },
  "evYield": {
    "hp": 0,
    "attack": 0,
    "defence": 0,
    "special_attack": 0,
    "special_defence": 0,
    "speed": 1
  },
  "baseExperienceYield": 86,
  "experienceGroup": "medium_slow",
  "catchRate": 60,
  "eggCycles": 20,
  "baseFriendship": 35,
  "features": [
    "hisuian"
  ],
  "baseScale": 0.8,
  "hitbox": {
    "width": 0.6,
    "height": 1.25,
    "fixed": false
  },
  "drops": {
    "amount": 3,
    "entries": [
      {
        "item": "cobblemon:razor_claw",
        "percentage": 2.5
      },
      {
        "item": "cobblemon:quick_claw",
        "percentage": 2.5
      },
      {
        "item": "cobblemon:chople_berry",
        "percentage": 2.5
      }
    ]
  },
  "moves": [
    "1:leer",
    "1:scratch",
    "1:taunt",
    "8:quickattack",
    "10:feintattack",
    "14:icywind",
    "16:furyswipes",
    "20:agility",
    "22:metalclaw",
    "25:honeclaws",
    "28:beatup",
    "32:screech",
    "35:slash",
    "40:snatch",
    "44:punishment",
    "47:iceshard",
    "egg:assist",
    "egg:avalanche",
    "egg:bite",
    "egg:counter",
    "egg:crushclaw",
    "egg:doublehit",
    "egg:fakeout",
    "egg:feint",
    "egg:foresight",
    "egg:icepunch",
    "egg:iceshard",
    "egg:iciclecrash",
    "egg:punishment",
    "egg:pursuit",
    "egg:spite",
    "egg:throatchop",
    "tm:aerialace",
    "tm:blizzard",
    "tm:brickbreak",
    "tm:calmmind",
    "tm:cut",
    "tm:darkpulse",
    "tm:dig",
    "tm:facade",
    "tm:focuspunch",
    "tm:snowscape",
    "tm:hiddenpower",
    "tm:honeclaws",
    "tm:icebeam",
    "tm:icywind",
    "tm:irontail",
    "tm:lowkick",
    "tm:lowsweep",
    "tm:poisonjab",
    "tm:poweruppunch",
    "tm:protect",
    "tm:raindance",
    "tm:reflect",
    "tm:rest",
    "tm:return",
    "tm:rocksmash",
    "tm:shadowball",
    "tm:shadowclaw",
    "tm:sleeptalk",
    "tm:snarl",
    "tm:strength",
    "tm:substitute",
    "tm:sunnyday",
    "tm:surf",
    "tm:swordsdance",
    "tm:taunt",
    "tm:thief",
    "tm:toxic",
    "tm:trailblaze",
    "tm:tripleaxel",
    "tm:xscissor",
    "tutor:agility",
    "tutor:confide",
    "tutor:faketears",
    "tutor:foulplay",
    "tutor:icepunch",
    "tutor:icywind",
    "tutor:knockoff",
    "tutor:laserfocus",
    "tutor:lowkick",
    "tutor:psychocut",
    "tutor:psychup",
    "tutor:screech",
    "tutor:snatch",
    "tutor:snore",
    "tutor:spite",
    "tutor:throatchop",
    "tutor:whirlpool",
    "tutor:iciclespear"
  ],
  "evolutions": [
    {
      "id": "sneasel_weavile",
      "variant": "level_up",
      "result": "weavile",
      "consumeHeldItem": true,
      "learnableMoves": [],
      "requirements": [
        {
          "variant": "held_item",
          "itemCondition": "cobblemon:razor_claw"
        },
        {
          "variant": "time_range",
          "range": "night"
        }
      ],
      "permanent": true
    }
  ],
  "forms": [
    {
      "name": "Hisui",
      "primaryType": "fighting",
      "secondaryType": "poison",
      "baseStats": {
        "hp": 55,
        "attack": 95,
        "defence": 55,
        "special_attack": 35,
        "special_defence": 75,
        "speed": 115
      },
      "abilities": [
        "innerfocus",
        "frisk",
        "h:poisontouch"
      ],
      "maleRatio": 0.5,
      "height": 9,
      "weight": 270,
      "pokedex": [
        "cobblemon.species.sneasel-hisui.desc"
      ],
      "labels": [
        "gen8a",
        "hisuian_form"
      ],
      "aspects": [
        "hisuian"
      ],
      "drops": {
        "amount": 3,
        "entries": [
          {
            "item": "cobblemon:razor_claw",
            "percentage": 2.5
          },
          {
            "item": "cobblemon:poison_barb",
            "percentage": 2.5
          },
          {
            "item": "cobblemon:payapa_berry",
            "percentage": 2.5
          }
        ]
      },
      "moves": [
        "1:leer",
        "1:rocksmash",
        "1:taunt",
        "8:quickattack",
        "10:swift",
        "14:poisonsting",
        "16:sludge",
        "20:agility",
        "22:metalclaw",
        "25:honeclaws",
        "28:crosspoison",
        "32:screech",
        "35:slash",
        "42:poisonjab",
        "47:machpunch",
        "51:drainpunch",
        "58:gunkshot",
        "65:closecombat",
        "egg:counter",
        "egg:doublehit",
        "egg:fakeout",
        "egg:feint",
        "egg:pursuit",
        "egg:quickguard",
        "egg:switcheroo",
        "egg:icepunch",
        "tm:aerialace",
        "tm:brickbreak",
        "tm:bulkup",
        "tm:bulldoze",
        "tm:calmmind",
        "tm:cut",
        "tm:darkpulse",
        "tm:dig",
        "tm:drainpunch",
        "tm:facade",
        "tm:focusblast",
        "tm:focuspunch",
        "tm:hiddenpower",
        "tm:honeclaws",
        "tm:lowkick",
        "tm:lowsweep",
        "tm:poisonjab",
        "tm:poweruppunch",
        "tm:protect",
        "tm:raindance",
        "tm:rest",
        "tm:return",
        "tm:rockslide",
        "tm:rocksmash",
        "tm:rocktomb",
        "tm:shadowclaw",
        "tm:sleeptalk",
        "tm:sludgebomb",
        "tm:sludgewave",
        "tm:snarl",
        "tm:stoneedge",
        "tm:strength",
        "tm:substitute",
        "tm:sunnyday",
        "tm:superpower",
        "tm:swordsdance",
        "tm:taunt",
        "tm:thief",
        "tm:toxic",
        "tm:trailblaze",
        "tm:uturn",
        "tm:venoshock",
        "tm:xscissor",
        "tm:vacuumwave",
        "tutor:acrobatics",
        "tutor:aurasphere",
        "tutor:closecombat",
        "tutor:crosspoison",
        "tutor:darkestlariat",
        "tutor:foulplay",
        "tutor:gunkshot",
        "tutor:knockoff",
        "tutor:lowkick",
        "tutor:nastyplot",
        "tutor:psychocut",
        "tutor:throatchop",
        "tutor:thunderpunch",
        "tutor:toxicspikes"
      ],
      "evolutions": [
        {
          "id": "sneasel_sneasler",
          "variant": "level_up",
          "result": "sneasler",
          "consumeHeldItem": true,
          "learnableMoves": [
            "direclaw"
          ],
          "requirements": [
            {
              "variant": "held_item",
              "itemCondition": "cobblemon:razor_claw"
            },
            {
              "variant": "time_range",
              "range": "day"
            }
          ],
          "permanent": true
        }
      ],
      "battleOnly": false
    }
  ]
}