{
  "implemented": true,
  "nationalPokedexNumber": 208,
  "name": "Steelix",
  "primaryType": "steel",
  "secondaryType": "ground",
  "maleRatio": 0.5,
  "height": 92,
  "weight": 4000,
  "pokedex": [
    "cobblemon.species.steelix.desc"
  ],
  "labels": [
    "gen2"
  ],
  "aspects": [],
  "abilities": [
    "rockhead",
    "sturdy",
    "h:sheerforce"
  ],
  "eggGroups": [
    "mineral"
  ],
  "baseStats": {
    "hp": 75,
    "attack": 85,
    "defence": 200,
    "special_attack": 55,
    "special_defence": 65,
    "speed": 30
  },
  "evYield": {
    "hp": 0,
    "attack": 0,
    "defence": 2,
    "special_attack": 0,
    "special_defence": 0,
    "speed": 0
  },
  "baseExperienceYield": 179,
  "experienceGroup": "medium_fast",
  "catchRate": 25,
  "eggCycles": 25,
  "baseFriendship": 50,
  "baseScale": 1.6,
  "hitbox": {
    "width": 2,
    "height": 3.2,
    "fixed": false
  },
  "behaviour": {
    "resting": {
      "canSleep": true,
      "light": "0-4"
    },
    "moving": {
      "swim": {
        "avoidsWater": true,
        "canSwimInWater": false
      }
    }
  },
  "drops": {
    "amount": 6,
    "entries": [
      {
        "item": "minecraft:raw_iron",
        "quantityRange": "2-4"
      },
      {
        "item": "cobblemon:metal_coat",
        "percentage": 5.0
      },
      {
        "item": "cobblemon:passho_berry",
        "percentage": 5.0
      }
    ]
  },
  "moves": [
    "1:bind",
    "1:firefang",
    "1:harden",
    "1:icefang",
    "1:mudsport",
    "1:tackle",
    "1:thunderfang",
    "4:curse",
    "7:rockthrow",
    "10:rocktomb",
    "13:rage",
    "16:stealthrock",
    "19:autotomize",
    "20:gyroball",
    "22:smackdown",
    "25:dragonbreath",
    "28:slam",
    "31:screech",
    "34:rockslide",
    "37:crunch",
    "40:irontail",
    "43:dig",
    "46:stoneedge",
    "49:doubleedge",
    "52:sandstorm",
    "54:earthquake",
    "58:spinout",
    "egg:block",
    "egg:defensecurl",
    "egg:flail",
    "egg:headsmash",
    "egg:heavyslam",
    "egg:rockblast",
    "egg:rockclimb",
    "egg:rollout",
    "egg:rototiller",
    "egg:stealthrock",
    "egg:wideguard",
    "tm:bodypress",
    "tm:bulldoze",
    "tm:cut",
    "tm:darkpulse",
    "tm:dig",
    "tm:dragondance",
    "tm:dragonpulse",
    "tm:dragontail",
    "tm:earthquake",
    "tm:explosion",
    "tm:facade",
    "tm:flashcannon",
    "tm:gyroball",
    "tm:hiddenpower",
    "tm:irontail",
    "tm:meteorbeam",
    "tm:protect",
    "tm:rest",
    "tm:return",
    "tm:roar",
    "tm:rockclimb",
    "tm:rockpolish",
    "tm:rockslide",
    "tm:rocksmash",
    "tm:rocktomb",
    "tm:sandstorm",
    "tm:scorchingsands",
    "tm:sleeptalk",
    "tm:stealthrock",
    "tm:steelbeam",
    "tm:steelroller",
    "tm:stoneedge",
    "tm:strength",
    "tm:substitute",
    "tm:sunnyday",
    "tm:taunt",
    "tm:toxic",
    "tm:supercellslam",
    "tutor:aquatail",
    "tutor:block",
    "tutor:bodypress",
    "tutor:bodyslam",
    "tutor:breakingswipe",
    "tutor:confide",
    "tutor:crunch",
    "tutor:dragondance",
    "tutor:drillrun",
    "tutor:earthpower",
    "tutor:firefang",
    "tutor:heavyslam",
    "tutor:highhorsepower",
    "tutor:icefang",
    "tutor:irondefense",
    "tutor:ironhead",
    "tutor:magnetrise",
    "tutor:psychicfangs",
    "tutor:psychup",
    "tutor:rockblast",
    "tutor:sandtomb",
    "tutor:scaryface",
    "tutor:screech",
    "tutor:snore",
    "tutor:stompingtantrum",
    "tutor:thunderfang"
  ],
  "preEvolution": "onix",
  "evolutions": [],
  "forms": [
    {
      "name": "Mega",
      "primaryType": "steel",
      "secondaryType": "ground",
      "maleRatio": 0.5,
      "height": 105,
      "weight": 7400,
      "pokedex": [
        "cobblemon.species.steelix-mega.desc"
      ],
      "labels": [
        "gen6",
        "mega"
      ],
      "aspects": [
        "mega"
      ],
      "abilities": [
        "heatproof",
        "h:heatproof"
      ],
      "baseStats": {
        "hp": 75,
        "attack": 125,
        "defence": 230,
        "special_attack": 55,
        "special_defence": 95,
        "speed": 30
      },
      "baseExperienceYield": 214,
      "dynamaxBlocked": true,
      "evolutions": [],
      "battleOnly": true
    }
  ]
}