{
  "implemented": true,
  "nationalPokedexNumber": 157,
  "name": "Typhlosion",
  "primaryType": "fire",
  "maleRatio": 0.875,
  "height": 17,
  "weight": 795,
  "pokedex": [
    "cobblemon.species.typhlosion.desc"
  ],
  "labels": [
    "gen2",
    "johtonian_form"
  ],
  "aspects": [],
  "abilities": [
    "flashfire",
    "h:blazingsoul"
  ],
  "eggGroups": [
    "field"
  ],
  "baseStats": {
    "hp": 78,
    "attack": 84,
    "defence": 78,
    "special_attack": 109,
    "special_defence": 85,
    "speed": 100
  },
  "evYield": {
    "hp": 0,
    "attack": 0,
    "defence": 0,
    "special_attack": 3,
    "special_defence": 0,
    "speed": 0
  },
  "baseExperienceYield": 267,
  "experienceGroup": "medium_slow",
  "catchRate": 45,
  "eggCycles": 20,
  "baseFriendship": 50,
  "features": [
    "hisuian"
  ],
  "baseScale": 0.65,
  "hitbox": {
    "width": 1.35,
    "height": 2.65,
    "fixed": false
  },
  "behaviour": {
    "resting": {
      "canSleep": true,
      "light": "0-4"
    },
    "moving": {
      "walk": {
        "walkSpeed": 0.15
      }
    }
  },
  "drops": {
    "amount": 1,
    "entries": [
      {
        "item": "cobblemon:charcoal_stick",
        "percentage": 25.0
      }
    ]
  },
  "moves": [
    "1:doubleedge",
    "1:ember",
    "1:gyroball",
    "1:leer",
    "1:tackle",
    "13:quickattack",
    "15:doublekick",
    "19:extrasensory",
    "20:flamewheel",
    "24:defensecurl",
    "28:scorchingsands",
    "31:swift",
    "35:flamecharge",
    "43:lavaplume",
    "48:flamethrower",
    "56:inferno",
    "74:burnup",
    "100:eruption",
    "egg:covet",
    "egg:crushclaw",
    "egg:doubleedge",
    "egg:doublekick",
    "egg:extrasensory",
    "egg:flameburst",
    "egg:flareblitz",
    "egg:furyswipes",
    "egg:howl",
    "egg:naturepower",
    "egg:quickattack",
    "egg:reversal",
    "egg:thrash",
    "tm:aerialace",
    "tm:brickbreak",
    "tm:bulldoze",
    "tm:cut",
    "tm:dig",
    "tm:earthquake",
    "tm:facade",
    "tm:fireblast",
    "tm:flamecharge",
    "tm:flamethrower",
    "tm:focusblast",
    "tm:aurasphere",
    "tm:focuspunch",
    "tm:gyroball",
    "tm:hiddenpower",
    "tm:irontail",
    "tm:lowkick",
    "tm:overheat",
    "tm:poweruppunch",
    "tm:protect",
    "tm:rest",
    "tm:return",
    "tm:roar",
    "tm:rockclimb",
    "tm:rockslide",
    "tm:rocksmash",
    "tm:rocktomb",
    "tm:scorchingsands",
    "tm:shadowclaw",
    "tm:sleeptalk",
    "tm:solarbeam",
    "tm:strength",
    "tm:substitute",
    "tm:sunnyday",
    "tm:toxic",
    "tm:wildcharge",
    "tm:willowisp",
    "tm:workup",
    "tm:playrough",
    "tm:temperflare",
    "tutor:blastburn",
    "tutor:confide",
    "tutor:covet",
    "tutor:firepledge",
    "tutor:firepunch",
    "tutor:flareblitz",
    "tutor:heatwave",
    "tutor:laserfocus",
    "tutor:lowkick",
    "tutor:mysticalfire",
    "tutor:reversal",
    "tutor:snore",
    "tutor:stompingtantrum",
    "tutor:throatchop",
    "tutor:thunderpunch"
  ],
  "preEvolution": "quilava",
  "evolutions": [],
  "forms": [
    {
      "name": "Hisui",
      "primaryType": "fire",
      "secondaryType": "ghost",
      "maleRatio": 0.875,
      "height": 16,
      "weight": 698,
      "pokedex": [
        "cobblemon.species.typhlosion-hisui.desc"
      ],
      "labels": [
        "gen8a",
        "hisuian_form"
      ],
      "aspects": [
        "hisuian"
      ],
      "abilities": [
        "blaze",
        "h:flashfire"
      ],
      "baseStats": {
        "hp": 73,
        "attack": 84,
        "defence": 78,
        "special_attack": 119,
        "special_defence": 85,
        "speed": 95
      },
      "baseScale": 0.75,
      "moves": [
        "1:ember",
        "1:infernalparade",
        "1:leer",
        "1:ominouswind",
        "1:tackle",
        "13:quickattack",
        "15:doublekick",
        "19:extrasensory",
        "20:flamewheel",
        "24:defensecurl",
        "28:scorchingsands",
        "31:swift",
        "35:mysticalfire",
        "43:lavaplume",
        "48:flamethrower",
        "53:shadowball",
        "56:inferno",
        "62:doubleedge",
        "74:eruption",
        "egg:covet",
        "egg:crushclaw",
        "egg:doubleedge",
        "egg:doublekick",
        "egg:extrasensory",
        "egg:flameburst",
        "egg:flareblitz",
        "egg:furyswipes",
        "egg:howl",
        "egg:naturepower",
        "egg:quickattack",
        "egg:reversal",
        "egg:thrash",
        "tm:aerialace",
        "tm:brickbreak",
        "tm:bulldoze",
        "tm:calmmind",
        "tm:cut",
        "tm:darkpulse",
        "tm:facade",
        "tm:fireblast",
        "tm:flamecharge",
        "tm:flamethrower",
        "tm:focusblast",
        "tm:aurasphere",
        "tm:focuspunch",
        "tm:gyroball",
        "tm:hiddenpower",
        "tm:irontail",
        "tm:lowkick",
        "tm:overheat",
        "tm:poltergeist",
        "tm:protect",
        "tm:psychic",
        "tm:rest",
        "tm:return",
        "tm:roar",
        "tm:rocktomb",
        "tm:scorchingsands",
        "tm:shadowball",
        "tm:shadowclaw",
        "tm:sleeptalk",
        "tm:solarbeam",
        "tm:strength",
        "tm:substitute",
        "tm:sunnyday",
        "tm:taunt",
        "tm:thief",
        "tm:toxic",
        "tm:trickroom",
        "tm:wildcharge",
        "tm:willowisp",
        "tm:workup",
        "tm:temperflare",
        "tm:playrough",
        "tutor:blastburn",
        "tutor:firepunch",
        "tutor:flareblitz",
        "tutor:foulplay",
        "tutor:heatwave",
        "tutor:hex",
        "tutor:lowkick",
        "tutor:mysticalfire",
        "tutor:phantomforce",
        "tutor:stompingtantrum",
        "tutor:thunderpunch",
        "tutor:trick"
      ],
      "preEvolution": "quilava",
      "evolutions": [],
      "battleOnly": false
    }
  ]
}