{
  "implemented": true,
  "nationalPokedexNumber": 194,
  "name": "Wooper",
  "primaryType": "water",
  "secondaryType": "ground",
  "maleRatio": 0.5,
  "height": 4,
  "weight": 85,
  "pokedex": [
    "cobblemon.species.wooper.desc"
  ],
  "labels": [
    "gen2",
    "johtonian_form"
  ],
  "aspects": [],
  "abilities": [
    "damp",
    "waterabsorb",
    "h:unaware"
  ],
  "eggGroups": [
    "water_1",
    "field"
  ],
  "baseStats": {
    "hp": 55,
    "attack": 45,
    "defence": 45,
    "special_attack": 25,
    "special_defence": 25,
    "speed": 15
  },
  "evYield": {
    "hp": 1,
    "attack": 0,
    "defence": 0,
    "special_attack": 0,
    "special_defence": 0,
    "speed": 0
  },
  "baseExperienceYield": 42,
  "experienceGroup": "medium_fast",
  "catchRate": 255,
  "eggCycles": 20,
  "baseFriendship": 50,
  "features": [
    "paldean"
  ],
  "shoulderMountable": true,
  "baseScale": 0.5,
  "hitbox": {
    "width": 0.8,
    "height": 1,
    "fixed": false
  },
  "behaviour": {
    "moving": {
      "swim": {
        "canBreatheUnderwater": true,
        "canSwimInWater": true,
        "canSwimInLava": false,
        "swimSpeed": "0.2"
      }
    },
    "resting": {
      "canSleep": true,
      "willSleepOnBed": true,
      "light": "0-4"
    }
  },
  "drops": {
    "amount": 2,
    "entries": [
      {
        "item": "minecraft:clay_ball",
        "quantityRange": "0-1"
      },
      {
        "item": "cobblemon:rindo_berry",
        "percentage": 2.5
      }
    ]
  },
  "moves": [
    "1:tailwhip",
    "1:watergun",
    "5:mudsport",
    "9:mudshot",
    "15:slam",
    "19:mudbomb",
    "23:amnesia",
    "29:yawn",
    "33:earthquake",
    "37:raindance",
    "43:haze",
    "43:mist",
    "47:muddywater",
    "egg:acidspray",
    "egg:afteryou",
    "egg:ancientpower",
    "egg:bodyslam",
    "egg:counter",
    "egg:curse",
    "egg:doublekick",
    "egg:eerieimpulse",
    "egg:encore",
    "egg:guardswap",
    "egg:mudsport",
    "egg:poweruppunch",
    "egg:recover",
    "egg:sleeptalk",
    "egg:spitup",
    "egg:stockpile",
    "egg:swallow",
    "tm:blizzard",
    "tm:bulldoze",
    "tm:dig",
    "tm:earthquake",
    "tm:facade",
    "tm:flash",
    "tm:snowscape",
    "tm:hiddenpower",
    "tm:icebeam",
    "tm:icywind",
    "tm:irontail",
    "tm:protect",
    "tm:raindance",
    "tm:rest",
    "tm:return",
    "tm:rocksmash",
    "tm:sandstorm",
    "tm:scald",
    "tm:sleeptalk",
    "tm:sludgebomb",
    "tm:sludgewave",
    "tm:substitute",
    "tm:surf",
    "tm:toxic",
    "tm:trailblaze",
    "tm:waterfall",
    "tutor:afteryou",
    "tutor:aquatail",
    "tutor:bodyslam",
    "tutor:confide",
    "tutor:earthpower",
    "tutor:encore",
    "tutor:hydropump",
    "tutor:icepunch",
    "tutor:icywind",
    "tutor:muddywater",
    "tutor:snore",
    "tutor:stompingtantrum",
    "tutor:whirlpool",
    "tutor:spikes",
    "tutor:toxicspikes"
  ],
  "evolutions": [
    {
      "id": "wooper_quagsire",
      "variant": "level_up",
      "result": "quagsire",
      "consumeHeldItem": false,
      "learnableMoves": [],
      "requirements": [
        {
          "variant": "level",
          "minLevel": 20
        }
      ]
    }
  ],
  "forms": [
    {
      "name": "Paldea",
      "primaryType": "poison",
      "secondaryType": "ground",
      "maleRatio": 0.5,
      "height": 4,
      "weight": 110,
      "pokedex": [
        "cobblemon.species.wooper-paldea.desc"
      ],
      "labels": [
        "gen9",
        "paldean_form"
      ],
      "aspects": [
        "paldean"
      ],
      "abilities": [
        "poisonpoint",
        "waterabsorb",
        "h:unaware"
      ],
      "drops": {
        "amount": 2,
        "entries": [
          {
            "item": "minecraft:clay_ball",
            "quantityRange": "0-1"
          },
          {
            "item": "cobblemon:pecha_berry",
            "percentage": 2.5
          }
        ]
      },
      "moves": [
        "1:mudshot",
        "1:tailwhip",
        "4:tackle",
        "8:poisontail",
        "12:toxicspikes",
        "16:slam",
        "21:yawn",
        "24:poisonjab",
        "28:sludgewave",
        "32:amnesia",
        "36:toxic",
        "40:earthquake",
        "egg:acidspray",
        "egg:afteryou",
        "egg:ancientpower",
        "egg:counter",
        "egg:curse",
        "egg:doublekick",
        "egg:haze",
        "egg:mist",
        "egg:recover",
        "egg:spitup",
        "egg:stockpile",
        "egg:swallow",
        "tm:bodypress",
        "tm:bulldoze",
        "tm:dig",
        "tm:earthquake",
        "tm:facade",
        "tm:hiddenpower",
        "tm:lowkick",
        "tm:poisonjab",
        "tm:protect",
        "tm:raindance",
        "tm:rest",
        "tm:return",
        "tm:rockslide",
        "tm:rocktomb",
        "tm:sandstorm",
        "tm:sleeptalk",
        "tm:sludgebomb",
        "tm:sludgewave",
        "tm:spikes",
        "tm:stealthrock",
        "tm:stoneedge",
        "tm:substitute",
        "tm:surf",
        "tm:toxic",
        "tm:trailblaze",
        "tm:venoshock",
        "tm:waterfall",
        "tutor:afteryou",
        "tutor:bodypress",
        "tutor:bodyslam",
        "tutor:confide",
        "tutor:earthpower",
        "tutor:gunkshot",
        "tutor:helpinghand",
        "tutor:hydropump",
        "tutor:liquidation",
        "tutor:lowkick",
        "tutor:spikes",
        "tutor:stompingtantrum",
        "tutor:toxicspikes"
      ],
      "evolutions": [
        {
          "id": "wooper_clodsire",
          "variant": "level_up",
          "result": "clodsire",
          "consumeHeldItem": false,
          "learnableMoves": [
            "amnesia"
          ],
          "requirements": [
            {
              "variant": "level",
              "minLevel": 20
            }
          ]
        }
      ],
      "battleOnly": false
    }
  ]
}