{
	"format_version": "1.8.0",
	"animations": {
		"animation.nerueon.ground_idle": {
			"loop": true,
			"animation_length": 3.9583,
			"bones": {
				"body": {
					"position": [0, -0.2, 0]
				},
				"ear_right": {
					"rotation": ["10.5+math.sin(q.anim_time*90*2-220)*2.5", 0, 0]
				},
				"ear_right2": {
					"rotation": ["-2+math.sin(q.anim_time*90*2-240)*2.5", 0, 0]
				},
				"ear_right3": {
					"rotation": ["-5+math.sin(q.anim_time*90*2-260)*2.5", 0, 0]
				},
				"tail": {
					"rotation": ["25+math.sin(q.anim_time*90*2-150)*2.5", "0+math.sin(q.anim_time*90*1-60)*5", "0+math.sin(q.anim_time*90*1-60)*2.5"]
				},
				"tail2": {
					"rotation": {
						"0.0": ["65+math.sin(q.anim_time*90*2-210)*2.5", "math.sin(q.anim_time*90*1-90)*5", 0],
						"1.0833": ["60+math.sin(q.anim_time*90*2-210)*2.5", "math.sin(q.anim_time*90*1-90)*5", 0]
					},
					"position": {
						"0.0": [0, -3, 2],
						"1.0833": [0, -4.4, 1.8]
					}
				},
				"tail3": {
					"rotation": ["10+math.sin(q.anim_time*90*2-210)*5", "0+math.sin(q.anim_time*90*1-120)*10", 0]
				},
				"front_leg_left": {
					"rotation": ["5+math.sin(q.anim_time*90*2-90)*-2.5", 0, 0],
					"position": [0, -0.1, 0]
				},
				"elbow_left": {
					"rotation": ["-5+math.sin(q.anim_time*90*2-90)*5", 0, 0]
				},
				"frontpaw_left": {
					"rotation": ["math.sin(q.anim_time*90*2-90)*-2.5", 0, 0]
				},
				"front_leg_right": {
					"rotation": ["5+math.sin(q.anim_time*90*2-90)*-2.5", 0, 0],
					"position": [0, -0.1, 0]
				},
				"elbow_right": {
					"rotation": ["-5+math.sin(q.anim_time*90*2-90)*5", 0, 0]
				},
				"frontpaw_right": {
					"rotation": ["math.sin(q.anim_time*90*2-90)*-2.5", 0, 0]
				},
				"back_leg_left": {
					"rotation": [2.5, -2.5, -2.5]
				},
				"ankle_left": {
					"rotation": ["-2.5+math.sin(q.anim_time*90*2-90)*5", 0, 0]
				},
				"foot_left": {
					"rotation": ["5+math.sin(q.anim_time*90*2-90)*-2.5", 0, 3]
				},
				"back_leg_right": {
					"rotation": [2.5, 2.5, 2.5]
				},
				"ankle_right": {
					"rotation": ["-2.5+math.sin(q.anim_time*90*2-90)*5", 0, 0]
				},
				"foot_right": {
					"rotation": ["5+math.sin(q.anim_time*90*2-90)*-2.5", 0, -3]
				},
				"torso": {
					"rotation": ["2+math.sin(q.anim_time*90*2-0)*-1", "0+math.sin(q.anim_time*90*1-60)*1.5", 0],
					"position": [0, "math.sin(q.anim_time*90*2-90)*0.25", "math.sin(q.anim_time*90*2-90)*-0.15"]
				},
				"torso2": {
					"rotation": ["-1+math.sin(q.anim_time*90*2-0)*1", "0+math.sin(q.anim_time*90*1-60)*-1.5", 0],
					"position": [0, 0, "math.sin(q.anim_time*90*2-90)*0.075"]
				},
				"torso3": {
					"rotation": ["-1+math.sin(q.anim_time*90*2-0)*1", "0+math.sin(q.anim_time*90*1-60)*-1.5", 0],
					"position": [0, 0, "math.sin(q.anim_time*90*2-90)*0.075"]
				},
				"neck": {
					"rotation": ["0+math.sin(q.anim_time*90*2-180)*2.5", 0, 0]
				},
				"head": {
					"rotation": ["0+math.sin(q.anim_time*90*2-150)*-2.5", 0, 0]
				},
				"front_legs": {
					"position": [0, "0.15+math.sin(q.anim_time*90*2-90)*0.11", "0+math.sin(q.anim_time*90*2-90)*-0.02"]
				},
				"back_legs": {
					"position": [0, "0.15+math.sin(q.anim_time*90*2-90)*0.35", "0+math.sin(q.anim_time*90*2-90)*-0.2"]
				},
				"knee_left": {
					"rotation": ["-5+math.sin(q.anim_time*90*2-90)*-2.5", 0, 0]
				},
				"knee_right": {
					"rotation": ["-5+math.sin(q.anim_time*90*2-90)*-2.5", 0, 0]
				},
				"hair_base_left": {
					"rotation": [1.56836, -3.03092, "-142.5242418233+math.sin(q.anim_time*90*2-170)*-5"],
					"position": [-1.60919, -1.13779, -0.60492]
				},
				"hair_base_bend_left": {
					"rotation": [2.48963, 0.10247, 84.97392]
				},
				"hair_mid_left": {
					"rotation": [1.42066, 0.54823, "49.9850940565+math.sin(q.anim_time*90*2-190)*-5"]
				},
				"hair_mid_bend_left": {
					"rotation": [-0.15197, -0.1801, -2.4961]
				},
				"hair_end_left": {
					"rotation": [-0.23966, -0.31053, "15.0068+math.sin(q.anim_time*90*2-230)*-5"]
				},
				"hair_end_bend_left": {
					"rotation": [-0.90645, -0.21905, 2.5159]
				},
				"hair_tip_left": {
					"rotation": [0.57687, 0.40165, "-5.0088+math.sin(q.anim_time*90*2-300)*-5"]
				}
			}
		},
		"animation.nerueon.ground_walk": {
			"loop": true,
			"animation_length": 1,
			"override_previous_animation": true,
			"bones": {
				"leg_front_right": {
					"rotation": [
						"30-math.clamp(20*(math.sin(q.anim_time*90*4-90+180)*1+1),-0,60)",
						0,
						"math.clamp(math.sin(q.anim_time*90*4-90+180)*1,-0.8,0.8)+math.sin(q.anim_time*90*4-180+180)*1"
					],
					"position": [
						0,
						"-0.5+0.8*(math.clamp(math.sin(q.anim_time*90*4-155+180)*1.6,1,1.6)-0.2)+0.5*(math.clamp(math.sin(q.anim_time*90*4-75+180)*1.8,1,1.8)-1)-0.2*(math.clamp(math.sin(q.anim_time*90*4+180)*1.4,1,1.4)+1)",
						0
					]
				},
				"leg_front_left": {
					"rotation": [
						"30-math.clamp(20*(math.sin(q.anim_time*90*4-90)*1+1),-0,60)",
						0,
						"-math.clamp(math.sin(q.anim_time*90*4-90)*1,-0.8,0.8)-math.sin(q.anim_time*90*4-180)*1"
					],
					"position": [
						0,
						"-0.5+0.8*(math.clamp(math.sin(q.anim_time*90*4-155)*1.6,1,1.6)-0.2)+0.5*(math.clamp(math.sin(q.anim_time*90*4-75)*1.8,1,1.8)-1)-0.2*(math.clamp(math.sin(q.anim_time*90*4)*1.4,1,1.4)+1)",
						0
					]
				},
				"leg_back_right": {
					"rotation": [
						"-20+math.clamp(15*(math.sin(q.anim_time*90*4-90+180)*1+1),-0,60)",
						0,
						"math.clamp(math.sin(q.anim_time*90*4-90+180)*1,-0.8,0.8)+math.sin(q.anim_time*90*4-180+180)*1"
					],
					"position": [
						0,
						"-math.clamp(-math.sin(q.anim_time*90*4+90+180)*0.01,0,0.01)+math.clamp(-math.sin(q.anim_time*90*4+20+180)*1,0.4,1)-0.4+math.clamp(math.sin(q.anim_time*90*4-130+180)*1.5,0.4,0.6)-0.3",
						-0.1
					]
				},
				"leg_back_left": {
					"rotation": [
						"-20+math.clamp(15*(math.sin(q.anim_time*90*4-90)*1+1),-0,60)",
						0,
						"-math.clamp(math.sin(q.anim_time*90*4-90)*1,-0.8,0.8)-math.sin(q.anim_time*90*4-180)*1"
					],
					"position": [
						0,
						"-math.clamp(-math.sin(q.anim_time*90*4+90)*0.01,0,0.01)+math.clamp(-math.sin(q.anim_time*90*4+20)*1,0.4,1)-0.4+math.clamp(math.sin(q.anim_time*90*4-130)*1.5,0.4,0.6)-0.3",
						-0.1
					]
				},
				"leg_front_right2": {
					"rotation": [
						"math.clamp(math.sin(q.anim_time*90*4-180+10+180)*20,0,10)+math.clamp(math.sin(q.anim_time*90*4-180+10+180)*20,-50,50)-math.clamp(math.sin(q.anim_time*90*4+10+180)*70,50,60)+25",
						0,
						0
					]
				},
				"leg_front_right3": {
					"rotation": [
						"-45+math.clamp(20*(math.sin(q.anim_time*90*4-90+180)*1+1),-0,60)-math.clamp(math.sin(q.anim_time*90*4-180+10+180)*20,0,10)-math.clamp(math.sin(q.anim_time*90*4-180+10+180)*20,-50,50)+math.clamp(math.sin(q.anim_time*90*4+10+180)*70,50,60)+math.clamp(math.sin(q.anim_time*90*4+40+180)*80,50,80)-60",
						0,
						0
					],
					"position": [0, "math.clamp(math.sin(q.anim_time*90*4-120+180)*1.1,0.9,1)-0.9+math.clamp(math.sin(q.anim_time*90*2-130+180)*1.3,0.9,1)-0.9", 0]
				},
				"leg_front_left2": {
					"rotation": [
						"math.clamp(math.sin(q.anim_time*90*4-180+10)*20,0,10)+math.clamp(math.sin(q.anim_time*90*4-180+10)*20,-50,50)-math.clamp(math.sin(q.anim_time*90*4+10)*70,50,60)+25",
						0,
						0
					]
				},
				"leg_front_left3": {
					"rotation": [
						"-45+math.clamp(20*(math.sin(q.anim_time*90*4-90)*1+1),-0,60)-math.clamp(math.sin(q.anim_time*90*4-180+10)*20,0,10)-math.clamp(math.sin(q.anim_time*90*4-180+10)*20,-50,50)+math.clamp(math.sin(q.anim_time*90*4+10)*70,50,60)+math.clamp(math.sin(q.anim_time*90*4+40)*80,50,80)-60",
						0,
						0
					],
					"position": [0, "math.clamp(math.sin(q.anim_time*90*4-120)*1.1,0.9,1)-0.9+math.clamp(math.sin(q.anim_time*90*2-130)*1.3,0.9,1)-0.9", 0]
				},
				"leg_back_right2": {
					"rotation": [
						"math.clamp(math.sin(q.anim_time*90*4+180)*10,0,10)+math.clamp(math.sin(q.anim_time*90*4-95+180)*25,0,45)-math.clamp(math.sin(q.anim_time*90*4+180+180)*10,0,45)",
						0,
						0
					],
					"position": [0, "math.clamp(math.sin(q.anim_time*90*4-130+180)*1.5,0.5,0.8)-0.5", 0]
				},
				"leg_back_right3": {
					"rotation": [
						"-math.clamp(math.sin(q.anim_time*90*4+180)*10,0,10)-math.clamp(math.sin(q.anim_time*90*4-95+180)*25,0,45)+math.clamp(math.sin(q.anim_time*90*4+180+180)*15,0,45)-(-20+math.clamp(15*(math.sin(q.anim_time*90*4-90+180)*1+1),-0,60))+math.clamp(math.sin(q.anim_time*90*4-100+180)*100,60,100)-60",
						0,
						0
					],
					"position": [0, "math.clamp(math.sin(q.anim_time*90*4-110)*1,0.8,1)-0.8", 0]
				},
				"leg_back_left2": {
					"rotation": [
						"math.clamp(math.sin(q.anim_time*90*4)*10,0,10)+math.clamp(math.sin(q.anim_time*90*4-95)*25,0,45)-math.clamp(math.sin(q.anim_time*90*4+180)*10,0,45)",
						0,
						0
					],
					"position": [0, "math.clamp(math.sin(q.anim_time*90*4-130)*1.5,0.5,0.8)-0.5", 0]
				},
				"leg_back_left3": {
					"rotation": [
						"-math.clamp(math.sin(q.anim_time*90*4)*10,0,10)-math.clamp(math.sin(q.anim_time*90*4-95)*25,0,45)+math.clamp(math.sin(q.anim_time*90*4+180)*15,0,45)-(-20+math.clamp(15*(math.sin(q.anim_time*90*4-90)*1+1),-0,60))+math.clamp(math.sin(q.anim_time*90*4-100)*100,60,100)-60",
						0,
						0
					],
					"position": [0, "math.clamp(math.sin(q.anim_time*90*4-110+180)*1,0.8,1)-0.8", 0]
				},
				"body": {
					"rotation": [0, 0, 0],
					"position": [0, 0, 0]
				},
				"torso": {
					"rotation": ["0+math.sin(q.anim_time*90*8-0)*1", "0+math.sin(q.anim_time*90*4-90)*-2.5", "0+math.sin(q.anim_time*90*4-0)*-2"],
					"position": {
						"0.0": {
							"post": [0, 0, 0],
							"lerp_mode": "catmullrom"
						},
						"0.2083": {
							"post": [0, -0.5, 0],
							"lerp_mode": "catmullrom"
						},
						"0.5": {
							"post": [0, 0, 0],
							"lerp_mode": "catmullrom"
						},
						"0.7083": {
							"post": [0, -0.5, 0],
							"lerp_mode": "catmullrom"
						},
						"1.0": {
							"post": [0, 0, 0],
							"lerp_mode": "catmullrom"
						}
					}
				},
				"torso2": {
					"rotation": [0, "0+math.sin(q.anim_time*90*4-90)*2.5", 0]
				},
				"torso3": {
					"rotation": [0, "0+math.sin(q.anim_time*90*4-90)*2.5", 0]
				},
				"neck": {
					"rotation": ["15+math.sin(q.anim_time*90*8-120)*2.5", 0, 0]
				},
				"bow_neck": {
					"rotation": [0, 0, "0+math.sin(q.anim_time*90*4-60)*-2.5"]
				},
				"head": {
					"rotation": ["-12.5+math.sin(q.anim_time*90*8-0)*-2.5", "math.sin(q.anim_time*90*4-90)*-2.5", "math.sin(q.anim_time*90*4-0)*2"],
					"position": [0, 0, 0]
				},
				"ear_right": {
					"rotation": ["2.5+math.sin(q.anim_time*90*8-140)*2.5", 2.5, 0]
				},
				"ear_right2": {
					"rotation": ["-10+math.sin(q.anim_time*90*8-160)*2.5", 0, 0]
				},
				"ear_right3": {
					"rotation": ["-10+math.sin(q.anim_time*90*8-180)*2.5", 0, 0]
				},
				"tail": {
					"rotation": ["25+math.sin(q.anim_time*90*8-330)*3.5", "0+math.sin(q.anim_time*90*4-330)*7.5", "0+math.sin(q.anim_time*90*4-330)*2.5"]
				},
				"tail2": {
					"rotation": ["20+math.sin(q.anim_time*90*8-30)*3.5", "0+math.sin(q.anim_time*90*4-30)*5", 0]
				},
				"tail3": {
					"rotation": ["10+math.sin(q.anim_time*90*8-90)*5", "0+math.sin(q.anim_time*90*4-30)*7.5", 0]
				},
				"front_leg_left": {
					"rotation": ["15+math.sin(q.anim_time*90*4-90)*25", 0, 0],
					"position": {
						"0.0": [0, 0, 0],
						"0.25": [0, -0.5, 0],
						"0.5": [0, -0.5, 0.5],
						"0.75": [0, 0.25, 0],
						"1.0": [0, 0, 0]
					}
				},
				"elbow_left": {
					"rotation": ["-20+math.sin(q.anim_time*90*4-0)*20", 0, 0]
				},
				"frontpaw_left": {
					"rotation": {
						"0.0": [0, 0, 0],
						"0.1667": [-20, 0, 0],
						"0.25": [0, 0, 0],
						"0.375": [-12.5, 0, 0],
						"0.5": [8.12, 0, 0],
						"0.7083": [42.5, 0, 0],
						"1.0": [0, 0, 0]
					}
				},
				"front_leg_right": {
					"rotation": ["15+math.sin(q.anim_time*90*4-90)*-25", 0, 0],
					"position": {
						"0.0": [0, -0.5, 0.5],
						"0.25": [0, 0.25, 0],
						"0.5": [0, 0, 0],
						"0.75": [0, -0.5, 0],
						"1.0": [0, -0.5, 0.5]
					}
				},
				"elbow_right": {
					"rotation": ["-20+math.sin(q.anim_time*90*4-0)*-20", 0, 0]
				},
				"frontpaw_right": {
					"rotation": {
						"0.0": [8.12, 0, 0],
						"0.2083": [42.5, 0, 0],
						"0.5": [0, 0, 0],
						"0.6667": [-20, 0, 0],
						"0.75": [0, 0, 0],
						"0.875": [-12.5, 0, 0],
						"1.0": [8.12, 0, 0]
					}
				},
				"back_leg_left": {
					"rotation": ["15+math.sin(q.anim_time*90*4-90)*-25", 0, 0],
					"position": {
						"0.0": [0, -0.5, 0],
						"0.25": [0, 0.25, 0],
						"0.5": [0, 0, 0],
						"0.5417": [0, -0.08, 0],
						"0.75": [0, 0.25, 0],
						"1.0": [0, -0.5, 0]
					}
				},
				"knee_left": {
					"rotation": ["0+math.sin(q.anim_time*90*4-0)*10", 0, 0]
				},
				"ankle_left": {
					"rotation": ["0+math.sin(q.anim_time*90*4-0)*-10", 0, 0]
				},
				"foot_left": {
					"rotation": {
						"0.0": [12.5, 0, 0],
						"0.25": [25, 0, 0],
						"0.5": [-12.5, 0, 0],
						"0.625": [2.5, 0, 0],
						"0.7917": [-20, 0, 0],
						"1.0": [12.5, 0, 0]
					},
					"position": {
						"0.5": [0, 0, 0],
						"0.625": [0, 0.45, 0],
						"0.7917": [0, 0, 0]
					}
				},
				"back_leg_right": {
					"rotation": ["15+math.sin(q.anim_time*90*4-90)*25", 0, 0],
					"position": {
						"0.0": [0, 0, 0],
						"0.0417": [0, -0.08, 0],
						"0.25": [0, 0.25, 0],
						"0.5": [0, -0.5, 0],
						"0.75": [0, 0.25, 0],
						"1.0": [0, 0, 0]
					}
				},
				"knee_right": {
					"rotation": ["0+math.sin(q.anim_time*90*4-0)*-10", 0, 0]
				},
				"ankle_right": {
					"rotation": ["0+math.sin(q.anim_time*90*4-0)*10", 0, 0]
				},
				"foot_right": {
					"rotation": {
						"0.0": [-12.5, 0, 0],
						"0.125": [2.5, 0, 0],
						"0.2917": [-20, 0, 0],
						"0.5": [12.5, 0, 0],
						"0.75": [25, 0, 0],
						"1.0": [-12.5, 0, 0]
					},
					"position": {
						"0.0": [0, 0, 0],
						"0.125": [0, 0.45, 0],
						"0.2917": [0, 0, 0]
					}
				},
				"hair_base_left": {
					"rotation": [1.56836, -3.03092, "-142.5242418233+math.sin(q.anim_time*90*4-120)*2"],
					"position": [-1.60919, -1.13779, -0.60492]
				},
				"hair_base_bend_left": {
					"rotation": [2.48963, 0.10247, 87.47392]
				},
				"hair_mid_left": {
					"rotation": [1.42066, 0.54823, "49.9850940565+math.sin(q.anim_time*90*4-150)*5"]
				},
				"hair_mid_bend_left": {
					"rotation": [-0.15197, -0.1801, -7.49606]
				},
				"hair_end_left": {
					"rotation": [-0.23966, -0.31053, "-12.4932190324+math.sin(q.anim_time*90*4-180)*7"]
				},
				"hair_end_bend_left": {
					"rotation": [-0.90645, -0.21905, 17.5159]
				},
				"hair_tip_left": {
					"rotation": [0.57687, 0.40165, "22.4911807848+math.sin(q.anim_time*90*4-200)*10"]
				}
			}
		},
		"animation.nerueon.blink": {
			"animation_length": 0.1667,
			"bones": {
				"eye_right": {
					"position": {
						"0.0": [0.1, 0, 0.1],
						"0.1667": {"pre": [0.1, 0, 0.1], "post": [0, 0, 0]}
					}
				},
				"eyelid_right": {
					"position": {
						"0.0": [-0.1, 0, -0.1],
						"0.1667": {"pre": [-0.1, 0, -0.1], "post": [0, 0, 0]}
					}
				},
				"eyelid_left": {
					"position": {
						"0.0": [0.1, 0, -0.1],
						"0.1667": {"pre": [0.1, 0, -0.1], "post": [0, 0, 0]}
					}
				},
				"eye_left": {
					"position": {
						"0.0": [-0.1, 0, 0.1],
						"0.1667": {"pre": [-0.1, 0, 0.1], "post": [0, 0, 0]}
					}
				}
			}
		},
		"animation.nerueon.pose": {
			"loop": true,
			"bones": {
				"body": {
					"rotation": [0, 42.5, 0]
				},
				"head_angle": {
					"rotation": [-13, -36, 23]
				},
				"tail": {
					"rotation": [7.5, 32.5, 0]
				},
				"tail2": {
					"rotation": [17.5, 0, 0]
				},
				"tail3": {
					"rotation": [17.5, 0, 0]
				},
				"front_leg_left": {
					"rotation": [-20, 0, 0]
				},
				"frontpaw_left": {
					"rotation": [22.5, 0, 0]
				},
				"front_leg_right": {
					"rotation": [17.5, 0, 0]
				},
				"elbow_right": {
					"rotation": [-5, 0, 0]
				},
				"frontpaw_right": {
					"rotation": [-12.5, 0, 0]
				},
				"back_leg_left": {
					"rotation": [15, 0, 0]
				},
				"foot_left": {
					"rotation": [-15, 0, 0]
				},
				"ankle_right": {
					"rotation": [-10, 0, 0]
				},
				"foot_right": {
					"rotation": [12.5, 0, 0]
				},
				"bow_neck": {
					"rotation": [-17.5, 0, 0]
				},
				"ear_right": {
					"rotation": [-5, 10, -7.5]
				}
			}
		},
		"animation.nerueon.neutral": {
			"loop": true
		},
		"animation.nerueon.mouth_open": {
			"loop": true,
			"bones": {
				"mouth_open_wide": {
					"position": [0, -0.5, -0.1]
				}
			}
		},
		"animation.nerueon.mouth_open_ooo": {
			"loop": true,
			"bones": {
				"mouth_open_thin": {
					"position": [0, -0.5, -0.1]
				}
			}
		},
		"animation.nerueon.angry": {
			"loop": true,
			"bones": {
				"eye_top_left": {
					"scale": [0.78, 1.2, 1]
				},
				"eyeshine_left": {
					"position": [0, -0.1, 0]
				},
				"eye_top_right": {
					"scale": [0.78, 1.2, 1]
				},
				"eyeshine_right": {
					"position": [0, -0.1, 0]
				},
				"mouth_open_wide": {
					"position": [0, -0.5, -0.1]
				},
				"eye_emote_right": {
					"position": [0, -0.3, 0]
				},
				"eye_emote_right2": {
					"position": [-0.25, 0, 0]
				},
				"eye_emote_left": {
					"position": [0, -0.3, 0]
				},
				"eye_emote_left2": {
					"position": [0.25, 0, 0]
				}
			}
		},
		"animation.nerueon.sad": {
			"loop": true,
			"bones": {
				"eye_emote_left2": {
					"position": [-0.75, 0, 0],
					"scale": [1.225, 1.2, 1]
				},
				"eye_top_right": {
					"position": [0, 0, 0]
				},
				"eye_emote_right2": {
					"position": [0.75, 0, 0],
					"scale": [1.225, 1.2, 1]
				}
			}
		},
		"animation.nerueon.hurt": {
			"loop": true,
			"bones": {
				"eye_left": {
					"position": [-0.1, 0, 0.1]
				},
				"eye_right": {
					"position": [0.1, 0, 0.1]
				},
				"eyelid_hurt_right": {
					"position": [-0.1, 0, -0.1]
				},
				"eyelid_hurt_left": {
					"position": [0.1, 0, -0.1]
				}
			}
		},
		"animation.nerueon.bored": {
			"loop": true,
			"bones": {
				"eye_top_left": {
					"position": [-0.1, 0, 0.1]
				},
				"eyeshine_left": {
					"position": [0, -0.8, 0],
					"scale": [1, 0.4, 1]
				},
				"eye_top_right": {
					"position": [0.1, 0, 0.1]
				},
				"eyeshine_right": {
					"position": [0, -0.8, 0],
					"scale": [1, 0.4, 1]
				},
				"eye_emote_right": {
					"position": [0, -0.5, 0]
				},
				"eye_emote_right2": {
					"position": [0, 0, 0.1]
				},
				"eye_emote_left": {
					"position": [0, -0.5, 0]
				},
				"eye_emote_left2": {
					"position": [0, 0, 0.1]
				}
			}
		},
		"animation.nerueon.judgy": {
			"loop": true,
			"bones": {
				"eye_top_right": {
					"position": [0.1, 0, 0.1]
				},
				"eyeshine_right": {
					"position": [0, -0.8, 0],
					"scale": [1, 0.4, 1]
				},
				"eye_emote_right": {
					"position": [0, -0.5, 0]
				},
				"eye_emote_right2": {
					"position": [0, 0, 0.1]
				}
			}
		},
		"animation.nerueon.happy": {
			"loop": true,
			"bones": {
				"mouth_open_happy": {
					"position": [0, -0.5, -0.1]
				}
			}
		},
		"animation.nerueon.shocked": {
			"loop": true,
			"bones": {
				"mouth_open_wide": {
					"position": [0, -0.5, -0.1]
				},
				"mouth_open_wide_tongue": {
					"position": [0, -0.2, 0]
				},
				"eye_emote_right2": {
					"position": [-0.25, 0, 0],
					"scale": [2.225, 1, 1]
				},
				"eye_emote_left2": {
					"position": [0.25, 0, 0],
					"scale": [2.225, 1, 1]
				}
			}
		},
		"animation.nerueon.render": {
			"loop": true,
			"bones": {
				"baseon": {
					"rotation": [0, 52.5, 0]
				},
				"head_angle": {
					"rotation": [-12.5, -30, 0]
				},
				"mouth_open_happy": {
					"position": [0, 0, -0.1]
				},
				"ear_right": {
					"rotation": [0, 0, 25]
				},
				"ear_right2": {
					"rotation": [-15, 0, 0]
				},
				"ear_right3": {
					"rotation": [-15, 0, 0]
				},
				"tail": {
					"rotation": [30, 0, 0]
				},
				"tail2": {
					"rotation": [22.5, 0, 0]
				},
				"front_leg_left": {
					"rotation": [40, 0, 0]
				},
				"elbow_left": {
					"rotation": [-122.5, 0, 0],
					"position": [0, 0, -2]
				},
				"frontpaw_left": {
					"rotation": [125, 0, 0],
					"position": [0, -1, 0]
				},
				"front_leg_right": {
					"rotation": [-32.5, 0, 0]
				},
				"frontpaw_right": {
					"rotation": [30, 0, 0],
					"position": [0, -1, 0]
				},
				"back_leg_right": {
					"rotation": [-17.5, 0, 0]
				},
				"knee_right": {
					"rotation": [15, 0, 0],
					"position": [0, -1, 0]
				},
				"ankle_right": {
					"rotation": [-10.2867, -4.00264, 4.69469]
				},
				"foot_right": {
					"rotation": [10, 0, 0],
					"position": [0, -1, 0]
				}
			}
		},
		"animation.nerueon.cry": {
			"animation_length": 3,
			"bones": {
				"head_ai": {
					"rotation": {
						"0.0": [0, 0, 0],
						"0.2917": {
							"pre": [10, 0, 0],
							"post": [10, 0, 0],
							"lerp_mode": "catmullrom"
						},
						"0.5833": {
							"post": [-15, 0, 0],
							"lerp_mode": "catmullrom"
						},
						"0.8333": {
							"post": [-17.5, 0, 0],
							"lerp_mode": "catmullrom"
						},
						"3.0": [0, 0, 0]
					}
				},
				"mouth_open_happy": {
					"position": {
						"0.0": [0, 0, 0],
						"0.5833": {"pre": [0, 0, 0], "post": [0, 0, -0.1]},
						"1.25": {"pre": [0, 0, -0.1], "post": [0, 0, 0.9]}
					}
				}
			},
			"sound_effects": {
				"0.5833": {
					"effect": "pokemon.nerueon.cry"
				}
			}
		}
	}
}