{
  "target": "cobblemon:ambipom",
  "abilities": [
    "technician",
    "pickup",
    "h:skilllink"
  ],
  "baseStats": {
    "hp": 75,
    "attack": 100,
    "defence": 66,
    "special_attack": 60,
    "special_defence": 66,
    "speed": 115
  },
  "moves": [
    "1:dualchop",
    "1:mudbomb",
    "1:quickattack",
    "1:tailwhip",
    "8:astonish",
    "12:fakeout",
    "15:tickle",
    "18:furyswipes",
    "22:slam",
    "25:screech",
    "27:acrobatics",
    "29:agility",
    "32:doublehit",
    "36:fling",
    "39:nastyplot",
    "43:lastresort",
    "60:armthrust",
    "egg:agility",
    "egg:beatup",
    "egg:bounce",
    "egg:counter",
    "egg:covet",
    "egg:doubleslap",
    "egg:fakeout",
    "egg:pursuit",
    "egg:quickguard",
    "egg:revenge",
    "egg:screech",
    "egg:slam",
    "egg:spite",
    "egg:switcheroo",
    "egg:tailslap",
    "tm:acrobatics",
    "tm:aerialace",
    "tm:brickbreak",
    "tm:cut",
    "tm:dig",
    "tm:facade",
    "tm:focuspunch",
    "tm:grassknot",
    "tm:hiddenpower",
    "tm:honeclaws",
    "tm:irontail",
    "tm:lowkick",
    "tm:lowsweep",
    "tm:poweruppunch",
    "tm:protect",
    "tm:raindance",
    "tm:rest",
    "tm:return",
    "tm:rocksmash",
    "tm:shadowball",
    "tm:shadowclaw",
    "tm:sleeptalk",
    "tm:solarbeam",
    "tm:strength",
    "tm:substitute",
    "tm:sunnyday",
    "tm:taunt",
    "tm:thief",
    "tm:thunder",
    "tm:thunderbolt",
    "tm:thunderwave",
    "tm:toxic",
    "tm:tripleaxel",
    "tm:uturn",
    "tm:workup",
    "tutor:agility",
    "tutor:batonpass",
    "tutor:bodyslam",
    "tutor:bounce",
    "tutor:confide",
    "tutor:covet",
    "tutor:encore",
    "tutor:faketears",
    "tutor:firepunch",
    "tutor:foulplay",
    "tutor:gunkshot",
    "tutor:icepunch",
    "tutor:knockoff",
    "tutor:laserfocus",
    "tutor:lastresort",
    "tutor:lowkick",
    "tutor:nastyplot",
    "tutor:roleplay",
    "tutor:screech",
    "tutor:seedbomb",
    "tutor:snatch",
    "tutor:snore",
    "tutor:spite",
    "tutor:tailslap",
    "tutor:thunderpunch",
    "tutor:uproar",
    "tutor:trailblaze"
  ]
}