{
  "target": "cobblemon:arceus",
  "abilities": [
    "multitype"
  ],
  "baseStats": {
    "hp": 120,
    "attack": 120,
    "defence": 120,
    "special_attack": 120,
    "special_defence": 120,
    "speed": 120
  },
  "moves": [
    "1:cosmicpower",
    "1:naturalgift",
    "1:punishment",
    "1:seismictoss",
    "10:gravity",
    "20:earthpower",
    "30:hypervoice",
    "40:extremespeed",
    "50:refresh",
    "60:futuresight",
    "70:recover",
    "80:hyperbeam",
    "90:perishsong",
    "100:judgment",
    "tm:aerialace",
    "tm:blizzard",
    "tm:bodypress",
    "tm:bravebird",
    "tm:brickbreak",
    "tm:bulldoze",
    "tm:bulletseed",
    "tm:calmmind",
    "tm:chargebeam",
    "tm:coaching",
    "tm:cosmicpower",
    "tm:cut",
    "tm:darkpulse",
    "tm:defog",
    "tm:dracobarrage",
    "tm:dragonclaw",
    "tm:dragonpulse",
    "tm:drainingkiss",
    "tm:dualwingbeat",
    "tm:earthquake",
    "tm:energyball",
    "tm:expandingforce",
    "tm:facade",
    "tm:fireblast",
    "tm:flamethrower",
    "tm:flash",
    "tm:flashcannon",
    "tm:flipturn",
    "tm:fly",
    "tm:focusblast",
    "tm:aurasphere",
    "tm:frostbreath",
    "tm:futuresight",
    "tm:gigadrain",
    "tm:grassknot",
    "tm:grassyglide",
    "tm:snowscape",
    "tm:hiddenpower",
    "tm:honeclaws",
    "tm:hypervoice",
    "tm:icebeam",
    "tm:icywind",
    "tm:irontail",
    "tm:lightscreen",
    "tm:mistyexplosion",
    "tm:overheat",
    "tm:poisonjab",
    "tm:protect",
    "tm:psychic",
    "tm:psyshock",
    "tm:raindance",
    "tm:reflect",
    "tm:rest",
    "tm:return",
    "tm:roar",
    "tm:rockclimb",
    "tm:rockslide",
    "tm:rocksmash",
    "tm:rocktomb",
    "tm:sandstorm",
    "tm:shadowball",
    "tm:shadowclaw",
    "tm:sleeptalk",
    "tm:sludgebomb",
    "tm:snarl",
    "tm:solarbeam",
    "tm:stealthrock",
    "tm:steelbeam",
    "tm:stoneedge",
    "tm:strength",
    "tm:substitute",
    "tm:sunnyday",
    "tm:surf",
    "tm:swordsdance",
    "tm:terrainpulse",
    "tm:thunder",
    "tm:thunderbolt",
    "tm:thunderwave",
    "tm:toxic",
    "tm:trailblaze",
    "tm:trickroom",
    "tm:tripleaxel",
    "tm:waterfall",
    "tm:willowisp",
    "tm:workup",
    "tm:xscissor",
    "tm:supercellslam",
    "tutor:aquatail",
    "tutor:confide",
    "tutor:cosmicpower",
    "tutor:darkhole",
    "tutor:dracometeor",
    "tutor:earthpower",
    "tutor:gravity",
    "tutor:heatwave",
    "tutor:hypervoice",
    "tutor:icywind",
    "tutor:irondefense",
    "tutor:ironhead",
    "tutor:laserfocus",
    "tutor:lastresort",
    "tutor:liquidation",
    "tutor:magiccoat",
    "tutor:outrage",
    "tutor:psychup",
    "tutor:signalbeam",
    "tutor:snore",
    "tutor:tailwind",
    "tutor:trick",
    "tutor:whirlpool",
    "tutor:zenheadbutt",
    "tutor:meteorbeam"
  ]
}