{
  "target": "cobblemon:azelf",
  "abilities": [
    "levitate"
  ],
  "baseStats": {
    "hp": 75,
    "attack": 125,
    "defence": 70,
    "special_attack": 125,
    "special_defence": 70,
    "speed": 115
  },
  "moves": [
    "1:confusion",
    "1:lastresort",
    "1:naturalgift",
    "1:rest",
    "6:imprison",
    "16:detect",
    "21:swift",
    "31:uproar",
    "36:futuresight",
    "42:mysticalpower",
    "46:nastyplot",
    "50:extrasensory",
    "76:explosion",
    "tm:acrobatics",
    "tm:calmmind",
    "tm:chargebeam",
    "tm:dazzlinggleam",
    "tm:drainingkiss",
    "tm:drainpunch",
    "tm:energyball",
    "tm:expandingforce",
    "tm:explosion",
    "tm:facade",
    "tm:fireblast",
    "tm:flamethrower",
    "tm:flash",
    "tm:futuresight",
    "tm:grassknot",
    "tm:hiddenpower",
    "tm:irontail",
    "tm:lightscreen",
    "tm:poweruppunch",
    "tm:protect",
    "tm:psychic",
    "tm:psyshock",
    "tm:raindance",
    "tm:reflect",
    "tm:rest",
    "tm:return",
    "tm:sandstorm",
    "tm:shadowball",
    "tm:sleeptalk",
    "tm:stealthrock",
    "tm:substitute",
    "tm:sunnyday",
    "tm:taunt",
    "tm:thunder",
    "tm:thunderbolt",
    "tm:thunderwave",
    "tm:toxic",
    "tm:trickroom",
    "tm:uturn",
    "tm:psychicnoise",
    "tutor:batonpass",
    "tutor:confide",
    "tutor:encore",
    "tutor:firepunch",
    "tutor:helpinghand",
    "tutor:icepunch",
    "tutor:knockoff",
    "tutor:laserfocus",
    "tutor:lastresort",
    "tutor:magiccoat",
    "tutor:magicroom",
    "tutor:nastyplot",
    "tutor:playrough",
    "tutor:psychocut",
    "tutor:psychup",
    "tutor:roleplay",
    "tutor:signalbeam",
    "tutor:snore",
    "tutor:storedpower",
    "tutor:thunderpunch",
    "tutor:trick",
    "tutor:uproar",
    "tutor:wonderroom",
    "tutor:zenheadbutt"
  ]
}