{
  "target": "cobblemon:bastiodon",
  "abilities": [
    "dauntlessshield",
    "h:soundproof"
  ],
  "baseStats": {
    "hp": 60,
    "attack": 52,
    "defence": 168,
    "special_attack": 47,
    "special_defence": 138,
    "speed": 30
  },
  "moves": [
    "1:block",
    "1:detect",
    "1:earthquake",
    "1:endure",
    "1:metalsound",
    "1:tackle",
    "6:taunt",
    "15:takedown",
    "19:irondefense",
    "24:swagger",
    "28:ancientpower",
    "36:stoneedge",
    "40:metalburst",
    "44:bodypress",
    "47:ironhead",
    "50:heavyslam",
    "egg:bodyslam",
    "egg:counter",
    "egg:curse",
    "egg:doubleedge",
    "egg:focusenergy",
    "egg:guardsplit",
    "egg:headbutt",
    "egg:rockblast",
    "egg:scaryface",
    "egg:screech",
    "egg:stealthrock",
    "egg:wideguard",
    "tm:blizzard",
    "tm:bodypress",
    "tm:bulldoze",
    "tm:dig",
    "tm:earthquake",
    "tm:facade",
    "tm:fireblast",
    "tm:flamethrower",
    "tm:flashcannon",
    "tm:hiddenpower",
    "tm:icebeam",
    "tm:irontail",
    "tm:meteorbeam",
    "tm:protect",
    "tm:raindance",
    "tm:rest",
    "tm:return",
    "tm:roar",
    "tm:rockpolish",
    "tm:rockslide",
    "tm:rocksmash",
    "tm:rocktomb",
    "tm:sandstorm",
    "tm:scorchingsands",
    "tm:sleeptalk",
    "tm:stealthrock",
    "tm:steelbeam",
    "tm:stoneedge",
    "tm:strength",
    "tm:substitute",
    "tm:sunnyday",
    "tm:taunt",
    "tm:thunder",
    "tm:thunderbolt",
    "tm:toxic",
    "tutor:block",
    "tutor:bodyslam",
    "tutor:confide",
    "tutor:earthpower",
    "tutor:focusenergy",
    "tutor:heavyslam",
    "tutor:irondefense",
    "tutor:ironhead",
    "tutor:magiccoat",
    "tutor:magnetrise",
    "tutor:outrage",
    "tutor:rockblast",
    "tutor:scaryface",
    "tutor:screech",
    "tutor:snore",
    "tutor:stompingtantrum"
  ]
}