{
  "target": "cobblemon:bibarel",
  "abilities": [
    "simple",
    "unaware"
  ],
  "baseStats": {
    "hp": 79,
    "attack": 85,
    "defence": 80,
    "special_attack": 55,
    "special_defence": 80,
    "speed": 50
  },
  "moves": [
    "1:aquajet",
    "1:growl",
    "1:rototiller",
    "1:tackle",
    "1:watergun",
    "5:defensecurl",
    "9:rollout",
    "13:headbutt",
    "18:hyperfang",
    "23:yawn",
    "28:crunch",
    "33:skullbash",
    "38:superfang",
    "43:swordsdance",
    "48:amnesia",
    "53:superpower",
    "58:curse",
    "egg:defensecurl",
    "egg:endure",
    "egg:furyswipes",
    "egg:mudsport",
    "egg:odorsleuth",
    "egg:quickattack",
    "egg:rollout",
    "egg:sleeptalk",
    "egg:watersport",
    "tm:blizzard",
    "tm:bulldoze",
    "tm:chargebeam",
    "tm:cut",
    "tm:dig",
    "tm:facade",
    "tm:focuspunch",
    "tm:grassknot",
    "tm:hiddenpower",
    "tm:icebeam",
    "tm:icywind",
    "tm:irontail",
    "tm:pluck",
    "tm:protect",
    "tm:raindance",
    "tm:rest",
    "tm:return",
    "tm:rockclimb",
    "tm:rocksmash",
    "tm:scald",
    "tm:shadowball",
    "tm:sleeptalk",
    "tm:stealthrock",
    "tm:strength",
    "tm:substitute",
    "tm:sunnyday",
    "tm:superpower",
    "tm:surf",
    "tm:swordsdance",
    "tm:taunt",
    "tm:thief",
    "tm:thunder",
    "tm:thunderbolt",
    "tm:thunderwave",
    "tm:toxic",
    "tm:waterfall",
    "tm:workup",
    "tutor:aquatail",
    "tutor:confide",
    "tutor:covet",
    "tutor:crunch",
    "tutor:icywind",
    "tutor:lastresort",
    "tutor:liquidation",
    "tutor:snore",
    "tutor:stompingtantrum",
    "tutor:superfang",
    "tutor:superpower",
    "tutor:whirlpool"
  ]
}