{
  "target": "cobblemon:bidoof",
  "abilities": [
    "simple",
    "unaware"
  ],
  "baseStats": {
    "hp": 59,
    "attack": 45,
    "defence": 40,
    "special_attack": 35,
    "special_defence": 40,
    "speed": 31
  },
  "moves": [
    "1:growl",
    "1:quickattack",
    "5:defensecurl",
    "9:rollout",
    "13:headbutt",
    "17:hyperfang",
    "21:yawn",
    "25:crunch",
    "29:skullbash",
    "33:superfang",
    "37:swordsdance",
    "41:amnesia",
    "45:superpower",
    "49:curse",
    "egg:defensecurl",
    "egg:endure",
    "egg:furyswipes",
    "egg:mudsport",
    "egg:odorsleuth",
    "egg:quickattack",
    "egg:rollout",
    "egg:sleeptalk",
    "egg:watersport",
    "tm:blizzard",
    "tm:chargebeam",
    "tm:cut",
    "tm:dig",
    "tm:facade",
    "tm:grassknot",
    "tm:hiddenpower",
    "tm:icebeam",
    "tm:icywind",
    "tm:irontail",
    "tm:pluck",
    "tm:protect",
    "tm:raindance",
    "tm:rest",
    "tm:return",
    "tm:rocksmash",
    "tm:shadowball",
    "tm:sleeptalk",
    "tm:stealthrock",
    "tm:substitute",
    "tm:sunnyday",
    "tm:superpower",
    "tm:swordsdance",
    "tm:taunt",
    "tm:thief",
    "tm:thunder",
    "tm:thunderbolt",
    "tm:thunderwave",
    "tm:toxic",
    "tm:workup",
    "tutor:aquatail",
    "tutor:confide",
    "tutor:covet",
    "tutor:crunch",
    "tutor:icywind",
    "tutor:lastresort",
    "tutor:snore",
    "tutor:superfang",
    "tutor:superpower"
  ]
}