{
  "target": "cobblemon:bonsly",
  "abilities": [
    "sturdy",
    "rockhead"
  ],
  "baseStats": {
    "hp": 50,
    "attack": 80,
    "defence": 95,
    "special_attack": 10,
    "special_defence": 45,
    "speed": 10
  },
  "moves": [
    "1:copycat",
    "1:faketears",
    "5:flail",
    "8:lowkick",
    "12:rockthrow",
    "15:mimic",
    "19:feintattack",
    "22:tearfullook",
    "26:rocktomb",
    "29:block",
    "33:rockslide",
    "36:counter",
    "40:suckerpunch",
    "43:doubleedge",
    "egg:curse",
    "egg:defensecurl",
    "egg:endure",
    "egg:harden",
    "egg:headbutt",
    "egg:rollout",
    "egg:sandtomb",
    "egg:selfdestruct",
    "egg:stealthrock",
    "tm:brickbreak",
    "tm:calmmind",
    "tm:dig",
    "tm:explosion",
    "tm:facade",
    "tm:hiddenpower",
    "tm:lowkick",
    "tm:protect",
    "tm:rest",
    "tm:return",
    "tm:rockpolish",
    "tm:rockslide",
    "tm:rocktomb",
    "tm:sandstorm",
    "tm:scorchingsands",
    "tm:sleeptalk",
    "tm:stealthrock",
    "tm:substitute",
    "tm:sunnyday",
    "tm:thief",
    "tm:toxic",
    "tm:trailblaze",
    "tutor:afteryou",
    "tutor:block",
    "tutor:confide",
    "tutor:covet",
    "tutor:earthpower",
    "tutor:faketears",
    "tutor:foulplay",
    "tutor:helpinghand",
    "tutor:lowkick",
    "tutor:psychup",
    "tutor:roleplay",
    "tutor:sandtomb",
    "tutor:snore",
    "tutor:stompingtantrum",
    "tutor:uproar"
  ]
}