{
  "target": "cobblemon:bronzong",
  "abilities": [
    "levitate",
    "heatproof",
    "h:heavymetal"
  ],
  "baseStats": {
    "hp": 67,
    "attack": 89,
    "defence": 116,
    "special_attack": 79,
    "special_defence": 116,
    "speed": 33
  },
  "moves": [
    "1:block",
    "1:confusion",
    "1:hypnosis",
    "1:imprison",
    "1:psyshieldbash",
    "1:raindance",
    "1:sunnyday",
    "1:tackle",
    "11:confuseray",
    "15:psywave",
    "19:irondefense",
    "21:feintattack",
    "23:psybeam",
    "25:safeguard",
    "29:futuresight",
    "31:metalsound",
    "36:gyroball",
    "42:extrasensory",
    "45:payback",
    "48:healblock",
    "51:heavyslam",
    "54:spinout",
    "tm:bodypress",
    "tm:bulldoze",
    "tm:calmmind",
    "tm:chargebeam",
    "tm:earthquake",
    "tm:expandingforce",
    "tm:explosion",
    "tm:facade",
    "tm:flash",
    "tm:flashcannon",
    "tm:futuresight",
    "tm:grassknot",
    "tm:gyroball",
    "tm:hiddenpower",
    "tm:icespinner",
    "tm:lightscreen",
    "tm:meteorbeam",
    "tm:protect",
    "tm:psychic",
    "tm:psyshock",
    "tm:raindance",
    "tm:reflect",
    "tm:rest",
    "tm:return",
    "tm:rockpolish",
    "tm:rockslide",
    "tm:rocksmash",
    "tm:rocktomb",
    "tm:sandstorm",
    "tm:shadowball",
    "tm:sleeptalk",
    "tm:solarbeam",
    "tm:stealthrock",
    "tm:steelbeam",
    "tm:steelroller",
    "tm:strength",
    "tm:substitute",
    "tm:sunnyday",
    "tm:teleport",
    "tm:toxic",
    "tm:trickroom",
    "tm:psychicnoise",
    "tutor:block",
    "tutor:bodypress",
    "tutor:confide",
    "tutor:gravity",
    "tutor:heavyslam",
    "tutor:hex",
    "tutor:irondefense",
    "tutor:ironhead",
    "tutor:psychicterrain",
    "tutor:psychup",
    "tutor:signalbeam",
    "tutor:snore",
    "tutor:trick",
    "tutor:weatherball",
    "tutor:wonderroom",
    "tutor:zenheadbutt"
  ]
}