{
  "target": "cobblemon:bronzor",
  "abilities": [
    "levitate",
    "heatproof",
    "h:heavymetal"
  ],
  "baseStats": {
    "hp": 57,
    "attack": 24,
    "defence": 86,
    "special_attack": 24,
    "special_defence": 86,
    "speed": 23
  },
  "moves": [
    "1:confusion",
    "1:tackle",
    "5:hypnosis",
    "9:imprison",
    "11:confuseray",
    "15:psywave",
    "19:irondefense",
    "21:feintattack",
    "23:psybeam",
    "25:safeguard",
    "29:futuresight",
    "31:metalsound",
    "35:gyroball",
    "39:extrasensory",
    "41:payback",
    "45:healblock",
    "49:heavyslam",
    "tm:bulldoze",
    "tm:calmmind",
    "tm:chargebeam",
    "tm:earthquake",
    "tm:expandingforce",
    "tm:facade",
    "tm:flash",
    "tm:flashcannon",
    "tm:futuresight",
    "tm:grassknot",
    "tm:gyroball",
    "tm:hiddenpower",
    "tm:icespinner",
    "tm:lightscreen",
    "tm:protect",
    "tm:psychic",
    "tm:psyshock",
    "tm:raindance",
    "tm:reflect",
    "tm:rest",
    "tm:return",
    "tm:rockpolish",
    "tm:rockslide",
    "tm:rocktomb",
    "tm:sandstorm",
    "tm:shadowball",
    "tm:sleeptalk",
    "tm:solarbeam",
    "tm:stealthrock",
    "tm:steelbeam",
    "tm:steelroller",
    "tm:substitute",
    "tm:sunnyday",
    "tm:teleport",
    "tm:toxic",
    "tm:trickroom",
    "tm:psychicnoise",
    "tutor:confide",
    "tutor:gravity",
    "tutor:heavyslam",
    "tutor:hex",
    "tutor:irondefense",
    "tutor:psychup",
    "tutor:signalbeam",
    "tutor:snore",
    "tutor:trick",
    "tutor:wonderroom"
  ]
}