{
  "target": "cobblemon:budew",
  "abilities": [
    "naturalcure",
    "poisontouch",
    "h:leafguard"
  ],
  "baseStats": {
    "hp": 40,
    "attack": 30,
    "defence": 35,
    "special_attack": 50,
    "special_defence": 70,
    "speed": 55
  },
  "moves": [
    "1:absorb",
    "1:acid",
    "4:growth",
    "7:watersport",
    "10:stunspore",
    "13:megadrain",
    "16:worryseed",
    "egg:clearsmog",
    "egg:cottonspore",
    "egg:extrasensory",
    "egg:grasswhistle",
    "egg:mindreader",
    "egg:pinmissile",
    "egg:razorleaf",
    "egg:seedbomb",
    "egg:sleeppowder",
    "egg:spikes",
    "egg:synthesis",
    "tm:bulletseed",
    "tm:cut",
    "tm:dazzlinggleam",
    "tm:energyball",
    "tm:facade",
    "tm:flash",
    "tm:gigadrain",
    "tm:grassknot",
    "tm:hiddenpower",
    "tm:protect",
    "tm:raindance",
    "tm:rest",
    "tm:return",
    "tm:shadowball",
    "tm:sleeptalk",
    "tm:sludgebomb",
    "tm:solarbeam",
    "tm:spikes",
    "tm:substitute",
    "tm:sunnyday",
    "tm:swordsdance",
    "tm:toxic",
    "tm:venoshock",
    "tutor:confide",
    "tutor:covet",
    "tutor:leafstorm",
    "tutor:pinmissile",
    "tutor:psychup",
    "tutor:seedbomb",
    "tutor:snore",
    "tutor:spikes",
    "tutor:synthesis",
    "tutor:uproar",
    "tutor:weatherball",
    "tutor:worryseed"
  ]
}