{
  "target": "cobblemon:buizel",
  "abilities": [
    "waterveil",
    "h:technician"
  ],
  "baseStats": {
    "hp": 55,
    "attack": 65,
    "defence": 35,
    "special_attack": 60,
    "special_defence": 30,
    "speed": 85
  },
  "moves": [
    "1:sonicboom",
    "4:growl",
    "7:watersport",
    "11:quickattack",
    "15:watergun",
    "18:pursuit",
    "21:swift",
    "24:aquajet",
    "27:doublehit",
    "31:whirlpool",
    "35:razorwind",
    "38:aquatail",
    "41:agility",
    "45:hydropump",
    "egg:aquaring",
    "egg:aquatail",
    "egg:doubleslap",
    "egg:furycutter",
    "egg:furyswipes",
    "egg:headbutt",
    "egg:helpinghand",
    "egg:mefirst",
    "egg:mudslap",
    "egg:odorsleuth",
    "egg:slash",
    "egg:soak",
    "egg:switcheroo",
    "egg:tailslap",
    "tm:blizzard",
    "tm:brickbreak",
    "tm:bulkup",
    "tm:dig",
    "tm:facade",
    "tm:flipturn",
    "tm:focuspunch",
    "tm:snowscape",
    "tm:hiddenpower",
    "tm:icebeam",
    "tm:icespinner",
    "tm:icywind",
    "tm:irontail",
    "tm:poweruppunch",
    "tm:protect",
    "tm:raindance",
    "tm:rest",
    "tm:return",
    "tm:rocksmash",
    "tm:rocktomb",
    "tm:scald",
    "tm:sleeptalk",
    "tm:strength",
    "tm:substitute",
    "tm:surf",
    "tm:toxic",
    "tm:waterfall",
    "tutor:agility",
    "tutor:aquatail",
    "tutor:batonpass",
    "tutor:confide",
    "tutor:helpinghand",
    "tutor:hydropump",
    "tutor:icepunch",
    "tutor:icywind",
    "tutor:snore",
    "tutor:tailslap",
    "tutor:whirlpool"
  ]
}