{
  "target": "cobblemon:buneary",
  "abilities": [
    "runaway",
    "h:limber"
  ],
  "baseStats": {
    "hp": 55,
    "attack": 66,
    "defence": 44,
    "special_attack": 44,
    "special_defence": 56,
    "speed": 85
  },
  "moves": [
    "1:defensecurl",
    "1:fakeout",
    "1:foresight",
    "1:frustration",
    "6:endure",
    "13:babydolleyes",
    "16:quickattack",
    "23:jumpkick",
    "26:machpunch",
    "33:agility",
    "36:dizzypunch",
    "43:afteryou",
    "46:charm",
    "50:entrainment",
    "56:bounce",
    "63:healingwish",
    "69:doubleedge",
    "egg:circlethrow",
    "egg:copycat",
    "egg:cosmicpower",
    "egg:doublehit",
    "egg:encore",
    "egg:fakeout",
    "egg:faketears",
    "egg:firepunch",
    "egg:flail",
    "egg:focuspunch",
    "egg:icepunch",
    "egg:lowkick",
    "egg:mudsport",
    "egg:poweruppunch",
    "egg:skyuppercut",
    "egg:sweetkiss",
    "egg:switcheroo",
    "egg:teeterdance",
    "egg:thunderpunch",
    "tm:chargebeam",
    "tm:cosmicpower",
    "tm:cut",
    "tm:dig",
    "tm:drainpunch",
    "tm:facade",
    "tm:focuspunch",
    "tm:grassknot",
    "tm:hiddenpower",
    "tm:hypervoice",
    "tm:icebeam",
    "tm:irontail",
    "tm:lowkick",
    "tm:lowsweep",
    "tm:poweruppunch",
    "tm:protect",
    "tm:raindance",
    "tm:rest",
    "tm:return",
    "tm:rocksmash",
    "tm:shadowball",
    "tm:sleeptalk",
    "tm:solarbeam",
    "tm:substitute",
    "tm:sunnyday",
    "tm:thunderbolt",
    "tm:thunderwave",
    "tm:toxic",
    "tm:workup",
    "tutor:afteryou",
    "tutor:agility",
    "tutor:batonpass",
    "tutor:bounce",
    "tutor:confide",
    "tutor:cosmicpower",
    "tutor:covet",
    "tutor:encore",
    "tutor:endeavor",
    "tutor:faketears",
    "tutor:firepunch",
    "tutor:healbell",
    "tutor:helpinghand",
    "tutor:hypervoice",
    "tutor:icepunch",
    "tutor:lastresort",
    "tutor:lowkick",
    "tutor:magiccoat",
    "tutor:playrough",
    "tutor:snore",
    "tutor:thunderpunch",
    "tutor:uproar"
  ]
}