{
  "target": "cobblemon:carnivine",
  "abilities": [
    "levitate"
  ],
  "baseStats": {
    "hp": 89,
    "attack": 100,
    "defence": 82,
    "special_attack": 55,
    "special_defence": 82,
    "speed": 46
  },
  "moves": [
    "1:bind",
    "1:growth",
    "7:bite",
    "11:vinewhip",
    "17:sweetscent",
    "21:ingrain",
    "27:feintattack",
    "31:leaftornado",
    "37:spitup",
    "37:stockpile",
    "37:swallow",
    "41:crunch",
    "47:wringout",
    "50:powerwhip",
    "egg:acidspray",
    "egg:gigadrain",
    "egg:grasswhistle",
    "egg:leechseed",
    "egg:magicalleaf",
    "egg:ragepowder",
    "egg:razorleaf",
    "egg:slam",
    "egg:sleeppowder",
    "egg:stunspore",
    "egg:synthesis",
    "egg:worryseed",
    "tm:bulletseed",
    "tm:cut",
    "tm:defog",
    "tm:energyball",
    "tm:facade",
    "tm:flash",
    "tm:gigadrain",
    "tm:grassknot",
    "tm:grassyglide",
    "tm:hiddenpower",
    "tm:leechlife",
    "tm:protect",
    "tm:rest",
    "tm:return",
    "tm:sleeptalk",
    "tm:sludgebomb",
    "tm:solarbeam",
    "tm:substitute",
    "tm:sunnyday",
    "tm:swordsdance",
    "tm:thief",
    "tm:toxic",
    "tutor:bugbite",
    "tutor:confide",
    "tutor:crunch",
    "tutor:gastroacid",
    "tutor:knockoff",
    "tutor:powerwhip",
    "tutor:seedbomb",
    "tutor:snore",
    "tutor:synthesis",
    "tutor:throatchop",
    "tutor:worryseed"
  ]
}