{
  "target": "cobblemon:chatot",
  "abilities": [
    "punkrock",
    "h:frisk"
  ],
  "baseStats": {
    "hp": 76,
    "attack": 65,
    "defence": 45,
    "special_attack": 92,
    "special_defence": 42,
    "speed": 101
  },
  "moves": [
    "1:chatter",
    "1:confide",
    "1:hypervoice",
    "1:peck",
    "1:taunt",
    "5:growl",
    "9:mirrormove",
    "13:sing",
    "17:furyattack",
    "21:round",
    "33:mimic",
    "37:echoedvoice",
    "41:roost",
    "45:boomburst",
    "49:synchronoise",
    "50:featherdance",
    "egg:agility",
    "egg:aircutter",
    "egg:boomburst",
    "egg:defog",
    "egg:encore",
    "egg:nastyplot",
    "egg:nightshade",
    "egg:sleeptalk",
    "egg:steelwing",
    "egg:supersonic",
    "tm:aerialace",
    "tm:bravebird",
    "tm:defog",
    "tm:dualwingbeat",
    "tm:facade",
    "tm:fly",
    "tm:hiddenpower",
    "tm:hypervoice",
    "tm:pluck",
    "tm:protect",
    "tm:raindance",
    "tm:rest",
    "tm:return",
    "tm:roost",
    "tm:sleeptalk",
    "tm:steelwing",
    "tm:substitute",
    "tm:sunnyday",
    "tm:taunt",
    "tm:thief",
    "tm:toxic",
    "tm:uturn",
    "tm:workup",
    "tm:alluringvoice",
    "tutor:agility",
    "tutor:confide",
    "tutor:encore",
    "tutor:heatwave",
    "tutor:hypervoice",
    "tutor:nastyplot",
    "tutor:playrough",
    "tutor:roleplay",
    "tutor:skyattack",
    "tutor:snore",
    "tutor:tailwind",
    "tutor:uproar"
  ]
}