{
  "target": "cobblemon:cherrim",
  "abilities": [
    "flowergift"
  ],
  "baseStats": {
    "hp": 70,
    "attack": 100,
    "defence": 70,
    "special_attack": 87,
    "special_defence": 78,
    "speed": 85
  },
  "moves": [
    "1:growth",
    "1:leechseed",
    "1:morningsun",
    "1:petaldance",
    "1:tackle",
    "13:helpinghand",
    "16:sleeppowder",
    "19:magicalleaf",
    "22:sunnyday",
    "30:worryseed",
    "35:takedown",
    "43:solarblade",
    "48:luckychant",
    "50:petalblizzard",
    "55:gravapple",
    "58:doubleedge",
    "egg:aromatherapy",
    "egg:defensecurl",
    "egg:flowershield",
    "egg:grasswhistle",
    "egg:grassyterrain",
    "egg:healingwish",
    "egg:healpulse",
    "egg:naturalgift",
    "egg:naturepower",
    "egg:razorleaf",
    "egg:rollout",
    "egg:seedbomb",
    "egg:sweetscent",
    "egg:tickle",
    "egg:weatherball",
    "tm:bulletseed",
    "tm:dazzlinggleam",
    "tm:drainingkiss",
    "tm:energyball",
    "tm:facade",
    "tm:flash",
    "tm:gigadrain",
    "tm:grassknot",
    "tm:grassyglide",
    "tm:hiddenpower",
    "tm:protect",
    "tm:rest",
    "tm:return",
    "tm:sleeptalk",
    "tm:solarbeam",
    "tm:solarblade",
    "tm:substitute",
    "tm:sunnyday",
    "tm:swordsdance",
    "tm:toxic",
    "tm:xscissor",
    "tutor:confide",
    "tutor:grassyterrain",
    "tutor:helpinghand",
    "tutor:laserfocus",
    "tutor:playrough",
    "tutor:pollenpuff",
    "tutor:seedbomb",
    "tutor:snore",
    "tutor:solarblade",
    "tutor:synthesis",
    "tutor:weatherball",
    "tutor:worryseed"
  ]
}