{
  "target": "cobblemon:cherubi",
  "abilities": [
    "chlorophyll"
  ],
  "baseStats": {
    "hp": 45,
    "attack": 35,
    "defence": 45,
    "special_attack": 62,
    "special_defence": 53,
    "speed": 35
  },
  "moves": [
    "1:morningsun",
    "1:stunspore",
    "1:tackle",
    "7:growth",
    "10:leechseed",
    "13:helpinghand",
    "16:sleeppowder",
    "19:magicalleaf",
    "22:sunnyday",
    "28:worryseed",
    "31:takedown",
    "37:solarbeam",
    "40:luckychant",
    "47:petalblizzard",
    "50:gravapple",
    "53:doubleedge",
    "egg:aromatherapy",
    "egg:defensecurl",
    "egg:flowershield",
    "egg:grasswhistle",
    "egg:grassyterrain",
    "egg:healingwish",
    "egg:healpulse",
    "egg:naturalgift",
    "egg:naturepower",
    "egg:razorleaf",
    "egg:rollout",
    "egg:seedbomb",
    "egg:sweetscent",
    "egg:tickle",
    "egg:weatherball",
    "tm:bulletseed",
    "tm:dazzlinggleam",
    "tm:drainingkiss",
    "tm:energyball",
    "tm:facade",
    "tm:flash",
    "tm:gigadrain",
    "tm:grassknot",
    "tm:grassyglide",
    "tm:hiddenpower",
    "tm:protect",
    "tm:rest",
    "tm:return",
    "tm:sleeptalk",
    "tm:solarbeam",
    "tm:substitute",
    "tm:sunnyday",
    "tm:swordsdance",
    "tm:toxic",
    "tutor:confide",
    "tutor:grassyterrain",
    "tutor:helpinghand",
    "tutor:pollenpuff",
    "tutor:seedbomb",
    "tutor:snore",
    "tutor:synthesis",
    "tutor:weatherball",
    "tutor:worryseed"
  ]
}