{
  "target": "cobblemon:chimchar",
  "abilities": [
    "blaze",
    "h:ironfist"
  ],
  "baseStats": {
    "hp": 44,
    "attack": 58,
    "defence": 44,
    "special_attack": 58,
    "special_defence": 44,
    "speed": 61
  },
  "moves": [
    "1:leer",
    "1:scratch",
    "7:ember",
    "9:taunt",
    "15:flamewheel",
    "17:flameburst",
    "23:nastyplot",
    "25:torment",
    "26:lowsweep",
    "31:facade",
    "33:firespin",
    "39:acrobatics",
    "41:slackoff",
    "47:flamethrower",
    "egg:assist",
    "egg:blazekick",
    "egg:counter",
    "egg:doublekick",
    "egg:encore",
    "egg:fakeout",
    "egg:firepunch",
    "egg:focusenergy",
    "egg:focuspunch",
    "egg:heatwave",
    "egg:helpinghand",
    "egg:poweruppunch",
    "egg:quickguard",
    "egg:submission",
    "egg:thunderpunch",
    "tm:acrobatics",
    "tm:aerialace",
    "tm:brickbreak",
    "tm:bulkup",
    "tm:cut",
    "tm:dig",
    "tm:facade",
    "tm:fireblast",
    "tm:flamecharge",
    "tm:flamethrower",
    "tm:focuspunch",
    "tm:grassknot",
    "tm:hiddenpower",
    "tm:honeclaws",
    "tm:irontail",
    "tm:lowkick",
    "tm:lowsweep",
    "tm:overheat",
    "tm:poweruppunch",
    "tm:protect",
    "tm:rest",
    "tm:return",
    "tm:rockclimb",
    "tm:rocksmash",
    "tm:scorchingsands",
    "tm:shadowclaw",
    "tm:sleeptalk",
    "tm:stealthrock",
    "tm:strength",
    "tm:substitute",
    "tm:sunnyday",
    "tm:swordsdance",
    "tm:taunt",
    "tm:toxic",
    "tm:uturn",
    "tm:willowisp",
    "tm:workup",
    "tm:temperflare",
    "tutor:blazekick",
    "tutor:confide",
    "tutor:covet",
    "tutor:encore",
    "tutor:endeavor",
    "tutor:firepledge",
    "tutor:firepunch",
    "tutor:firespin",
    "tutor:focusenergy",
    "tutor:gunkshot",
    "tutor:heatwave",
    "tutor:helpinghand",
    "tutor:lowkick",
    "tutor:nastyplot",
    "tutor:roleplay",
    "tutor:snore",
    "tutor:thunderpunch",
    "tutor:uproar",
    "tutor:vacuumwave"
  ]
}