{
  "target": "cobblemon:chingling",
  "abilities": [
    "levitate"
  ],
  "baseStats": {
    "hp": 45,
    "attack": 30,
    "defence": 50,
    "special_attack": 65,
    "special_defence": 50,
    "speed": 45
  },
  "moves": [
    "1:wrap",
    "4:growl",
    "7:astonish",
    "10:confusion",
    "13:yawn",
    "16:lastresort",
    "19:entrainment",
    "32:uproar",
    "egg:cosmicpower",
    "egg:curse",
    "egg:disable",
    "egg:futuresight",
    "egg:hypnosis",
    "egg:recover",
    "egg:skillswap",
    "egg:storedpower",
    "egg:wish",
    "tm:calmmind",
    "tm:chargebeam",
    "tm:cosmicpower",
    "tm:dazzlinggleam",
    "tm:expandingforce",
    "tm:facade",
    "tm:flash",
    "tm:futuresight",
    "tm:grassknot",
    "tm:hiddenpower",
    "tm:hypervoice",
    "tm:icywind",
    "tm:lightscreen",
    "tm:protect",
    "tm:psychic",
    "tm:psyshock",
    "tm:raindance",
    "tm:reflect",
    "tm:rest",
    "tm:return",
    "tm:shadowball",
    "tm:sleeptalk",
    "tm:substitute",
    "tm:sunnyday",
    "tm:taunt",
    "tm:thunderwave",
    "tm:toxic",
    "tm:trickroom",
    "tm:psychicnoise",
    "tutor:confide",
    "tutor:cosmicpower",
    "tutor:gravity",
    "tutor:healbell",
    "tutor:helpinghand",
    "tutor:hypervoice",
    "tutor:icywind",
    "tutor:knockoff",
    "tutor:lastresort",
    "tutor:magiccoat",
    "tutor:psychup",
    "tutor:signalbeam",
    "tutor:snatch",
    "tutor:snore",
    "tutor:storedpower",
    "tutor:trick",
    "tutor:uproar",
    "tutor:zenheadbutt"
  ]
}