{
  "target": "cobblemon:cranidos",
  "abilities": [
    "moldbreaker",
    "h:sheerforce"
  ],
  "baseStats": {
    "hp": 67,
    "attack": 125,
    "defence": 40,
    "special_attack": 30,
    "special_defence": 30,
    "speed": 58
  },
  "moves": [
    "1:headbutt",
    "1:leer",
    "6:focusenergy",
    "10:pursuit",
    "15:takedown",
    "19:scaryface",
    "24:assurance",
    "28:chipaway",
    "33:ancientpower",
    "37:zenheadbutt",
    "42:screech",
    "46:headsmash",
    "egg:crunch",
    "egg:curse",
    "egg:doubleedge",
    "egg:hammerarm",
    "egg:ironhead",
    "egg:irontail",
    "egg:leer",
    "egg:slam",
    "egg:stomp",
    "egg:thrash",
    "egg:whirlwind",
    "tm:blizzard",
    "tm:bulldoze",
    "tm:dig",
    "tm:dragonpulse",
    "tm:earthquake",
    "tm:facade",
    "tm:fireblast",
    "tm:flamethrower",
    "tm:hiddenpower",
    "tm:icebeam",
    "tm:irontail",
    "tm:meteorbeam",
    "tm:poweruppunch",
    "tm:protect",
    "tm:raindance",
    "tm:rest",
    "tm:return",
    "tm:roar",
    "tm:rockclimb",
    "tm:rockpolish",
    "tm:rockslide",
    "tm:rocksmash",
    "tm:rocktomb",
    "tm:sandstorm",
    "tm:scorchingsands",
    "tm:sleeptalk",
    "tm:stealthrock",
    "tm:stoneedge",
    "tm:strength",
    "tm:substitute",
    "tm:sunnyday",
    "tm:superpower",
    "tm:swordsdance",
    "tm:thief",
    "tm:thunder",
    "tm:thunderbolt",
    "tm:toxic",
    "tutor:confide",
    "tutor:crunch",
    "tutor:earthpower",
    "tutor:endeavor",
    "tutor:firepunch",
    "tutor:focusenergy",
    "tutor:ironhead",
    "tutor:scaryface",
    "tutor:screech",
    "tutor:snore",
    "tutor:spite",
    "tutor:superpower",
    "tutor:thunderpunch",
    "tutor:uproar",
    "tutor:zenheadbutt"
  ]
}