{
  "target": "cobblemon:cresselia",
  "abilities": [
    "levitate"
  ],
  "baseStats": {
    "hp": 120,
    "attack": 70,
    "defence": 110,
    "special_attack": 75,
    "special_defence": 120,
    "speed": 85
  },
  "moves": [
    "1:confusion",
    "1:lunardance",
    "1:moonlight",
    "1:psychocut",
    "1:psychoshift",
    "11:safeguard",
    "20:mist",
    "29:aurorabeam",
    "38:futuresight",
    "47:slash",
    "61:recover",
    "93:psychic",
    "99:moonblast",
    "tm:calmmind",
    "tm:chargebeam",
    "tm:cosmicpower",
    "tm:energyball",
    "tm:expandingforce",
    "tm:facade",
    "tm:flash",
    "tm:futuresight",
    "tm:grassknot",
    "tm:hiddenpower",
    "tm:icebeam",
    "tm:icywind",
    "tm:lightscreen",
    "tm:meteorbeam",
    "tm:protect",
    "tm:psychic",
    "tm:psyshock",
    "tm:raindance",
    "tm:reflect",
    "tm:rest",
    "tm:return",
    "tm:shadowball",
    "tm:sleeptalk",
    "tm:solarbeam",
    "tm:substitute",
    "tm:sunnyday",
    "tm:thunderwave",
    "tm:toxic",
    "tm:trickroom",
    "tutor:bodyslam",
    "tutor:confide",
    "tutor:cosmicpower",
    "tutor:gravity",
    "tutor:helpinghand",
    "tutor:icywind",
    "tutor:magiccoat",
    "tutor:magicroom",
    "tutor:psychocut",
    "tutor:psychup",
    "tutor:signalbeam",
    "tutor:snore",
    "tutor:storedpower",
    "tutor:trick",
    "tutor:zenheadbutt"
  ]
}