{
  "target": "cobblemon:croagunk",
  "abilities": [
    "dryskin",
    "h:poisontouch"
  ],
  "baseStats": {
    "hp": 48,
    "attack": 61,
    "defence": 40,
    "special_attack": 61,
    "special_defence": 40,
    "speed": 50
  },
  "moves": [
    "1:astonish",
    "3:mudslap",
    "8:sludge",
    "10:taunt",
    "15:pursuit",
    "17:feintattack",
    "22:revenge",
    "24:swagger",
    "29:mudbomb",
    "31:suckerpunch",
    "36:venoshock",
    "38:nastyplot",
    "43:poisonjab",
    "45:sludgebomb",
    "47:belch",
    "50:closecombat",
    "egg:bulletpunch",
    "egg:coaching",
    "egg:counter",
    "egg:crosschop",
    "egg:drainpunch",
    "egg:dynamicpunch",
    "egg:fakeout",
    "egg:feint",
    "egg:headbutt",
    "egg:meditate",
    "egg:mefirst",
    "egg:quickguard",
    "egg:smellingsalts",
    "egg:vacuumwave",
    "egg:wakeupslap",
    "tm:brickbreak",
    "tm:bulkup",
    "tm:bulldoze",
    "tm:coaching",
    "tm:darkpulse",
    "tm:dig",
    "tm:drainpunch",
    "tm:dualchop",
    "tm:earthquake",
    "tm:facade",
    "tm:focusblast",
    "tm:aurasphere",
    "tm:focuspunch",
    "tm:hiddenpower",
    "tm:icywind",
    "tm:lowkick",
    "tm:lowsweep",
    "tm:poisonjab",
    "tm:poweruppunch",
    "tm:protect",
    "tm:raindance",
    "tm:rest",
    "tm:return",
    "tm:rockclimb",
    "tm:rockslide",
    "tm:rocksmash",
    "tm:rocktomb",
    "tm:shadowball",
    "tm:sleeptalk",
    "tm:sludgebomb",
    "tm:sludgewave",
    "tm:strength",
    "tm:substitute",
    "tm:sunnyday",
    "tm:taunt",
    "tm:thief",
    "tm:toxic",
    "tm:venoshock",
    "tm:workup",
    "tm:xscissor",
    "tutor:batonpass",
    "tutor:bounce",
    "tutor:closecombat",
    "tutor:confide",
    "tutor:dualchop",
    "tutor:earthpower",
    "tutor:encore",
    "tutor:foulplay",
    "tutor:gunkshot",
    "tutor:helpinghand",
    "tutor:icepunch",
    "tutor:icywind",
    "tutor:knockoff",
    "tutor:lowkick",
    "tutor:nastyplot",
    "tutor:roleplay",
    "tutor:screech",
    "tutor:snatch",
    "tutor:snore",
    "tutor:spite",
    "tutor:superfang",
    "tutor:thunderpunch",
    "tutor:vacuumwave",
    "tutor:venomdrench"
  ]
}