{
  "target": "cobblemon:darkrai",
  "abilities": [
    "baddreams"
  ],
  "baseStats": {
    "hp": 70,
    "attack": 90,
    "defence": 90,
    "special_attack": 135,
    "special_defence": 90,
    "speed": 125
  },
  "moves": [
    "1:disable",
    "1:ominouswind",
    "11:quickattack",
    "20:hypnosis",
    "29:feintattack",
    "38:nightmare",
    "57:haze",
    "66:darkvoid",
    "75:nastyplot",
    "84:dreameater",
    "93:darkpulse",
    "100:darkhole",
    "tm:aerialace",
    "tm:blizzard",
    "tm:brickbreak",
    "tm:calmmind",
    "tm:chargebeam",
    "tm:cut",
    "tm:darkpulse",
    "tm:drainpunch",
    "tm:facade",
    "tm:flash",
    "tm:focusblast",
    "tm:aurasphere",
    "tm:focuspunch",
    "tm:hiddenpower",
    "tm:icebeam",
    "tm:icywind",
    "tm:poisonjab",
    "tm:poweruppunch",
    "tm:protect",
    "tm:psychic",
    "tm:raindance",
    "tm:rest",
    "tm:return",
    "tm:rockclimb",
    "tm:rockslide",
    "tm:rocksmash",
    "tm:rocktomb",
    "tm:shadowball",
    "tm:shadowclaw",
    "tm:sleeptalk",
    "tm:sludgebomb",
    "tm:snarl",
    "tm:strength",
    "tm:substitute",
    "tm:sunnyday",
    "tm:swordsdance",
    "tm:taunt",
    "tm:thief",
    "tm:thunder",
    "tm:thunderbolt",
    "tm:thunderwave",
    "tm:toxic",
    "tm:willowisp",
    "tm:xscissor",
    "tm:psyshock",
    "tutor:confide",
    "tutor:darkhole",
    "tutor:foulplay",
    "tutor:icywind",
    "tutor:knockoff",
    "tutor:lastresort",
    "tutor:nastyplot",
    "tutor:phantomforce",
    "tutor:psychup",
    "tutor:snatch",
    "tutor:snore",
    "tutor:spite",
    "tutor:throatchop",
    "tutor:trick",
    "tutor:wonderroom"
  ]
}