{
  "target": "cobblemon:dialga",
  "abilities": [
    "pressure",
    "h:telepathy"
  ],
  "baseStats": {
    "hp": 100,
    "attack": 120,
    "defence": 120,
    "special_attack": 150,
    "special_defence": 100,
    "speed": 90
  },
  "moves": [
    "1:dragonbreath",
    "1:scaryface",
    "6:metalclaw",
    "10:ancientpower",
    "15:slash",
    "19:powergem",
    "24:metalburst",
    "28:dragonclaw",
    "33:earthpower",
    "37:aurasphere",
    "42:irontail",
    "46:roaroftime",
    "50:flashcannon",
    "tm:aerialace",
    "tm:blizzard",
    "tm:bodypress",
    "tm:brickbreak",
    "tm:bulkup",
    "tm:bulldoze",
    "tm:cut",
    "tm:dracobarrage",
    "tm:dragonclaw",
    "tm:dragonpulse",
    "tm:dragontail",
    "tm:earthquake",
    "tm:facade",
    "tm:fireblast",
    "tm:flamethrower",
    "tm:flash",
    "tm:flashcannon",
    "tm:focusblast",
    "tm:hiddenpower",
    "tm:honeclaws",
    "tm:hypervoice",
    "tm:icebeam",
    "tm:irontail",
    "tm:overheat",
    "tm:protect",
    "tm:raindance",
    "tm:rest",
    "tm:return",
    "tm:roar",
    "tm:rockslide",
    "tm:rocksmash",
    "tm:rocktomb",
    "tm:sandstorm",
    "tm:scaleshot",
    "tm:shadowclaw",
    "tm:sleeptalk",
    "tm:stealthrock",
    "tm:steelbeam",
    "tm:stoneedge",
    "tm:strength",
    "tm:substitute",
    "tm:sunnyday",
    "tm:thunder",
    "tm:thunderbolt",
    "tm:thunderwave",
    "tm:toxic",
    "tm:trickroom",
    "tutor:aurasphere",
    "tutor:bodypress",
    "tutor:bodyslam",
    "tutor:breakingswipe",
    "tutor:confide",
    "tutor:dracometeor",
    "tutor:earthpower",
    "tutor:gravity",
    "tutor:heavyslam",
    "tutor:hypervoice",
    "tutor:irondefense",
    "tutor:ironhead",
    "tutor:magnetrise",
    "tutor:outrage",
    "tutor:powergem",
    "tutor:psychup",
    "tutor:scaryface",
    "tutor:snore",
    "tutor:stompingtantrum"
  ]
}