{
  "target": "cobblemon:drapion",
  "abilities": [
    "battlearmor",
    "sniper",
    "h:frisk"
  ],
  "baseStats": {
    "hp": 70,
    "attack": 90,
    "defence": 110,
    "special_attack": 60,
    "special_defence": 75,
    "speed": 95
  },
  "moves": [
    "1:bite",
    "1:firefang",
    "1:icefang",
    "1:knockoff",
    "1:leer",
    "1:poisonsting",
    "1:thunderfang",
    "9:pinmissile",
    "16:pursuit",
    "20:bugbite",
    "23:poisonfang",
    "27:venoshock",
    "30:honeclaws",
    "34:toxicspikes",
    "38:nightslash",
    "43:scaryface",
    "49:crunch",
    "53:fellstinger",
    "57:crosspoison",
    "64:wickedblow",
    "egg:agility",
    "egg:confuseray",
    "egg:feintattack",
    "egg:irontail",
    "egg:nightslash",
    "egg:poisontail",
    "egg:pursuit",
    "egg:sandattack",
    "egg:screech",
    "egg:slash",
    "egg:twineedle",
    "egg:whirlwind",
    "tm:aerialace",
    "tm:brickbreak",
    "tm:bulldoze",
    "tm:cut",
    "tm:darkpulse",
    "tm:dig",
    "tm:earthquake",
    "tm:facade",
    "tm:flash",
    "tm:hiddenpower",
    "tm:honeclaws",
    "tm:irontail",
    "tm:leechlife",
    "tm:poisonjab",
    "tm:protect",
    "tm:raindance",
    "tm:rest",
    "tm:return",
    "tm:roar",
    "tm:rockclimb",
    "tm:rockslide",
    "tm:rocksmash",
    "tm:rocktomb",
    "tm:shadowball",
    "tm:sleeptalk",
    "tm:sludgebomb",
    "tm:snarl",
    "tm:strength",
    "tm:substitute",
    "tm:sunnyday",
    "tm:swordsdance",
    "tm:taunt",
    "tm:thief",
    "tm:toxic",
    "tm:venoshock",
    "tm:xscissor",
    "tutor:agility",
    "tutor:aquatail",
    "tutor:bugbite",
    "tutor:bugbuzz",
    "tutor:confide",
    "tutor:crosspoison",
    "tutor:crunch",
    "tutor:firefang",
    "tutor:icefang",
    "tutor:irondefense",
    "tutor:knockoff",
    "tutor:pinmissile",
    "tutor:sandtomb",
    "tutor:scaryface",
    "tutor:screech",
    "tutor:snore",
    "tutor:stompingtantrum",
    "tutor:throatchop",
    "tutor:thunderfang",
    "tutor:toxicspikes",
    "tutor:venomdrench"
  ]
}