{
  "target": "cobblemon:drifblim",
  "abilities": [
    "aftermath",
    "unburden",
    "h:flareboost"
  ],
  "baseStats": {
    "hp": 150,
    "attack": 80,
    "defence": 44,
    "special_attack": 90,
    "special_defence": 54,
    "speed": 80
  },
  "moves": [
    "1:astonish",
    "1:gust",
    "1:hurricane",
    "1:phantomforce",
    "13:focusenergy",
    "16:payback",
    "20:ominouswind",
    "25:stockpile",
    "27:hex",
    "30:extrasensory",
    "34:airslash",
    "40:shadowball",
    "46:amnesia",
    "57:strengthsap",
    "60:explosion",
    "egg:bodyslam",
    "egg:clearsmog",
    "egg:defog",
    "egg:destinybond",
    "egg:disable",
    "egg:haze",
    "egg:hypnosis",
    "egg:memento",
    "egg:tailwind",
    "egg:weatherball",
    "tm:acrobatics",
    "tm:calmmind",
    "tm:chargebeam",
    "tm:cut",
    "tm:defog",
    "tm:explosion",
    "tm:facade",
    "tm:flash",
    "tm:fly",
    "tm:gyroball",
    "tm:hiddenpower",
    "tm:icywind",
    "tm:poltergeist",
    "tm:protect",
    "tm:psychic",
    "tm:raindance",
    "tm:rest",
    "tm:return",
    "tm:shadowball",
    "tm:sleeptalk",
    "tm:substitute",
    "tm:sunnyday",
    "tm:thief",
    "tm:thunder",
    "tm:thunderbolt",
    "tm:thunderwave",
    "tm:toxic",
    "tm:willowisp",
    "tm:temperflare",
    "tutor:airslash",
    "tutor:batonpass",
    "tutor:bodyslam",
    "tutor:confide",
    "tutor:focusenergy",
    "tutor:hex",
    "tutor:hurricane",
    "tutor:icywind",
    "tutor:knockoff",
    "tutor:magiccoat",
    "tutor:nastyplot",
    "tutor:painsplit",
    "tutor:phantomforce",
    "tutor:psychup",
    "tutor:snore",
    "tutor:spite",
    "tutor:tailwind",
    "tutor:trick",
    "tutor:weatherball"
  ]
}