{
  "target": "cobblemon:drifloon",
  "abilities": [
    "aftermath",
    "unburden",
    "h:flareboost"
  ],
  "baseStats": {
    "hp": 90,
    "attack": 50,
    "defence": 34,
    "special_attack": 60,
    "special_defence": 44,
    "speed": 70
  },
  "moves": [
    "1:constrict",
    "4:astonish",
    "8:gust",
    "13:focusenergy",
    "16:payback",
    "20:ominouswind",
    "25:stockpile",
    "27:hex",
    "30:extrasensory",
    "32:spitup",
    "32:swallow",
    "36:shadowball",
    "40:amnesia",
    "50:explosion",
    "egg:bodyslam",
    "egg:clearsmog",
    "egg:defog",
    "egg:destinybond",
    "egg:disable",
    "egg:haze",
    "egg:hypnosis",
    "egg:memento",
    "egg:tailwind",
    "egg:weatherball",
    "tm:acrobatics",
    "tm:calmmind",
    "tm:chargebeam",
    "tm:cut",
    "tm:defog",
    "tm:explosion",
    "tm:facade",
    "tm:flash",
    "tm:gyroball",
    "tm:hiddenpower",
    "tm:icywind",
    "tm:poltergeist",
    "tm:protect",
    "tm:psychic",
    "tm:raindance",
    "tm:rest",
    "tm:return",
    "tm:shadowball",
    "tm:sleeptalk",
    "tm:substitute",
    "tm:sunnyday",
    "tm:thief",
    "tm:thunder",
    "tm:thunderbolt",
    "tm:thunderwave",
    "tm:toxic",
    "tm:willowisp",
    "tm:temperflare",
    "tutor:batonpass",
    "tutor:bodyslam",
    "tutor:confide",
    "tutor:focusenergy",
    "tutor:hex",
    "tutor:icywind",
    "tutor:knockoff",
    "tutor:magiccoat",
    "tutor:painsplit",
    "tutor:psychup",
    "tutor:snore",
    "tutor:spite",
    "tutor:tailwind",
    "tutor:trick",
    "tutor:weatherball"
  ]
}