{
  "target": "cobblemon:electivire",
  "abilities": [
    "motordrive",
    "vitalspirit",
    "h:ironfist"
  ],
  "baseStats": {
    "hp": 75,
    "attack": 123,
    "defence": 67,
    "special_attack": 95,
    "special_defence": 85,
    "speed": 95
  },
  "moves": [
    "1:electricterrain",
    "1:firepunch",
    "1:iondeluge",
    "1:leer",
    "1:machpunch",
    "1:quickattack",
    "5:thundershock",
    "8:lowkick",
    "12:swift",
    "15:shockwave",
    "19:thunderwave",
    "22:electroball",
    "26:lightscreen",
    "29:thunderpunch",
    "36:discharge",
    "42:screech",
    "47:crosschop",
    "49:thunderbolt",
    "55:thunder",
    "64:plasmafists",
    "egg:barrier",
    "egg:crosschop",
    "egg:dynamicpunch",
    "egg:feint",
    "egg:firepunch",
    "egg:focuspunch",
    "egg:hammerarm",
    "egg:icepunch",
    "egg:karatechop",
    "egg:meditate",
    "egg:rollingkick",
    "tm:brickbreak",
    "tm:bulkup",
    "tm:bulldoze",
    "tm:chargebeam",
    "tm:dig",
    "tm:drainpunch",
    "tm:dualchop",
    "tm:earthquake",
    "tm:electroweb",
    "tm:facade",
    "tm:flamethrower",
    "tm:flash",
    "tm:focusblast",
    "tm:focuspunch",
    "tm:hiddenpower",
    "tm:irontail",
    "tm:lightscreen",
    "tm:lowkick",
    "tm:lowsweep",
    "tm:poweruppunch",
    "tm:protect",
    "tm:psychic",
    "tm:raindance",
    "tm:reflect",
    "tm:rest",
    "tm:return",
    "tm:risingvoltage",
    "tm:rockclimb",
    "tm:rockslide",
    "tm:rocksmash",
    "tm:rocktomb",
    "tm:sleeptalk",
    "tm:strength",
    "tm:substitute",
    "tm:taunt",
    "tm:teleport",
    "tm:thief",
    "tm:thunder",
    "tm:thunderbolt",
    "tm:thunderwave",
    "tm:toxic",
    "tm:voltswitch",
    "tm:wildcharge",
    "tm:supercellslam",
    "tutor:aurasphere",
    "tutor:bodyslam",
    "tutor:closecombat",
    "tutor:confide",
    "tutor:covet",
    "tutor:darkestlariat",
    "tutor:dualchop",
    "tutor:electricterrain",
    "tutor:electroball",
    "tutor:electroweb",
    "tutor:firepunch",
    "tutor:helpinghand",
    "tutor:icepunch",
    "tutor:lowkick",
    "tutor:magnetrise",
    "tutor:screech",
    "tutor:signalbeam",
    "tutor:snore",
    "tutor:stompingtantrum",
    "tutor:thunderpunch",
    "tutor:uproar",
    "tutor:weatherball",
    "tutor:knockoff",
    "tutor:trailblaze"
  ]
}