{
  "target": "cobblemon:empoleon",
  "abilities": [
    "torrent",
    "h:competitive"
  ],
  "baseStats": {
    "hp": 84,
    "attack": 86,
    "defence": 88,
    "special_attack": 111,
    "special_defence": 101,
    "speed": 60
  },
  "moves": [
    "1:aquajet",
    "1:bubble",
    "1:featherdance",
    "1:metalclaw",
    "1:tackle",
    "1:wavecrash",
    "4:growl",
    "8:bubblebeam",
    "11:swordsdance",
    "13:babydolleyes",
    "15:pluck",
    "19:yawn",
    "24:swagger",
    "28:grassknot",
    "33:brine",
    "39:whirlpool",
    "44:flashcannon",
    "46:mist",
    "48:haze",
    "50:drillpeck",
    "54:makeitrain",
    "59:hydropump",
    "egg:agility",
    "egg:aquaring",
    "egg:bide",
    "egg:doublehit",
    "egg:featherdance",
    "egg:flail",
    "egg:hydropump",
    "egg:icywind",
    "egg:mudslap",
    "egg:mudsport",
    "egg:powertrip",
    "egg:snore",
    "egg:supersonic",
    "egg:yawn",
    "tm:aerialace",
    "tm:blizzard",
    "tm:bravebird",
    "tm:brickbreak",
    "tm:bulldoze",
    "tm:calmmind",
    "tm:cut",
    "tm:defog",
    "tm:dig",
    "tm:earthquake",
    "tm:facade",
    "tm:flashcannon",
    "tm:flipturn",
    "tm:grassknot",
    "tm:snowscape",
    "tm:hiddenpower",
    "tm:honeclaws",
    "tm:icebeam",
    "tm:icywind",
    "tm:pluck",
    "tm:protect",
    "tm:raindance",
    "tm:rest",
    "tm:return",
    "tm:roar",
    "tm:rockclimb",
    "tm:rockslide",
    "tm:rocksmash",
    "tm:rocktomb",
    "tm:roost",
    "tm:scald",
    "tm:shadowclaw",
    "tm:sleeptalk",
    "tm:stealthrock",
    "tm:steelbeam",
    "tm:steelwing",
    "tm:strength",
    "tm:substitute",
    "tm:surf",
    "tm:swordsdance",
    "tm:toxic",
    "tm:waterfall",
    "tm:workup",
    "tm:airslash",
    "tm:weatherball",
    "tutor:agility",
    "tutor:confide",
    "tutor:covet",
    "tutor:hydrocannon",
    "tutor:hydropump",
    "tutor:icywind",
    "tutor:irondefense",
    "tutor:knockoff",
    "tutor:laserfocus",
    "tutor:liquidation",
    "tutor:nastyplot",
    "tutor:signalbeam",
    "tutor:snore",
    "tutor:throatchop",
    "tutor:waterpledge",
    "tutor:whirlpool",
    "tutor:vacuumwave"
  ]
}