{
  "target": "cobblemon:finneon",
  "abilities": [
    "swiftswim",
    "stormdrain",
    "h:waterveil"
  ],
  "baseStats": {
    "hp": 49,
    "attack": 49,
    "defence": 56,
    "special_attack": 49,
    "special_defence": 61,
    "speed": 66
  },
  "moves": [
    "1:pound",
    "3:watergun",
    "7:aurorabeam",
    "10:attract",
    "13:raindance",
    "16:waterpulse",
    "22:aircutter",
    "26:ominouswind",
    "29:silverwind",
    "38:whirlpool",
    "42:uturn",
    "45:bounce",
    "49:tailglow",
    "54:soak",
    "egg:agility",
    "egg:aquatail",
    "egg:aurorabeam",
    "egg:brine",
    "egg:charm",
    "egg:confuseray",
    "egg:flail",
    "egg:psybeam",
    "egg:signalbeam",
    "egg:splash",
    "egg:sweetkiss",
    "egg:tickle",
    "tm:blizzard",
    "tm:defog",
    "tm:dualwingbeat",
    "tm:facade",
    "tm:flash",
    "tm:flipturn",
    "tm:snowscape",
    "tm:hiddenpower",
    "tm:icebeam",
    "tm:icywind",
    "tm:protect",
    "tm:raindance",
    "tm:rest",
    "tm:return",
    "tm:roost",
    "tm:scald",
    "tm:scaleshot",
    "tm:sleeptalk",
    "tm:substitute",
    "tm:surf",
    "tm:toxic",
    "tm:uturn",
    "tm:waterfall",
    "tm:alluringvoice",
    "tutor:agility",
    "tutor:aquatail",
    "tutor:bounce",
    "tutor:confide",
    "tutor:hydropump",
    "tutor:icywind",
    "tutor:psychup",
    "tutor:signalbeam",
    "tutor:snore",
    "tutor:tailwind",
    "tutor:whirlpool"
  ]
}