{
  "target": "cobblemon:floatzel",
  "abilities": [
    "owntempo",
    "technician"
  ],
  "baseStats": {
    "hp": 90,
    "attack": 90,
    "defence": 55,
    "special_attack": 85,
    "special_defence": 50,
    "speed": 115
  },
  "moves": [
    "1:bite",
    "1:crunch",
    "1:fakeout",
    "1:growl",
    "1:icefang",
    "1:icywind",
    "1:sonicboom",
    "11:quickattack",
    "15:watergun",
    "18:pursuit",
    "21:swift",
    "24:aquajet",
    "29:doublehit",
    "35:whirlpool",
    "46:aquatail",
    "51:hydropump",
    "57:wavecrash",
    "80:surgingstrikes",
    "egg:aquaring",
    "egg:aquatail",
    "egg:doubleslap",
    "egg:furycutter",
    "egg:furyswipes",
    "egg:headbutt",
    "egg:helpinghand",
    "egg:mefirst",
    "egg:mudslap",
    "egg:odorsleuth",
    "egg:slash",
    "egg:soak",
    "egg:switcheroo",
    "egg:tailslap",
    "tm:blizzard",
    "tm:brickbreak",
    "tm:bulkup",
    "tm:dig",
    "tm:facade",
    "tm:flipturn",
    "tm:focusblast",
    "tm:aurasphere",
    "tm:focuspunch",
    "tm:snowscape",
    "tm:hiddenpower",
    "tm:icebeam",
    "tm:icespinner",
    "tm:icywind",
    "tm:irontail",
    "tm:lowkick",
    "tm:poweruppunch",
    "tm:protect",
    "tm:raindance",
    "tm:rest",
    "tm:return",
    "tm:roar",
    "tm:rocksmash",
    "tm:rocktomb",
    "tm:scald",
    "tm:sleeptalk",
    "tm:strength",
    "tm:substitute",
    "tm:surf",
    "tm:taunt",
    "tm:toxic",
    "tm:waterfall",
    "tutor:agility",
    "tutor:aquatail",
    "tutor:batonpass",
    "tutor:confide",
    "tutor:crunch",
    "tutor:helpinghand",
    "tutor:hydropump",
    "tutor:icefang",
    "tutor:icepunch",
    "tutor:icywind",
    "tutor:liquidation",
    "tutor:lowkick",
    "tutor:snore",
    "tutor:tailslap",
    "tutor:whirlpool"
  ]
}