{
  "target": "cobblemon:froslass",
  "abilities": [
    "icebody",
    "h:stakeout"
  ],
  "baseStats": {
    "hp": 70,
    "attack": 95,
    "defence": 70,
    "special_attack": 95,
    "special_defence": 70,
    "speed": 110
  },
  "moves": [
    "1:destinybond",
    "1:leer",
    "1:ominouswind",
    "1:powdersnow",
    "10:iceshard",
    "14:icywind",
    "19:astonish",
    "23:drainingkiss",
    "28:willowisp",
    "32:confuseray",
    "34:shadowball",
    "37:wakeupslap",
    "41:captivate",
    "44:bittermalice",
    "48:frostbreath",
    "52:blizzard",
    "54:snowscape",
    "58:freezedry",
    "egg:avalanche",
    "egg:bide",
    "egg:block",
    "egg:disable",
    "egg:faketears",
    "egg:hex",
    "egg:iciclecrash",
    "egg:rollout",
    "egg:spikes",
    "egg:switcheroo",
    "egg:weatherball",
    "tm:blizzard",
    "tm:drainingkiss",
    "tm:facade",
    "tm:flash",
    "tm:frostbreath",
    "tm:snowscape",
    "tm:hiddenpower",
    "tm:icebeam",
    "tm:icespinner",
    "tm:icywind",
    "tm:lightscreen",
    "tm:poltergeist",
    "tm:protect",
    "tm:psychic",
    "tm:raindance",
    "tm:reflect",
    "tm:rest",
    "tm:return",
    "tm:shadowball",
    "tm:sleeptalk",
    "tm:spikes",
    "tm:substitute",
    "tm:taunt",
    "tm:thunder",
    "tm:thunderbolt",
    "tm:thunderwave",
    "tm:toxic",
    "tm:tripleaxel",
    "tm:willowisp",
    "tutor:block",
    "tutor:bodyslam",
    "tutor:confide",
    "tutor:crunch",
    "tutor:faketears",
    "tutor:hex",
    "tutor:icefang",
    "tutor:icepunch",
    "tutor:iciclespear",
    "tutor:icywind",
    "tutor:laserfocus",
    "tutor:painsplit",
    "tutor:psychup",
    "tutor:signalbeam",
    "tutor:snatch",
    "tutor:snore",
    "tutor:spikes",
    "tutor:spite",
    "tutor:trick",
    "tutor:weatherball"
  ]
}