{
  "target": "cobblemon:gastrodon",
  "abilities": [
    "stickyhold",
    "stormdrain",
    "h:sandforce"
  ],
  "baseStats": {
    "hp": 111,
    "attack": 83,
    "defence": 68,
    "special_attack": 92,
    "special_defence": 82,
    "speed": 39
  },
  "moves": [
    "1:harden",
    "1:mudslap",
    "1:mudsport",
    "1:waterpulse",
    "11:mudbomb",
    "16:hiddenpower",
    "22:raindance",
    "29:bodyslam",
    "41:muddywater",
    "54:recover",
    "egg:acidarmor",
    "egg:amnesia",
    "egg:brine",
    "egg:clearsmog",
    "egg:counter",
    "egg:curse",
    "egg:memento",
    "egg:mirrorcoat",
    "egg:mist",
    "egg:sludge",
    "egg:spitup",
    "egg:stockpile",
    "egg:swallow",
    "egg:trumpcard",
    "egg:yawn",
    "tm:blizzard",
    "tm:spikes",
    "tm:bulldoze",
    "tm:dig",
    "tm:earthquake",
    "tm:facade",
    "tm:flash",
    "tm:snowscape",
    "tm:hiddenpower",
    "tm:icebeam",
    "tm:icywind",
    "tm:protect",
    "tm:raindance",
    "tm:rest",
    "tm:return",
    "tm:rockslide",
    "tm:rocksmash",
    "tm:rocktomb",
    "tm:sandstorm",
    "tm:scald",
    "tm:sleeptalk",
    "tm:sludgebomb",
    "tm:sludgewave",
    "tm:stealthrock",
    "tm:stoneedge",
    "tm:strength",
    "tm:substitute",
    "tm:surf",
    "tm:toxic",
    "tm:waterfall",
    "tutor:block",
    "tutor:bodyslam",
    "tutor:confide",
    "tutor:earthpower",
    "tutor:hydropump",
    "tutor:icywind",
    "tutor:muddywater",
    "tutor:painsplit",
    "tutor:sandtomb",
    "tutor:snore",
    "tutor:stompingtantrum",
    "tutor:weatherball",
    "tutor:whirlpool"
  ]
}