{
  "target": "cobblemon:gible",
  "abilities": [
    "sandveil",
    "h:roughskin"
  ],
  "baseStats": {
    "hp": 58,
    "attack": 70,
    "defence": 45,
    "special_attack": 40,
    "special_defence": 45,
    "speed": 42
  },
  "moves": [
    "1:bite",
    "7:bulldoze",
    "13:sandstorm",
    "15:takedown",
    "19:sandtomb",
    "25:slash",
    "27:dragonclaw",
    "31:dig",
    "37:dragonrush",
    "egg:bodyslam",
    "egg:doubleedge",
    "egg:dragonbreath",
    "egg:ironhead",
    "egg:irontail",
    "egg:metalclaw",
    "egg:mudshot",
    "egg:outrage",
    "egg:rockclimb",
    "egg:sandtomb",
    "egg:scaryface",
    "egg:thrash",
    "egg:twister",
    "tm:aerialace",
    "tm:bulldoze",
    "tm:cut",
    "tm:dig",
    "tm:dracobarrage",
    "tm:dragonclaw",
    "tm:dragonpulse",
    "tm:earthquake",
    "tm:facade",
    "tm:fireblast",
    "tm:flamethrower",
    "tm:hiddenpower",
    "tm:honeclaws",
    "tm:irontail",
    "tm:protect",
    "tm:raindance",
    "tm:rest",
    "tm:return",
    "tm:roar",
    "tm:rockclimb",
    "tm:rockslide",
    "tm:rocksmash",
    "tm:rocktomb",
    "tm:sandstorm",
    "tm:scaleshot",
    "tm:scorchingsands",
    "tm:shadowclaw",
    "tm:sleeptalk",
    "tm:stealthrock",
    "tm:stoneedge",
    "tm:strength",
    "tm:substitute",
    "tm:sunnyday",
    "tm:toxic",
    "tutor:bodyslam",
    "tutor:confide",
    "tutor:dracometeor",
    "tutor:earthpower",
    "tutor:ironhead",
    "tutor:outrage",
    "tutor:sandtomb",
    "tutor:scaryface",
    "tutor:snore"
  ]
}