{
  "target": "cobblemon:giratina",
  "abilities": [
    "pressure",
    "h:telepathy"
  ],
  "baseStats": {
    "hp": 150,
    "attack": 100,
    "defence": 120,
    "special_attack": 100,
    "special_defence": 120,
    "speed": 90
  },
  "moves": [
    "1:scaryface",
    "1:astonish",
    "10:ancientpower",
    "15:slash",
    "19:shadowsneak",
    "24:destinybond",
    "28:dragonclaw",
    "33:earthpower",
    "37:aurasphere",
    "42:shadowclaw",
    "46:shadowforce",
    "50:hex",
    "tm:aerialace",
    "tm:bulldoze",
    "tm:calmmind",
    "tm:chargebeam",
    "tm:cut",
    "tm:darkpulse",
    "tm:defog",
    "tm:dracobarrage",
    "tm:dragonclaw",
    "tm:dragonpulse",
    "tm:dragontail",
    "tm:dualwingbeat",
    "tm:earthquake",
    "tm:energyball",
    "tm:facade",
    "tm:fly",
    "tm:hiddenpower",
    "tm:honeclaws",
    "tm:hypervoice",
    "tm:icywind",
    "tm:irontail",
    "tm:poltergeist",
    "tm:protect",
    "tm:psychic",
    "tm:raindance",
    "tm:rest",
    "tm:return",
    "tm:roar",
    "tm:rockclimb",
    "tm:rocksmash",
    "tm:shadowball",
    "tm:shadowclaw",
    "tm:sleeptalk",
    "tm:steelwing",
    "tm:stoneedge",
    "tm:strength",
    "tm:substitute",
    "tm:sunnyday",
    "tm:thunder",
    "tm:thunderbolt",
    "tm:thunderwave",
    "tm:toxic",
    "tm:willowisp",
    "tutor:aquatail",
    "tutor:aurasphere",
    "tutor:bodyslam",
    "tutor:breakingswipe",
    "tutor:confide",
    "tutor:dracometeor",
    "tutor:earthpower",
    "tutor:gravity",
    "tutor:hex",
    "tutor:hypervoice",
    "tutor:icywind",
    "tutor:ironhead",
    "tutor:magiccoat",
    "tutor:outrage",
    "tutor:painsplit",
    "tutor:phantomforce",
    "tutor:psychup",
    "tutor:scaryface",
    "tutor:snore",
    "tutor:spite",
    "tutor:tailwind"
  ]
}