{
  "target": "cobblemon:glaceon",
  "abilities": [
    "icebody",
    "h:slushrush"
  ],
  "baseStats": {
    "hp": 80,
    "attack": 45,
    "defence": 100,
    "special_attack": 130,
    "special_defence": 95,
    "speed": 75
  },
  "moves": [
    "1:helpinghand",
    "1:icywind",
    "1:tackle",
    "9:babydolleyes",
    "13:quickattack",
    "17:bite",
    "20:icefang",
    "25:iceshard",
    "29:barrier",
    "33:mirrorcoat",
    "37:snowscape",
    "41:freezedry",
    "45:blizzard",
    "50:lastresort",
    "egg:captivate",
    "egg:charm",
    "egg:covet",
    "egg:curse",
    "egg:detect",
    "egg:doublekick",
    "egg:endure",
    "egg:faketears",
    "egg:flail",
    "egg:mudslap",
    "egg:naturalgift",
    "egg:storedpower",
    "egg:synchronoise",
    "egg:tickle",
    "egg:wish",
    "egg:yawn",
    "tm:blizzard",
    "tm:calmmind",
    "tm:dig",
    "tm:facade",
    "tm:frostbreath",
    "tm:snowscape",
    "tm:hiddenpower",
    "tm:hypervoice",
    "tm:icebeam",
    "tm:icywind",
    "tm:irontail",
    "tm:protect",
    "tm:raindance",
    "tm:rest",
    "tm:return",
    "tm:roar",
    "tm:rocksmash",
    "tm:shadowball",
    "tm:sleeptalk",
    "tm:strength",
    "tm:substitute",
    "tm:sunnyday",
    "tm:toxic",
    "tm:tripleaxel",
    "tm:workup",
    "tm:alluringvoice",
    "tutor:aquatail",
    "tutor:batonpass",
    "tutor:bodyslam",
    "tutor:celebrate",
    "tutor:confide",
    "tutor:covet",
    "tutor:earthpower",
    "tutor:faketears",
    "tutor:focusenergy",
    "tutor:healbell",
    "tutor:helpinghand",
    "tutor:hypervoice",
    "tutor:icefang",
    "tutor:iciclespear",
    "tutor:icywind",
    "tutor:laserfocus",
    "tutor:lastresort",
    "tutor:signalbeam",
    "tutor:snore",
    "tutor:storedpower",
    "tutor:weatherball"
  ]
}