{
  "target": "cobblemon:glameow",
  "abilities": [
    "limber",
    "owntempo",
    "h:frisk"
  ],
  "baseStats": {
    "hp": 49,
    "attack": 55,
    "defence": 42,
    "special_attack": 42,
    "special_defence": 37,
    "speed": 85
  },
  "moves": [
    "1:attract",
    "1:fakeout",
    "5:scratch",
    "8:growl",
    "13:hypnosis",
    "17:bite",
    "20:headbutt",
    "25:charm",
    "29:assist",
    "32:captivate",
    "36:bodyslam",
    "41:suckerpunch",
    "44:doubleedge",
    "48:honeclaws",
    "50:playrough",
    "egg:assurance",
    "egg:bite",
    "egg:faketears",
    "egg:flail",
    "egg:quickattack",
    "egg:sandattack",
    "egg:snatch",
    "egg:tailwhip",
    "egg:wakeupslap",
    "tm:aerialace",
    "tm:cut",
    "tm:dig",
    "tm:facade",
    "tm:flash",
    "tm:hiddenpower",
    "tm:honeclaws",
    "tm:hypervoice",
    "tm:irontail",
    "tm:protect",
    "tm:raindance",
    "tm:rest",
    "tm:return",
    "tm:shadowball",
    "tm:shadowclaw",
    "tm:sleeptalk",
    "tm:substitute",
    "tm:sunnyday",
    "tm:taunt",
    "tm:thief",
    "tm:thunder",
    "tm:thunderbolt",
    "tm:toxic",
    "tm:uturn",
    "tm:workup",
    "tutor:confide",
    "tutor:covet",
    "tutor:faketears",
    "tutor:foulplay",
    "tutor:hypervoice",
    "tutor:knockoff",
    "tutor:lastresort",
    "tutor:nastyplot",
    "tutor:playrough",
    "tutor:psychup",
    "tutor:snatch",
    "tutor:snore",
    "tutor:superfang"
  ]
}