{
  "target": "cobblemon:grotle",
  "abilities": [
    "overgrow",
    "selfsufficient",
    "h:rockhead"
  ],
  "baseStats": {
    "hp": 75,
    "attack": 89,
    "defence": 85,
    "special_attack": 55,
    "special_defence": 65,
    "speed": 36
  },
  "moves": [
    "1:absorb",
    "1:bulldoze",
    "1:tackle",
    "5:withdraw",
    "9:razorleaf",
    "13:rockthrow",
    "17:curse",
    "22:bite",
    "27:seedbomb",
    "32:leechseed",
    "37:synthesis",
    "42:crunch",
    "47:gigadrain",
    "52:leafstorm",
    "egg:amnesia",
    "egg:bodyslam",
    "egg:doubleedge",
    "egg:earthpower",
    "egg:grassyterrain",
    "egg:gravapple",
    "egg:growth",
    "egg:heavyslam",
    "egg:sandtomb",
    "egg:seedbomb",
    "egg:shellsmash",
    "egg:spitup",
    "egg:stockpile",
    "egg:superpower",
    "egg:swallow",
    "egg:thrash",
    "egg:tickle",
    "tm:bulletseed",
    "tm:cut",
    "tm:energyball",
    "tm:facade",
    "tm:flash",
    "tm:gigadrain",
    "tm:grassknot",
    "tm:hiddenpower",
    "tm:irontail",
    "tm:lightscreen",
    "tm:protect",
    "tm:reflect",
    "tm:rest",
    "tm:return",
    "tm:rockclimb",
    "tm:rocksmash",
    "tm:sleeptalk",
    "tm:solarbeam",
    "tm:stealthrock",
    "tm:strength",
    "tm:substitute",
    "tm:sunnyday",
    "tm:superpower",
    "tm:swordsdance",
    "tm:toxic",
    "tm:workup",
    "tutor:bodyslam",
    "tutor:confide",
    "tutor:crunch",
    "tutor:earthpower",
    "tutor:grasspledge",
    "tutor:grassyterrain",
    "tutor:heavyslam",
    "tutor:leafstorm",
    "tutor:sandtomb",
    "tutor:seedbomb",
    "tutor:snore",
    "tutor:superpower",
    "tutor:synthesis",
    "tutor:worryseed"
  ]
}