{
  "target": "cobblemon:happiny",
  "abilities": [
    "naturalcure",
    "serenegrace",
    "h:friendguard"
  ],
  "baseStats": {
    "hp": 100,
    "attack": 5,
    "defence": 5,
    "special_attack": 15,
    "special_defence": 65,
    "speed": 30
  },
  "moves": [
    "1:charm",
    "1:pound",
    "5:copycat",
    "9:refresh",
    "12:sweetkiss",
    "egg:aromatherapy",
    "egg:counter",
    "egg:endure",
    "egg:gravity",
    "egg:healbell",
    "egg:helpinghand",
    "egg:metronome",
    "egg:mudbomb",
    "egg:present",
    "egg:seismictoss",
    "egg:wish",
    "tm:drainpunch",
    "tm:facade",
    "tm:fireblast",
    "tm:flamethrower",
    "tm:flash",
    "tm:grassknot",
    "tm:snowscape",
    "tm:hiddenpower",
    "tm:hypervoice",
    "tm:icywind",
    "tm:lightscreen",
    "tm:protect",
    "tm:psychic",
    "tm:raindance",
    "tm:rest",
    "tm:return",
    "tm:shadowball",
    "tm:sleeptalk",
    "tm:solarbeam",
    "tm:substitute",
    "tm:sunnyday",
    "tm:thunderwave",
    "tm:toxic",
    "tm:workup",
    "tutor:confide",
    "tutor:covet",
    "tutor:endeavor",
    "tutor:gravity",
    "tutor:healbell",
    "tutor:helpinghand",
    "tutor:hypervoice",
    "tutor:icywind",
    "tutor:lastresort",
    "tutor:psychup",
    "tutor:snore",
    "tutor:storedpower",
    "tutor:uproar",
    "tutor:zenheadbutt"
  ]
}