{
  "target": "cobblemon:heatran",
  "abilities": [
    "flashfire",
    "h:flamebody"
  ],
  "baseStats": {
    "hp": 91,
    "attack": 90,
    "defence": 106,
    "special_attack": 130,
    "special_defence": 106,
    "speed": 77
  },
  "moves": [
    "1:ancientpower",
    "1:earthpower",
    "1:eruption",
    "1:firespin",
    "1:heatwave",
    "1:ironhead",
    "1:magmastorm",
    "9:leer",
    "17:firefang",
    "25:metalsound",
    "33:crunch",
    "41:scaryface",
    "49:lavaplume",
    "88:stoneedge",
    "tm:bodypress",
    "tm:bulldoze",
    "tm:darkpulse",
    "tm:dig",
    "tm:dragonpulse",
    "tm:earthquake",
    "tm:explosion",
    "tm:facade",
    "tm:fireblast",
    "tm:flamecharge",
    "tm:flamethrower",
    "tm:flashcannon",
    "tm:heatcrash",
    "tm:hiddenpower",
    "tm:overheat",
    "tm:protect",
    "tm:rest",
    "tm:return",
    "tm:roar",
    "tm:rockclimb",
    "tm:rockslide",
    "tm:rocksmash",
    "tm:rocktomb",
    "tm:scorchingsands",
    "tm:sleeptalk",
    "tm:solarbeam",
    "tm:stealthrock",
    "tm:steelbeam",
    "tm:steelroller",
    "tm:stoneedge",
    "tm:strength",
    "tm:substitute",
    "tm:sunnyday",
    "tm:taunt",
    "tm:toxic",
    "tm:willowisp",
    "tutor:bodypress",
    "tutor:bodyslam",
    "tutor:bugbite",
    "tutor:confide",
    "tutor:crunch",
    "tutor:earthpower",
    "tutor:firefang",
    "tutor:firespin",
    "tutor:heatcrash",
    "tutor:heatwave",
    "tutor:heavyslam",
    "tutor:irondefense",
    "tutor:ironhead",
    "tutor:powergem",
    "tutor:scaryface",
    "tutor:snore",
    "tutor:stompingtantrum",
    "tutor:uproar"
  ]
}