{
  "target": "cobblemon:hippowdon",
  "abilities": [
    "sandstream",
    "h:sandforce"
  ],
  "baseStats": {
    "hp": 108,
    "attack": 112,
    "defence": 118,
    "special_attack": 68,
    "special_defence": 72,
    "speed": 47
  },
  "moves": [
    "1:bite",
    "1:firefang",
    "1:icefang",
    "1:tackle",
    "1:thunderfang",
    "1:yawn",
    "19:dig",
    "19:takedown",
    "25:sandtomb",
    "31:crunch",
    "40:earthquake",
    "50:doubleedge",
    "egg:bodyslam",
    "egg:curse",
    "egg:revenge",
    "egg:sandtomb",
    "egg:slackoff",
    "egg:sleeptalk",
    "egg:spitup",
    "egg:stockpile",
    "egg:swallow",
    "egg:whirlwind",
    "tm:bodypress",
    "tm:bulldoze",
    "tm:dig",
    "tm:earthquake",
    "tm:facade",
    "tm:hiddenpower",
    "tm:irontail",
    "tm:protect",
    "tm:rest",
    "tm:return",
    "tm:roar",
    "tm:rockslide",
    "tm:rocksmash",
    "tm:rocktomb",
    "tm:sandstorm",
    "tm:scorchingsands",
    "tm:sleeptalk",
    "tm:stealthrock",
    "tm:stoneedge",
    "tm:strength",
    "tm:substitute",
    "tm:sunnyday",
    "tm:superpower",
    "tm:toxic",
    "tutor:bodypress",
    "tutor:bodyslam",
    "tutor:confide",
    "tutor:crunch",
    "tutor:earthpower",
    "tutor:firefang",
    "tutor:heavyslam",
    "tutor:highhorsepower",
    "tutor:icefang",
    "tutor:ironhead",
    "tutor:muddywater",
    "tutor:sandtomb",
    "tutor:snore",
    "tutor:stompingtantrum",
    "tutor:superpower",
    "tutor:thunderfang",
    "tutor:weatherball"
  ]
}