{
  "target": "cobblemon:hippopotas",
  "abilities": [
    "sandstream",
    "h:sandforce"
  ],
  "baseStats": {
    "hp": 68,
    "attack": 72,
    "defence": 78,
    "special_attack": 38,
    "special_defence": 42,
    "speed": 32
  },
  "moves": [
    "1:tackle",
    "7:bite",
    "13:yawn",
    "19:dig",
    "19:takedown",
    "25:sandtomb",
    "31:crunch",
    "37:earthquake",
    "44:doubleedge",
    "egg:bodyslam",
    "egg:curse",
    "egg:revenge",
    "egg:sandtomb",
    "egg:slackoff",
    "egg:sleeptalk",
    "egg:spitup",
    "egg:stockpile",
    "egg:swallow",
    "egg:whirlwind",
    "tm:bulldoze",
    "tm:dig",
    "tm:earthquake",
    "tm:facade",
    "tm:hiddenpower",
    "tm:irontail",
    "tm:protect",
    "tm:rest",
    "tm:return",
    "tm:roar",
    "tm:rockslide",
    "tm:rocksmash",
    "tm:rocktomb",
    "tm:sandstorm",
    "tm:scorchingsands",
    "tm:sleeptalk",
    "tm:stealthrock",
    "tm:strength",
    "tm:substitute",
    "tm:sunnyday",
    "tm:superpower",
    "tm:toxic",
    "tutor:bodyslam",
    "tutor:confide",
    "tutor:crunch",
    "tutor:earthpower",
    "tutor:highhorsepower",
    "tutor:muddywater",
    "tutor:sandtomb",
    "tutor:snore",
    "tutor:stompingtantrum",
    "tutor:superpower",
    "tutor:weatherball"
  ]
}