{
  "target": "cobblemon:honchkrow",
  "abilities": [
    "insomnia",
    "superluck",
    "h:moxie"
  ],
  "baseStats": {
    "hp": 100,
    "attack": 125,
    "defence": 52,
    "special_attack": 105,
    "special_defence": 52,
    "speed": 96
  },
  "moves": [
    "1:foulplay",
    "1:haze",
    "1:nightslash",
    "1:pursuit",
    "1:suckerpunch",
    "1:wingattack",
    "25:swagger",
    "35:nastyplot",
    "45:snarl",
    "50:comeuppance",
    "55:drillpeck",
    "65:quash",
    "70:superpower",
    "75:darkpulse",
    "egg:assurance",
    "egg:bravebird",
    "egg:confuseray",
    "egg:drillpeck",
    "egg:featherdance",
    "egg:feintattack",
    "egg:flatter",
    "egg:mirrormove",
    "egg:perishsong",
    "egg:psychoshift",
    "egg:punishment",
    "egg:roost",
    "egg:screech",
    "egg:skyattack",
    "egg:whirlwind",
    "egg:wingattack",
    "tm:aerialace",
    "tm:bravebird",
    "tm:calmmind",
    "tm:darkpulse",
    "tm:defog",
    "tm:dualwingbeat",
    "tm:facade",
    "tm:fly",
    "tm:hiddenpower",
    "tm:icywind",
    "tm:pluck",
    "tm:protect",
    "tm:psychic",
    "tm:raindance",
    "tm:rest",
    "tm:return",
    "tm:roost",
    "tm:shadowball",
    "tm:sleeptalk",
    "tm:snarl",
    "tm:steelwing",
    "tm:substitute",
    "tm:sunnyday",
    "tm:superpower",
    "tm:taunt",
    "tm:thief",
    "tm:thunderwave",
    "tm:toxic",
    "tm:uturn",
    "tm:psychicnoise",
    "tutor:airslash",
    "tutor:bravebird",
    "tutor:confide",
    "tutor:darkhole",
    "tutor:foulplay",
    "tutor:heatwave",
    "tutor:hurricane",
    "tutor:icywind",
    "tutor:knockoff",
    "tutor:nastyplot",
    "tutor:psychup",
    "tutor:scaryface",
    "tutor:screech",
    "tutor:skyattack",
    "tutor:snatch",
    "tutor:snore",
    "tutor:spite",
    "tutor:superpower",
    "tutor:tailwind",
    "tutor:uproar"
  ]
}