{
  "target": "cobblemon:infernape",
  "abilities": [
    "blaze",
    "h:ironfist"
  ],
  "baseStats": {
    "hp": 76,
    "attack": 110,
    "defence": 71,
    "special_attack": 110,
    "special_defence": 71,
    "speed": 113
  },
  "moves": [
    "1:closecombat",
    "1:ember",
    "1:flareblitz",
    "1:leer",
    "1:machpunch",
    "1:scratch",
    "1:taunt",
    "16:flameburst",
    "19:flamewheel",
    "26:feint",
    "29:punishment",
    "42:firespin",
    "45:switcheroo",
    "52:acrobatics",
    "58:calmmind",
    "68:pyroball",
    "egg:assist",
    "egg:blazekick",
    "egg:counter",
    "egg:doublekick",
    "egg:encore",
    "egg:fakeout",
    "egg:firepunch",
    "egg:focusenergy",
    "egg:focuspunch",
    "egg:heatwave",
    "egg:helpinghand",
    "egg:poweruppunch",
    "egg:quickguard",
    "egg:submission",
    "egg:thunderpunch",
    "tm:acrobatics",
    "tm:aerialace",
    "tm:brickbreak",
    "tm:bulkup",
    "tm:bulldoze",
    "tm:calmmind",
    "tm:coaching",
    "tm:cut",
    "tm:dig",
    "tm:drainpunch",
    "tm:dualchop",
    "tm:earthquake",
    "tm:facade",
    "tm:fireblast",
    "tm:flamecharge",
    "tm:flamethrower",
    "tm:focusblast",
    "tm:focuspunch",
    "tm:grassknot",
    "tm:hiddenpower",
    "tm:honeclaws",
    "tm:irontail",
    "tm:lowkick",
    "tm:lowsweep",
    "tm:overheat",
    "tm:poisonjab",
    "tm:poweruppunch",
    "tm:protect",
    "tm:rest",
    "tm:return",
    "tm:roar",
    "tm:rockclimb",
    "tm:rockslide",
    "tm:rocksmash",
    "tm:rocktomb",
    "tm:scorchingsands",
    "tm:shadowclaw",
    "tm:sleeptalk",
    "tm:solarbeam",
    "tm:stealthrock",
    "tm:stoneedge",
    "tm:strength",
    "tm:substitute",
    "tm:sunnyday",
    "tm:swordsdance",
    "tm:taunt",
    "tm:toxic",
    "tm:uturn",
    "tm:willowisp",
    "tm:workup",
    "tm:temperflare",
    "tutor:aurasphere",
    "tutor:blastburn",
    "tutor:blazekick",
    "tutor:closecombat",
    "tutor:confide",
    "tutor:covet",
    "tutor:dualchop",
    "tutor:encore",
    "tutor:endeavor",
    "tutor:firepledge",
    "tutor:firepunch",
    "tutor:firespin",
    "tutor:flareblitz",
    "tutor:focusenergy",
    "tutor:gunkshot",
    "tutor:heatwave",
    "tutor:helpinghand",
    "tutor:laserfocus",
    "tutor:lowkick",
    "tutor:nastyplot",
    "tutor:roleplay",
    "tutor:snore",
    "tutor:thunderpunch",
    "tutor:uproar",
    "tutor:vacuumwave",
    "tutor:knockoff"
  ]
}