{
  "target": "cobblemon:kricketune",
  "abilities": [
    "technician"
  ],
  "baseStats": {
    "hp": 77,
    "attack": 95,
    "defence": 71,
    "special_attack": 55,
    "special_defence": 71,
    "speed": 80
  },
  "moves": [
    "1:bide",
    "1:furycutter",
    "1:growl",
    "1:pounce",
    "1:tackle",
    "6:strugglebug",
    "12:rocktomb",
    "14:megadrain",
    "18:sing",
    "20:bulldoze",
    "22:pinmissile",
    "26:doublehit",
    "30:lunge",
    "34:screech",
    "36:fellstinger",
    "38:taunt",
    "42:nightslash",
    "44:stickyweb",
    "46:bugbuzz",
    "50:perishsong",
    "tm:aerialace",
    "tm:brickbreak",
    "tm:bulldoze",
    "tm:bulletseed",
    "tm:cut",
    "tm:facade",
    "tm:flash",
    "tm:hiddenpower",
    "tm:honeclaws",
    "tm:hypervoice",
    "tm:leechlife",
    "tm:poweruppunch",
    "tm:protect",
    "tm:raindance",
    "tm:rest",
    "tm:return",
    "tm:rocksmash",
    "tm:rocktomb",
    "tm:sleeptalk",
    "tm:strength",
    "tm:substitute",
    "tm:sunnyday",
    "tm:swordsdance",
    "tm:taunt",
    "tm:toxic",
    "tm:trailblaze",
    "tm:xscissor",
    "tutor:bugbite",
    "tutor:bugbuzz",
    "tutor:confide",
    "tutor:endeavor",
    "tutor:focusenergy",
    "tutor:healbell",
    "tutor:hypervoice",
    "tutor:knockoff",
    "tutor:laserfocus",
    "tutor:pinmissile",
    "tutor:screech",
    "tutor:snore",
    "tutor:throatchop",
    "tutor:uproar"
  ]
}