{
  "target": "cobblemon:leafeon",
  "abilities": [
    "leafguard",
    "sapsipper",
    "h:chlorophyll"
  ],
  "baseStats": {
    "hp": 65,
    "attack": 130,
    "defence": 110,
    "special_attack": 60,
    "special_defence": 65,
    "speed": 95
  },
  "moves": [
    "1:helpinghand",
    "1:jumpkick",
    "1:razorleaf",
    "1:tailwhip",
    "9:babydolleyes",
    "13:quickattack",
    "17:grasswhistle",
    "20:magicalleaf",
    "25:gigadrain",
    "29:swordsdance",
    "33:synthesis",
    "37:sunnyday",
    "41:lastresort",
    "45:leafblade",
    "70:sappyseed",
    "egg:captivate",
    "egg:charm",
    "egg:covet",
    "egg:curse",
    "egg:detect",
    "egg:doublekick",
    "egg:endure",
    "egg:faketears",
    "egg:flail",
    "egg:mudslap",
    "egg:naturalgift",
    "egg:storedpower",
    "egg:synchronoise",
    "egg:tickle",
    "egg:wish",
    "egg:yawn",
    "tm:aerialace",
    "tm:bulletseed",
    "tm:calmmind",
    "tm:dig",
    "tm:energyball",
    "tm:facade",
    "tm:flash",
    "tm:gigadrain",
    "tm:grassknot",
    "tm:grassyglide",
    "tm:hiddenpower",
    "tm:hypervoice",
    "tm:irontail",
    "tm:protect",
    "tm:raindance",
    "tm:rest",
    "tm:return",
    "tm:roar",
    "tm:rocksmash",
    "tm:shadowball",
    "tm:sleeptalk",
    "tm:solarbeam",
    "tm:solarblade",
    "tm:strength",
    "tm:substitute",
    "tm:sunnyday",
    "tm:swordsdance",
    "tm:toxic",
    "tm:trailblaze",
    "tm:workup",
    "tm:xscissor",
    "tm:alluringvoice",
    "tutor:batonpass",
    "tutor:bodyslam",
    "tutor:celebrate",
    "tutor:confide",
    "tutor:covet",
    "tutor:faketears",
    "tutor:focusenergy",
    "tutor:healbell",
    "tutor:helpinghand",
    "tutor:hypervoice",
    "tutor:knockoff",
    "tutor:laserfocus",
    "tutor:lastresort",
    "tutor:leafblade",
    "tutor:leafstorm",
    "tutor:seedbomb",
    "tutor:snore",
    "tutor:solarblade",
    "tutor:stompingtantrum",
    "tutor:storedpower",
    "tutor:synthesis",
    "tutor:weatherball",
    "tutor:worryseed"
  ]
}