{
  "target": "cobblemon:lopunny",
  "primaryType": "normal",
  "secondaryType": "fighting",
  "abilities": [
    "cutecharm",
    "h:limber"
  ],
  "baseStats": {
    "hp": 65,
    "attack": 76,
    "defence": 84,
    "special_attack": 54,
    "special_defence": 96,
    "speed": 105
  },
  "moves": [
    "1:bounce",
    "1:defensecurl",
    "1:fakeout",
    "1:foresight",
    "1:healingwish",
    "1:magiccoat",
    "1:mirrorcoat",
    "1:return",
    "1:rototiller",
    "6:endure",
    "13:babydolleyes",
    "16:quickattack",
    "23:jumpkick",
    "26:machpunch",
    "33:agility",
    "36:dizzypunch",
    "43:afteryou",
    "46:charm",
    "53:entrainment",
    "66:highjumpkick",
    "69:doubleedge",
    "egg:circlethrow",
    "egg:copycat",
    "egg:cosmicpower",
    "egg:doublehit",
    "egg:encore",
    "egg:fakeout",
    "egg:faketears",
    "egg:firepunch",
    "egg:flail",
    "egg:focuspunch",
    "egg:icepunch",
    "egg:lowkick",
    "egg:mudsport",
    "egg:poweruppunch",
    "egg:skyuppercut",
    "egg:sweetkiss",
    "egg:switcheroo",
    "egg:teeterdance",
    "egg:thunderpunch",
    "tm:acrobatics",
    "tm:blizzard",
    "tm:brickbreak",
    "tm:chargebeam",
    "tm:cosmicpower",
    "tm:cut",
    "tm:dig",
    "tm:drainpunch",
    "tm:facade",
    "tm:focusblast",
    "tm:focuspunch",
    "tm:grassknot",
    "tm:hiddenpower",
    "tm:hypervoice",
    "tm:icebeam",
    "tm:irontail",
    "tm:lowkick",
    "tm:lowsweep",
    "tm:poweruppunch",
    "tm:protect",
    "tm:raindance",
    "tm:rest",
    "tm:return",
    "tm:rocksmash",
    "tm:shadowball",
    "tm:sleeptalk",
    "tm:solarbeam",
    "tm:strength",
    "tm:substitute",
    "tm:sunnyday",
    "tm:thunder",
    "tm:thunderbolt",
    "tm:thunderwave",
    "tm:toxic",
    "tm:tripleaxel",
    "tm:uturn",
    "tm:workup",
    "tutor:afteryou",
    "tutor:agility",
    "tutor:aurasphere",
    "tutor:batonpass",
    "tutor:bounce",
    "tutor:closecombat",
    "tutor:confide",
    "tutor:cosmicpower",
    "tutor:covet",
    "tutor:encore",
    "tutor:endeavor",
    "tutor:faketears",
    "tutor:firepunch",
    "tutor:healbell",
    "tutor:helpinghand",
    "tutor:hypervoice",
    "tutor:icepunch",
    "tutor:laserfocus",
    "tutor:lastresort",
    "tutor:lowkick",
    "tutor:magiccoat",
    "tutor:playrough",
    "tutor:reversal",
    "tutor:snore",
    "tutor:thunderpunch",
    "tutor:uproar"
  ]
}