{
  "target": "cobblemon:lucario",
  "abilities": [
    "steadfast",
    "innerfocus",
    "h:justified"
  ],
  "baseStats": {
    "hp": 70,
    "attack": 110,
    "defence": 70,
    "special_attack": 115,
    "special_defence": 70,
    "speed": 90
  },
  "moves": [
    "1:aurasphere",
    "1:detect",
    "1:foresight",
    "1:laserfocus",
    "1:machpunch",
    "1:metalclaw",
    "1:quickattack",
    "6:counter",
    "11:feint",
    "15:poweruppunch",
    "19:swordsdance",
    "24:metalsound",
    "29:bonerush",
    "33:quickguard",
    "37:mefirst",
    "42:workup",
    "47:calmmind",
    "51:healpulse",
    "55:closecombat",
    "60:dragonpulse",
    "65:extremespeed",
    "egg:agility",
    "egg:bite",
    "egg:blazekick",
    "egg:bulletpunch",
    "egg:circlethrow",
    "egg:crosschop",
    "egg:crunch",
    "egg:detect",
    "egg:followme",
    "egg:highjumpkick",
    "egg:howl",
    "egg:irondefense",
    "egg:lowkick",
    "egg:meteormash",
    "egg:mindreader",
    "egg:skyuppercut",
    "egg:vacuumwave",
    "tm:brickbreak",
    "tm:bulkup",
    "tm:bulldoze",
    "tm:calmmind",
    "tm:coaching",
    "tm:darkpulse",
    "tm:dig",
    "tm:dragonpulse",
    "tm:drainpunch",
    "tm:dualchop",
    "tm:earthquake",
    "tm:facade",
    "tm:flashcannon",
    "tm:focusblast",
    "tm:focuspunch",
    "tm:hiddenpower",
    "tm:honeclaws",
    "tm:irontail",
    "tm:lowkick",
    "tm:lowsweep",
    "tm:poisonjab",
    "tm:poweruppunch",
    "tm:protect",
    "tm:psychic",
    "tm:raindance",
    "tm:rest",
    "tm:return",
    "tm:roar",
    "tm:rockclimb",
    "tm:rockslide",
    "tm:rocksmash",
    "tm:rocktomb",
    "tm:shadowball",
    "tm:shadowclaw",
    "tm:sleeptalk",
    "tm:steelbeam",
    "tm:stoneedge",
    "tm:strength",
    "tm:substitute",
    "tm:sunnyday",
    "tm:swordsdance",
    "tm:terrainpulse",
    "tm:toxic",
    "tm:trailblaze",
    "tm:workup",
    "tutor:agility",
    "tutor:aurasphere",
    "tutor:blazekick",
    "tutor:closecombat",
    "tutor:confide",
    "tutor:crunch",
    "tutor:dualchop",
    "tutor:focusenergy",
    "tutor:helpinghand",
    "tutor:icepunch",
    "tutor:irondefense",
    "tutor:laserfocus",
    "tutor:lowkick",
    "tutor:magnetrise",
    "tutor:nastyplot",
    "tutor:reversal",
    "tutor:roleplay",
    "tutor:scaryface",
    "tutor:screech",
    "tutor:snore",
    "tutor:thunderpunch",
    "tutor:vacuumwave",
    "tutor:zenheadbutt"
  ]
}