{
  "target": "cobblemon:lumineon",
  "abilities": [
    "dazzling",
    "stormdrain",
    "h:waterveil"
  ],
  "baseStats": {
    "hp": 79,
    "attack": 59,
    "defence": 76,
    "special_attack": 96,
    "special_defence": 69,
    "speed": 101
  },
  "moves": [
    "1:aircutter",
    "1:attract",
    "1:pound",
    "1:scald",
    "1:soak",
    "3:watergun",
    "7:aurorabeam",
    "13:raindance",
    "17:waterpulse",
    "26:ominouswind",
    "29:silverwind",
    "34:icebeam",
    "42:whirlpool",
    "45:tailwind",
    "48:uturn",
    "53:bounce",
    "59:tailglow",
    "64:hurricane",
    "egg:agility",
    "egg:aquatail",
    "egg:aurorabeam",
    "egg:brine",
    "egg:charm",
    "egg:confuseray",
    "egg:flail",
    "egg:psybeam",
    "egg:signalbeam",
    "egg:splash",
    "egg:sweetkiss",
    "egg:tickle",
    "tm:aerialace",
    "tm:blizzard",
    "tm:defog",
    "tm:dualwingbeat",
    "tm:facade",
    "tm:flash",
    "tm:flipturn",
    "tm:snowscape",
    "tm:hiddenpower",
    "tm:icebeam",
    "tm:icywind",
    "tm:protect",
    "tm:raindance",
    "tm:rest",
    "tm:return",
    "tm:roost",
    "tm:scald",
    "tm:scaleshot",
    "tm:sleeptalk",
    "tm:substitute",
    "tm:surf",
    "tm:toxic",
    "tm:uturn",
    "tm:waterfall",
    "tm:alluringvoice",
    "tutor:agility",
    "tutor:aquatail",
    "tutor:bounce",
    "tutor:confide",
    "tutor:hurricane",
    "tutor:hydropump",
    "tutor:icywind",
    "tutor:psychup",
    "tutor:signalbeam",
    "tutor:snore",
    "tutor:tailwind",
    "tutor:whirlpool"
  ]
}