{
  "target": "cobblemon:luxio",
  "abilities": [
    "rivalry",
    "intimidate",
    "h:guts"
  ],
  "baseStats": {
    "hp": 60,
    "attack": 85,
    "defence": 49,
    "special_attack": 60,
    "special_defence": 49,
    "speed": 60
  },
  "moves": [
    "1:leer",
    "1:tackle",
    "9:bite",
    "9:charge",
    "13:spark",
    "23:roar",
    "28:swagger",
    "33:thunderfang",
    "38:crunch",
    "43:scaryface",
    "48:discharge",
    "53:wildcharge",
    "egg:doublekick",
    "egg:eerieimpulse",
    "egg:faketears",
    "egg:firefang",
    "egg:helpinghand",
    "egg:howl",
    "egg:icefang",
    "egg:nightslash",
    "egg:quickattack",
    "egg:shockwave",
    "egg:signalbeam",
    "egg:swift",
    "egg:takedown",
    "egg:thunderfang",
    "tm:chargebeam",
    "tm:facade",
    "tm:flash",
    "tm:hiddenpower",
    "tm:irontail",
    "tm:lightscreen",
    "tm:protect",
    "tm:raindance",
    "tm:rest",
    "tm:return",
    "tm:roar",
    "tm:sleeptalk",
    "tm:snarl",
    "tm:strength",
    "tm:substitute",
    "tm:thief",
    "tm:thunder",
    "tm:thunderbolt",
    "tm:thunderwave",
    "tm:toxic",
    "tm:trailblaze",
    "tm:voltswitch",
    "tm:wildcharge",
    "tutor:confide",
    "tutor:crunch",
    "tutor:electroball",
    "tutor:faketears",
    "tutor:firefang",
    "tutor:helpinghand",
    "tutor:icefang",
    "tutor:magnetrise",
    "tutor:playrough",
    "tutor:psychicfangs",
    "tutor:scaryface",
    "tutor:signalbeam",
    "tutor:snore",
    "tutor:thunderfang"
  ]
}