{
  "target": "cobblemon:magmortar",
  "abilities": [
    "flamebody",
    "quickdraw",
    "h:megalauncher"
  ],
  "baseStats": {
    "hp": 75,
    "attack": 80,
    "defence": 67,
    "special_attack": 125,
    "special_defence": 95,
    "speed": 98
  },
  "moves": [
    "1:leer",
    "1:scorchingsands",
    "1:smog",
    "1:thunderpunch",
    "5:ember",
    "12:feintattack",
    "15:firespin",
    "19:clearsmog",
    "22:flameburst",
    "26:confuseray",
    "29:firepunch",
    "36:lavaplume",
    "42:sunnyday",
    "49:flamethrower",
    "55:fireblast",
    "62:hydrosteam",
    "66:magmastorm",
    "70:steameruption",
    "egg:barrier",
    "egg:belch",
    "egg:bellydrum",
    "egg:crosschop",
    "egg:dynamicpunch",
    "egg:flareblitz",
    "egg:focusenergy",
    "egg:irontail",
    "egg:karatechop",
    "egg:machpunch",
    "egg:megapunch",
    "egg:powerswap",
    "egg:screech",
    "egg:thunderpunch",
    "tm:brickbreak",
    "tm:bulldoze",
    "tm:darkpulse",
    "tm:dragonpulse",
    "tm:dualchop",
    "tm:earthquake",
    "tm:facade",
    "tm:fireblast",
    "tm:flamecharge",
    "tm:flamethrower",
    "tm:focusblast",
    "tm:focuspunch",
    "tm:hiddenpower",
    "tm:irontail",
    "tm:lowkick",
    "tm:lowsweep",
    "tm:meteorbeam",
    "tm:overheat",
    "tm:poweruppunch",
    "tm:protect",
    "tm:psychic",
    "tm:rest",
    "tm:return",
    "tm:rockclimb",
    "tm:rockslide",
    "tm:rocksmash",
    "tm:rocktomb",
    "tm:scald",
    "tm:scorchingsands",
    "tm:sleeptalk",
    "tm:solarbeam",
    "tm:strength",
    "tm:substitute",
    "tm:sunnyday",
    "tm:taunt",
    "tm:terrainpulse",
    "tm:thief",
    "tm:thunderbolt",
    "tm:toxic",
    "tm:willowisp",
    "tm:temperflare",
    "tutor:aurasphere",
    "tutor:bodyslam",
    "tutor:confide",
    "tutor:covet",
    "tutor:dualchop",
    "tutor:firepunch",
    "tutor:firespin",
    "tutor:flareblitz",
    "tutor:focusenergy",
    "tutor:heatwave",
    "tutor:helpinghand",
    "tutor:lowkick",
    "tutor:mysticalfire",
    "tutor:snore",
    "tutor:stompingtantrum",
    "tutor:thunderpunch",
    "tutor:uproar",
    "tutor:weatherball",
    "tutor:vacuumwave"
  ]
}