{
  "target": "cobblemon:mamoswine",
  "abilities": [
    "oblivious",
    "snowcloak",
    "h:thickfat"
  ],
  "baseStats": {
    "hp": 110,
    "attack": 130,
    "defence": 80,
    "special_attack": 70,
    "special_defence": 60,
    "speed": 80
  },
  "moves": [
    "1:ancientpower",
    "1:babydolleyes",
    "1:furyattack",
    "1:mudsport",
    "1:odorsleuth",
    "1:peck",
    "1:powdersnow",
    "1:scaryface",
    "8:iceshard",
    "11:mudslap",
    "14:endure",
    "18:bulldoze",
    "21:snowscape",
    "24:icefang",
    "28:takedown",
    "33:doublehit",
    "37:mist",
    "41:thrash",
    "46:earthquake",
    "52:iciclecrash",
    "90:headlongrush",
    "100:mountaingale",
    "egg:ancientpower",
    "egg:avalanche",
    "egg:bite",
    "egg:bodyslam",
    "egg:curse",
    "egg:doubleedge",
    "egg:freezedry",
    "egg:iciclecrash",
    "egg:iciclespear",
    "egg:mudshot",
    "egg:rocktomb",
    "egg:stealthrock",
    "egg:takedown",
    "tm:blizzard",
    "tm:bodypress",
    "tm:bulldoze",
    "tm:dig",
    "tm:earthquake",
    "tm:facade",
    "tm:snowscape",
    "tm:hiddenpower",
    "tm:icebeam",
    "tm:icywind",
    "tm:lightscreen",
    "tm:protect",
    "tm:raindance",
    "tm:reflect",
    "tm:rest",
    "tm:return",
    "tm:roar",
    "tm:rockclimb",
    "tm:rockslide",
    "tm:rocksmash",
    "tm:rocktomb",
    "tm:sandstorm",
    "tm:sleeptalk",
    "tm:stealthrock",
    "tm:stoneedge",
    "tm:strength",
    "tm:substitute",
    "tm:superpower",
    "tm:toxic",
    "tm:trailblaze",
    "tutor:block",
    "tutor:bodypress",
    "tutor:bodyslam",
    "tutor:confide",
    "tutor:earthpower",
    "tutor:endeavor",
    "tutor:heavyslam",
    "tutor:highhorsepower",
    "tutor:icefang",
    "tutor:iciclespear",
    "tutor:icywind",
    "tutor:ironhead",
    "tutor:knockoff",
    "tutor:rockblast",
    "tutor:sandtomb",
    "tutor:scaryface",
    "tutor:snore",
    "tutor:stompingtantrum",
    "tutor:superpower"
  ]
}