{
  "target": "cobblemon:mantyke",
  "abilities": [
    "swiftswim",
    "waterabsorb",
    "h:waterveil"
  ],
  "baseStats": {
    "hp": 45,
    "attack": 20,
    "defence": 50,
    "special_attack": 60,
    "special_defence": 120,
    "speed": 50
  },
  "moves": [
    "1:bubble",
    "1:tackle",
    "3:supersonic",
    "7:bubblebeam",
    "11:confuseray",
    "14:wingattack",
    "16:headbutt",
    "19:waterpulse",
    "23:wideguard",
    "27:takedown",
    "32:agility",
    "36:airslash",
    "39:aquaring",
    "46:bounce",
    "49:hydropump",
    "egg:amnesia",
    "egg:confuseray",
    "egg:haze",
    "egg:hydropump",
    "egg:mirrorcoat",
    "egg:mudsport",
    "egg:signalbeam",
    "egg:slam",
    "egg:splash",
    "egg:tailwind",
    "egg:twister",
    "egg:watersport",
    "egg:wideguard",
    "tm:acrobatics",
    "tm:aerialace",
    "tm:blizzard",
    "tm:bulldoze",
    "tm:earthquake",
    "tm:facade",
    "tm:flipturn",
    "tm:snowscape",
    "tm:hiddenpower",
    "tm:icebeam",
    "tm:icywind",
    "tm:protect",
    "tm:raindance",
    "tm:rest",
    "tm:return",
    "tm:rockslide",
    "tm:scald",
    "tm:sleeptalk",
    "tm:substitute",
    "tm:surf",
    "tm:toxic",
    "tm:waterfall",
    "tutor:agility",
    "tutor:airslash",
    "tutor:bounce",
    "tutor:confide",
    "tutor:helpinghand",
    "tutor:hydropump",
    "tutor:icywind",
    "tutor:signalbeam",
    "tutor:snore",
    "tutor:tailwind",
    "tutor:whirlpool"
  ]
}