{
  "target": "cobblemon:mesprit",
  "abilities": [
    "levitate"
  ],
  "baseStats": {
    "hp": 80,
    "attack": 105,
    "defence": 105,
    "special_attack": 105,
    "special_defence": 105,
    "speed": 80
  },
  "moves": [
    "1:confusion",
    "1:copycat",
    "1:healingwish",
    "1:naturalgift",
    "1:recover",
    "1:rest",
    "6:imprison",
    "16:protect",
    "21:swift",
    "31:luckychant",
    "36:futuresight",
    "42:mysticalpower",
    "46:charm",
    "50:extrasensory",
    "tm:acrobatics",
    "tm:blizzard",
    "tm:calmmind",
    "tm:chargebeam",
    "tm:dazzlinggleam",
    "tm:drainingkiss",
    "tm:drainpunch",
    "tm:energyball",
    "tm:expandingforce",
    "tm:facade",
    "tm:flash",
    "tm:futuresight",
    "tm:grassknot",
    "tm:hiddenpower",
    "tm:icebeam",
    "tm:irontail",
    "tm:lightscreen",
    "tm:poweruppunch",
    "tm:protect",
    "tm:psychic",
    "tm:psyshock",
    "tm:raindance",
    "tm:reflect",
    "tm:rest",
    "tm:return",
    "tm:sandstorm",
    "tm:shadowball",
    "tm:sleeptalk",
    "tm:stealthrock",
    "tm:substitute",
    "tm:sunnyday",
    "tm:thunder",
    "tm:thunderbolt",
    "tm:thunderwave",
    "tm:toxic",
    "tm:trickroom",
    "tm:uturn",
    "tm:psychicnoise",
    "tutor:batonpass",
    "tutor:confide",
    "tutor:encore",
    "tutor:firepunch",
    "tutor:helpinghand",
    "tutor:icepunch",
    "tutor:knockoff",
    "tutor:laserfocus",
    "tutor:magiccoat",
    "tutor:magicroom",
    "tutor:nastyplot",
    "tutor:playrough",
    "tutor:psychocut",
    "tutor:psychup",
    "tutor:roleplay",
    "tutor:signalbeam",
    "tutor:snore",
    "tutor:storedpower",
    "tutor:thunderpunch",
    "tutor:trick",
    "tutor:wonderroom",
    "tutor:zenheadbutt"
  ]
}