{
  "target": "cobblemon:mimejr",
  "abilities": [
    "soundproof",
    "filter",
    "h:technician"
  ],
  "baseStats": {
    "hp": 20,
    "attack": 25,
    "defence": 45,
    "special_attack": 70,
    "special_defence": 90,
    "speed": 60
  },
  "moves": [
    "1:barrier",
    "1:confusion",
    "1:pound",
    "1:tickle",
    "4:copycat",
    "8:meditate",
    "11:doubleslap",
    "15:mimic",
    "18:encore",
    "22:lightscreen",
    "22:reflect",
    "25:psybeam",
    "29:substitute",
    "32:recycle",
    "36:taunt",
    "39:psychic",
    "43:roleplay",
    "50:safeguard",
    "egg:charm",
    "egg:confuseray",
    "egg:fakeout",
    "egg:futuresight",
    "egg:healingwish",
    "egg:hypnosis",
    "egg:icywind",
    "egg:magicroom",
    "egg:mimic",
    "egg:nastyplot",
    "egg:powersplit",
    "egg:psychicterrain",
    "egg:teeterdance",
    "egg:trick",
    "egg:wakeupslap",
    "tm:brickbreak",
    "tm:calmmind",
    "tm:chargebeam",
    "tm:dazzlinggleam",
    "tm:drainpunch",
    "tm:expandingforce",
    "tm:facade",
    "tm:flash",
    "tm:focuspunch",
    "tm:futuresight",
    "tm:grassknot",
    "tm:hiddenpower",
    "tm:icywind",
    "tm:lightscreen",
    "tm:protect",
    "tm:psychic",
    "tm:psyshock",
    "tm:raindance",
    "tm:reflect",
    "tm:rest",
    "tm:return",
    "tm:shadowball",
    "tm:sleeptalk",
    "tm:solarbeam",
    "tm:substitute",
    "tm:sunnyday",
    "tm:taunt",
    "tm:thief",
    "tm:thunder",
    "tm:thunderbolt",
    "tm:thunderwave",
    "tm:toxic",
    "tm:trickroom",
    "tutor:batonpass",
    "tutor:confide",
    "tutor:covet",
    "tutor:encore",
    "tutor:helpinghand",
    "tutor:icywind",
    "tutor:magiccoat",
    "tutor:magicroom",
    "tutor:mistyterrain",
    "tutor:nastyplot",
    "tutor:psychicterrain",
    "tutor:psychup",
    "tutor:roleplay",
    "tutor:signalbeam",
    "tutor:snatch",
    "tutor:snore",
    "tutor:storedpower",
    "tutor:trick",
    "tutor:uproar",
    "tutor:wonderroom"
  ]
}