{
  "target": "cobblemon:mismagius",
  "primaryType": "ghost",
  "secondaryType": "fairy",
  "abilities": [
    "levitate"
  ],
  "baseStats": {
    "hp": 70,
    "attack": 60,
    "defence": 70,
    "special_attack": 105,
    "special_defence": 105,
    "speed": 105
  },
  "moves": [
    "1:astonish",
    "1:hex",
    "1:luckychant",
    "1:magicalleaf",
    "1:mysticalfire",
    "1:phantomforce",
    "1:powergem",
    "1:psywave",
    "1:spite",
    "70:moonblast",
    "egg:curse",
    "egg:destinybond",
    "egg:imprison",
    "egg:mefirst",
    "egg:memento",
    "egg:nastyplot",
    "egg:ominouswind",
    "egg:screech",
    "egg:shadowsneak",
    "egg:skillswap",
    "egg:spite",
    "egg:suckerpunch",
    "egg:wonderroom",
    "tm:aerialace",
    "tm:calmmind",
    "tm:chargebeam",
    "tm:darkpulse",
    "tm:dazzlinggleam",
    "tm:energyball",
    "tm:facade",
    "tm:flash",
    "tm:hiddenpower",
    "tm:hypervoice",
    "tm:icywind",
    "tm:poltergeist",
    "tm:protect",
    "tm:psychic",
    "tm:raindance",
    "tm:rest",
    "tm:return",
    "tm:shadowball",
    "tm:sleeptalk",
    "tm:substitute",
    "tm:sunnyday",
    "tm:taunt",
    "tm:thief",
    "tm:thunder",
    "tm:thunderbolt",
    "tm:thunderwave",
    "tm:toxic",
    "tm:trickroom",
    "tm:willowisp",
    "tm:psychicnoise",
    "tutor:confide",
    "tutor:faketears",
    "tutor:foulplay",
    "tutor:healbell",
    "tutor:hex",
    "tutor:hypervoice",
    "tutor:icywind",
    "tutor:laserfocus",
    "tutor:magiccoat",
    "tutor:magicroom",
    "tutor:mysticalfire",
    "tutor:nastyplot",
    "tutor:painsplit",
    "tutor:phantomforce",
    "tutor:powergem",
    "tutor:psychup",
    "tutor:screech",
    "tutor:snatch",
    "tutor:snore",
    "tutor:spite",
    "tutor:trick",
    "tutor:uproar",
    "tutor:wonderroom"
  ]
}