{
  "target": "cobblemon:monferno",
  "abilities": [
    "blaze",
    "h:ironfist"
  ],
  "baseStats": {
    "hp": 64,
    "attack": 78,
    "defence": 52,
    "special_attack": 78,
    "special_defence": 52,
    "speed": 81
  },
  "moves": [
    "1:ember",
    "1:leer",
    "1:machpunch",
    "1:scratch",
    "9:taunt",
    "16:flamewheel",
    "19:flameburst",
    "26:feint",
    "27:lowsweep",
    "29:torment",
    "36:closecombat",
    "39:firespin",
    "46:acrobatics",
    "49:slackoff",
    "56:flareblitz",
    "egg:assist",
    "egg:blazekick",
    "egg:counter",
    "egg:doublekick",
    "egg:encore",
    "egg:fakeout",
    "egg:firepunch",
    "egg:focusenergy",
    "egg:focuspunch",
    "egg:heatwave",
    "egg:helpinghand",
    "egg:poweruppunch",
    "egg:quickguard",
    "egg:submission",
    "egg:thunderpunch",
    "tm:acrobatics",
    "tm:aerialace",
    "tm:brickbreak",
    "tm:bulkup",
    "tm:coaching",
    "tm:cut",
    "tm:dig",
    "tm:dualchop",
    "tm:facade",
    "tm:fireblast",
    "tm:flamecharge",
    "tm:flamethrower",
    "tm:focusblast",
    "tm:aurasphere",
    "tm:focuspunch",
    "tm:grassknot",
    "tm:hiddenpower",
    "tm:honeclaws",
    "tm:irontail",
    "tm:lowkick",
    "tm:lowsweep",
    "tm:overheat",
    "tm:poisonjab",
    "tm:poweruppunch",
    "tm:protect",
    "tm:rest",
    "tm:return",
    "tm:rockclimb",
    "tm:rockslide",
    "tm:rocksmash",
    "tm:rocktomb",
    "tm:scorchingsands",
    "tm:shadowclaw",
    "tm:sleeptalk",
    "tm:stealthrock",
    "tm:strength",
    "tm:substitute",
    "tm:sunnyday",
    "tm:swordsdance",
    "tm:taunt",
    "tm:toxic",
    "tm:uturn",
    "tm:willowisp",
    "tm:workup",
    "tm:temperflare",
    "tutor:blazekick",
    "tutor:closecombat",
    "tutor:confide",
    "tutor:covet",
    "tutor:dualchop",
    "tutor:encore",
    "tutor:endeavor",
    "tutor:firepledge",
    "tutor:firepunch",
    "tutor:firespin",
    "tutor:flareblitz",
    "tutor:focusenergy",
    "tutor:gunkshot",
    "tutor:heatwave",
    "tutor:helpinghand",
    "tutor:lowkick",
    "tutor:nastyplot",
    "tutor:roleplay",
    "tutor:snore",
    "tutor:thunderpunch",
    "tutor:uproar",
    "tutor:vacuumwave"
  ]
}