{
  "target": "cobblemon:mothim",
  "abilities": [
    "swarm",
    "h:tintedlens"
  ],
  "baseStats": {
    "hp": 70,
    "attack": 84,
    "defence": 50,
    "special_attack": 94,
    "special_defence": 50,
    "speed": 80
  },
  "moves": [
    "1:aircutter",
    "1:quiverdance",
    "1:tackle",
    "10:detect",
    "15:bugbite",
    "20:airslash",
    "23:signalbeam",
    "26:hiddenpower",
    "29:poisonpowder",
    "32:psybeam",
    "35:camouflage",
    "38:bugbuzz",
    "44:psychic",
    "47:hurricane",
    "tm:acrobatics",
    "tm:aerialace",
    "tm:defog",
    "tm:dualwingbeat",
    "tm:electroweb",
    "tm:energyball",
    "tm:facade",
    "tm:flash",
    "tm:gigadrain",
    "tm:hiddenpower",
    "tm:protect",
    "tm:psychic",
    "tm:raindance",
    "tm:rest",
    "tm:return",
    "tm:roost",
    "tm:shadowball",
    "tm:sleeptalk",
    "tm:solarbeam",
    "tm:substitute",
    "tm:sunnyday",
    "tm:thief",
    "tm:toxic",
    "tm:uturn",
    "tm:venoshock",
    "tutor:airslash",
    "tutor:bugbite",
    "tutor:bugbuzz",
    "tutor:confide",
    "tutor:electroweb",
    "tutor:hurricane",
    "tutor:psychup",
    "tutor:signalbeam",
    "tutor:snore",
    "tutor:tailwind"
  ]
}