{
  "target": "cobblemon:munchlax",
  "abilities": [
    "pickup",
    "thickfat",
    "h:gluttony"
  ],
  "baseStats": {
    "hp": 135,
    "attack": 85,
    "defence": 40,
    "special_attack": 40,
    "special_defence": 85,
    "speed": 5
  },
  "moves": [
    "1:lastresort",
    "1:lick",
    "1:metronome",
    "1:odorsleuth",
    "1:recycle",
    "1:tackle",
    "4:defensecurl",
    "9:amnesia",
    "17:chipaway",
    "20:screech",
    "25:bodyslam",
    "28:stockpile",
    "33:swallow",
    "36:rollout",
    "41:fling",
    "44:bellydrum",
    "49:naturalgift",
    "50:snatch",
    "egg:afteryou",
    "egg:belch",
    "egg:charm",
    "egg:counter",
    "egg:curse",
    "egg:doubleedge",
    "egg:lick",
    "egg:naturalgift",
    "egg:pursuit",
    "egg:selfdestruct",
    "egg:whirlwind",
    "egg:zenheadbutt",
    "tm:blizzard",
    "tm:brickbreak",
    "tm:bulldoze",
    "tm:earthquake",
    "tm:facade",
    "tm:fireblast",
    "tm:flamethrower",
    "tm:focuspunch",
    "tm:hiddenpower",
    "tm:hypervoice",
    "tm:icebeam",
    "tm:icywind",
    "tm:poweruppunch",
    "tm:protect",
    "tm:psychic",
    "tm:raindance",
    "tm:rest",
    "tm:return",
    "tm:rockclimb",
    "tm:rockslide",
    "tm:rocksmash",
    "tm:rocktomb",
    "tm:sandstorm",
    "tm:shadowball",
    "tm:sleeptalk",
    "tm:solarbeam",
    "tm:strength",
    "tm:substitute",
    "tm:sunnyday",
    "tm:superpower",
    "tm:surf",
    "tm:thunder",
    "tm:thunderbolt",
    "tm:toxic",
    "tm:workup",
    "tutor:afteryou",
    "tutor:bodyslam",
    "tutor:confide",
    "tutor:covet",
    "tutor:encore",
    "tutor:firepunch",
    "tutor:gunkshot",
    "tutor:hydropump",
    "tutor:hypervoice",
    "tutor:icepunch",
    "tutor:icywind",
    "tutor:lastresort",
    "tutor:screech",
    "tutor:seedbomb",
    "tutor:snatch",
    "tutor:snore",
    "tutor:stompingtantrum",
    "tutor:superpower",
    "tutor:thunderpunch",
    "tutor:uproar",
    "tutor:whirlpool",
    "tutor:zenheadbutt"
  ]
}