{
  "target": "cobblemon:pachirisu",
  "abilities": [
    "prankster",
    "pickup",
    "h:voltabsorb"
  ],
  "baseStats": {
    "hp": 75,
    "attack": 45,
    "defence": 70,
    "special_attack": 45,
    "special_defence": 95,
    "speed": 95
  },
  "moves": [
    "1:bide",
    "1:growl",
    "5:quickattack",
    "9:charm",
    "13:spark",
    "17:lightscreen",
    "17:reflect",
    "19:nuzzle",
    "21:swift",
    "25:electroball",
    "29:sweetkiss",
    "33:thunderwave",
    "37:superfang",
    "41:discharge",
    "45:lastresort",
    "49:hyperfang",
    "egg:babydolleyes",
    "egg:bestow",
    "egg:bite",
    "egg:charge",
    "egg:covet",
    "egg:defensecurl",
    "egg:faketears",
    "egg:flail",
    "egg:flatter",
    "egg:followme",
    "egg:iondeluge",
    "egg:irontail",
    "egg:rollout",
    "egg:tailwhip",
    "tm:chargebeam",
    "tm:cut",
    "tm:dig",
    "tm:electroweb",
    "tm:facade",
    "tm:flash",
    "tm:grassknot",
    "tm:hiddenpower",
    "tm:irontail",
    "tm:lightscreen",
    "tm:protect",
    "tm:raindance",
    "tm:reflect",
    "tm:rest",
    "tm:return",
    "tm:risingvoltage",
    "tm:sleeptalk",
    "tm:substitute",
    "tm:thunder",
    "tm:thunderbolt",
    "tm:thunderwave",
    "tm:toxic",
    "tm:trailblaze",
    "tm:uturn",
    "tm:voltswitch",
    "tm:alluringvoice",
    "tutor:confide",
    "tutor:covet",
    "tutor:electroball",
    "tutor:electroweb",
    "tutor:faketears",
    "tutor:gunkshot",
    "tutor:helpinghand",
    "tutor:laserfocus",
    "tutor:lastresort",
    "tutor:magnetrise",
    "tutor:playrough",
    "tutor:seedbomb",
    "tutor:snore",
    "tutor:superfang",
    "tutor:thunderpunch",
    "tutor:uproar"
  ]
}