{
  "target": "cobblemon:palkia",
  "abilities": [
    "pressure",
    "h:telepathy"
  ],
  "baseStats": {
    "hp": 90,
    "attack": 120,
    "defence": 100,
    "special_attack": 150,
    "special_defence": 120,
    "speed": 100
  },
  "moves": [
    "1:dragonbreath",
    "1:scaryface",
    "6:waterpulse",
    "10:ancientpower",
    "15:slash",
    "19:powergem",
    "24:aquaring",
    "28:dragonclaw",
    "33:earthpower",
    "37:aurasphere",
    "42:aquatail",
    "46:spacialrend",
    "50:hydropump",
    "tm:aerialace",
    "tm:blizzard",
    "tm:bodypress",
    "tm:brickbreak",
    "tm:bulkup",
    "tm:bulldoze",
    "tm:cut",
    "tm:dracobarrage",
    "tm:dragonclaw",
    "tm:dragonpulse",
    "tm:dragontail",
    "tm:dualwingbeat",
    "tm:earthquake",
    "tm:facade",
    "tm:fireblast",
    "tm:flamethrower",
    "tm:focusblast",
    "tm:focuspunch",
    "tm:snowscape",
    "tm:hiddenpower",
    "tm:honeclaws",
    "tm:hypervoice",
    "tm:icebeam",
    "tm:protect",
    "tm:raindance",
    "tm:rest",
    "tm:return",
    "tm:roar",
    "tm:rockslide",
    "tm:rocksmash",
    "tm:rocktomb",
    "tm:sandstorm",
    "tm:scaleshot",
    "tm:shadowclaw",
    "tm:sleeptalk",
    "tm:stoneedge",
    "tm:strength",
    "tm:substitute",
    "tm:sunnyday",
    "tm:surf",
    "tm:thunder",
    "tm:thunderbolt",
    "tm:thunderwave",
    "tm:toxic",
    "tm:trickroom",
    "tutor:aquatail",
    "tutor:aurasphere",
    "tutor:bodypress",
    "tutor:bodyslam",
    "tutor:breakingswipe",
    "tutor:confide",
    "tutor:dracometeor",
    "tutor:earthpower",
    "tutor:gravity",
    "tutor:heavyslam",
    "tutor:hydropump",
    "tutor:hypervoice",
    "tutor:liquidation",
    "tutor:outrage",
    "tutor:powergem",
    "tutor:psychup",
    "tutor:scaryface",
    "tutor:snore",
    "tutor:stompingtantrum",
    "tutor:whirlpool"
  ]
}