{
  "target": "cobblemon:piplup",
  "abilities": [
    "torrent",
    "h:competitive"
  ],
  "baseStats": {
    "hp": 53,
    "attack": 51,
    "defence": 53,
    "special_attack": 61,
    "special_defence": 56,
    "speed": 40
  },
  "moves": [
    "1:pound",
    "4:growl",
    "7:bubble",
    "9:aquajet",
    "11:bubblebeam",
    "13:babydolleyes",
    "15:pluck",
    "18:yawn",
    "22:bide",
    "25:grassknot",
    "29:brine",
    "32:whirlpool",
    "36:mist",
    "39:drillpeck",
    "43:hydropump",
    "egg:agility",
    "egg:aquaring",
    "egg:bide",
    "egg:doublehit",
    "egg:featherdance",
    "egg:flail",
    "egg:hydropump",
    "egg:icywind",
    "egg:mudslap",
    "egg:mudsport",
    "egg:powertrip",
    "egg:snore",
    "egg:supersonic",
    "egg:yawn",
    "tm:aerialace",
    "tm:blizzard",
    "tm:brickbreak",
    "tm:cut",
    "tm:defog",
    "tm:dig",
    "tm:facade",
    "tm:flipturn",
    "tm:grassknot",
    "tm:snowscape",
    "tm:hiddenpower",
    "tm:icebeam",
    "tm:icywind",
    "tm:pluck",
    "tm:protect",
    "tm:raindance",
    "tm:rest",
    "tm:return",
    "tm:rocktomb",
    "tm:scald",
    "tm:sleeptalk",
    "tm:stealthrock",
    "tm:substitute",
    "tm:surf",
    "tm:toxic",
    "tm:waterfall",
    "tm:workup",
    "tutor:agility",
    "tutor:confide",
    "tutor:covet",
    "tutor:hydropump",
    "tutor:icywind",
    "tutor:signalbeam",
    "tutor:snore",
    "tutor:waterpledge",
    "tutor:whirlpool"
  ]
}