{
    "type": "minecraft:chest",
    "pools": [
        {
            "rolls": {
                "type": "minecraft:uniform",
                "min": 3,
                "max": 8
            },
            "bonus_rolls": 0,
            "entries": [
                {
                    "type": "minecraft:item",
                    "name": "minecraft:clay_ball"
                },
                {
                    "type": "minecraft:item",
                    "name": "minecraft:green_dye"
                },
                {
                    "type": "minecraft:item",
                    "weight": 10,
                    "name": "minecraft:cactus",
                    "functions": [
                        {
                            "function": "minecraft:set_count",
                            "count": {
                                "type": "minecraft:uniform",
                                "min": 1,
                                "max": 4
                            },
                            "add": false
                        }
                    ]
                },
                {
                    "type": "minecraft:item",
                    "weight": 10,
                    "name": "minecraft:wheat",
                    "functions": [
                        {
                            "function": "minecraft:set_count",
                            "count": {
                                "type": "minecraft:uniform",
                                "min": 1,
                                "max": 7
                            },
                            "add": false
                        }
                    ]
                },
                {
                    "type": "minecraft:item",
                    "weight": 10,
                    "name": "minecraft:bread",
                    "functions": [
                        {
                            "function": "minecraft:set_count",
                            "count": {
                                "type": "minecraft:uniform",
                                "min": 1,
                                "max": 4
                            },
                            "add": false
                        }
                    ]
                },
                {
                    "type": "minecraft:item",
                    "name": "minecraft:book"
                },
                {
                    "type": "minecraft:item",
                    "weight": 2,
                    "name": "minecraft:dead_bush",
                    "functions": [
                        {
                            "function": "minecraft:set_count",
                            "count": {
                                "type": "minecraft:uniform",
                                "min": 1,
                                "max": 3
                            },
                            "add": false
                        }
                    ]
                },
                {
                    "type": "minecraft:item",
                    "name": "minecraft:emerald",
                    "functions": [
                        {
                            "function": "minecraft:set_count",
                            "count": {
                                "type": "minecraft:uniform",
                                "min": 1,
                                "max": 3
                            },
                            "add": false
                        }
                    ]
                }
            ]
        },
        {
            "rolls": {
                "type": "minecraft:uniform",
				                "min": 1,
                "max": 2
            },
            "bonus_rolls": 0,
            "entries": [
             {
          "type": "minecraft:loot_table",
          "value": "minecraft:cobblemon/apricorn_loot",
          "weight": 10
        },
        {
          "type": "minecraft:loot_table",
          "value": "minecraft:cobblemon/basic_loot",
          "weight": 10
        },
        {
          "type": "minecraft:item",
          "name": "cobblemon:potion",
          "functions": [
            {
              "add": false,
              "count": {
                "type": "minecraft:uniform",
                "max": 3,
                "min": 1
              },
              "function": "minecraft:set_count"
            }
          ]
        },
                {
                    "type": "minecraft:item",
                    "weight": 5,
                    "name": "cobblemon:vivichoke_seeds",
                    "functions": [
                        {
                            "function": "minecraft:set_count",
                            "count": {
                                "type": "minecraft:uniform",
                                "min": 1,
                                "max": 3
                            },
                            "add": false
                        }
                    ]
                },
                {
                    "type": "minecraft:item",
                    "name": "cobblemon:oran_berry",
                    "functions": [
                        {
                            "function": "minecraft:set_count",
                            "count": {
                                "type": "minecraft:uniform",
                                "min": 1,
                                "max": 2
                            },
                            "add": false
                        }
                    ]
                },
                {
                    "type": "minecraft:item",
                    "name": "cobblemon:persim_berry",
                    "functions": [
                        {
                            "function": "minecraft:set_count",
                            "count": {
                                "type": "minecraft:uniform",
                                "min": 1,
                                "max": 2
                            },
                            "add": false
                        }
                    ]
                },
                {
                    "type": "minecraft:item",
                    "name": "cobblemon:rawst_berry",
                    "functions": [
                        {
                            "function": "minecraft:set_count",
                            "count": {
                                "type": "minecraft:uniform",
                                "min": 1,
                                "max": 2
                            },
                            "add": false
                        }
                    ]
                },
                {
                    "type": "minecraft:item",
                    "name": "cobblemon:pinap_berry",
                    "functions": [
                        {
                            "function": "minecraft:set_count",
                            "count": {
                                "type": "minecraft:uniform",
                                "min": 1,
                                "max": 2
                            },
                            "add": false
                        }
                    ]
                }
            ]
        }
    ],
    "random_sequence": "minecraft:chests/village/village_desert_house"
}