{
  "type": "minecraft:gift",
  "pools": [
    {
      "bonus_rolls": 0,
      "entries": [
        {
          "type": "minecraft:item",
          "name": "cobblemon:vivichoke_seeds",
          "weight": 12
        },
        {
          "type": "minecraft:item",
          "name": "cobblemon:relic_coin_pouch",
          "weight": 12,
          "functions": [
            {
              "function": "minecraft:set_count",
              "count": {
                "type": "minecraft:uniform",
                "min": 1,
                "max": 1
              }
            }
          ]
        },
        {
          "type": "minecraft:item",
          "name": "cobblemon:black_tumblestone",
          "weight": 9,
          "functions": [
            {
              "function": "minecraft:set_count",
              "count": {
                "type": "minecraft:uniform",
                "min": 1,
                "max": 3
              }
            }
          ]
        },
        {
          "type": "minecraft:item",
          "name": "cobblemon:sky_tumblestone",
          "weight": 9,
          "functions": [
            {
              "function": "minecraft:set_count",
              "count": {
                "type": "minecraft:uniform",
                "min": 1,
                "max": 3
              }
            }
          ]
        },
        {
          "type": "minecraft:item",
          "name": "cobblemon:tumblestone",
          "weight": 12,
          "functions": [
            {
              "function": "minecraft:set_count",
              "count": {
                "type": "minecraft:uniform",
                "min": 1,
                "max": 3
              }
            }
          ]
        },
        {
          "type": "minecraft:item",
          "name": "cobblemon:relic_coin",
          "weight": 45,
          "functions": [
            {
              "function": "minecraft:set_count",
              "count": {
                "type": "minecraft:uniform",
                "min": 1,
                "max": 4
              }
            }
          ]
        },
        {
          "type": "minecraft:loot_table",
          "value": "cobblemon:sets/any_type_gem",
          "weight": 15
        },
        {
          "type": "minecraft:item",
          "name": "cobblemon:helix_fossil",
          "weight": 1
        },
        {
          "type": "minecraft:item",
          "name": "mega_showdown:gracidea_flower",
          "weight": 0.01
        },
        {
          "type": "minecraft:item",
          "name": "mega_showdown:rusted_sword",
          "weight": 0.1
        },
        {
          "type": "minecraft:item",
          "name": "mega_showdown:rusted_shield",
          "weight": 0.1
        },
        {
          "type": "minecraft:item",
          "name": "cobblemon:dome_fossil",
          "weight": 1
        },
        {
          "type": "minecraft:item",
          "name": "cobblemon:old_amber_fossil",
          "weight": 1
        },
        {
          "type": "minecraft:item",
          "name": "cobblemon:root_fossil",
          "weight": 1
        },
        {
          "type": "minecraft:item",
          "name": "cobblemon:claw_fossil",
          "weight": 1
        },
        {
          "type": "minecraft:item",
          "name": "cobblemon:skull_fossil",
          "weight": 1
        },
        {
          "type": "minecraft:item",
          "name": "cobblemon:armor_fossil",
          "weight": 1
        },
        {
          "type": "minecraft:item",
          "name": "cobblemon:cover_fossil",
          "weight": 1
        },
        {
          "type": "minecraft:item",
          "name": "cobblemon:plume_fossil",
          "weight": 1
        },
        {
          "type": "minecraft:item",
          "name": "cobblemon:jaw_fossil",
          "weight": 1
        },
        {
          "type": "minecraft:item",
          "name": "cobblemon:sail_fossil",
          "weight": 1
        },
        {
          "type": "minecraft:item",
          "name": "cobblemon:fossilized_bird",
          "weight": 1
        },
        {
          "type": "minecraft:item",
          "name": "cobblemon:fossilized_fish",
          "weight": 1
        },
        {
          "type": "minecraft:item",
          "name": "cobblemon:fossilized_drake",
          "weight": 1
        },
        {
          "type": "minecraft:item",
          "name": "cobblemon:fossilized_dino",
          "weight": 1
        }
      ],
      "rolls": 1
    },
    {
      "bonus_rolls": 0,
      "entries": [
        {
          "type": "minecraft:item",
          "name": "minecraft:pitcher_pod",
          "functions": []
        },
        {
          "type": "minecraft:item",
          "name": "minecraft:torchflower_seeds"
        }
      ],
      "rolls": 1,
      "conditions": [
        {
          "condition": "minecraft:random_chance",
          "chance": 0.6
        }
      ]
    }
  ],
  "random_sequence": "minecraft:gameplay/sniffer_digging"
}