{
  "implemented": true,
  "name": "Calyrex",
  "nationalPokedexNumber": 898,
  "primaryType": "psychic",
  "secondaryType": "grass",
  "abilities": [
    "unnerve"
  ],
  "baseStats": {
    "hp": 100,
    "attack": 80,
    "defence": 80,
    "special_attack": 80,
    "special_defence": 80,
    "speed": 80
  },
  "catchRate": 3,
  "maleRatio": -1,
  "shoulderMountable": false,
  "forms": [
    {
      "name": "Ice",
      "primaryType": "psychic",
      "secondaryType": "ice",
      "abilities": [
        "asoneglastrier"
      ],
      "pokedex": [
        "cobblemon.species.calyrex-ice.desc"
      ],
      "baseStats": {
        "hp": 100,
        "attack": 165,
        "defence": 150,
        "special_attack": 85,
        "special_defence": 130,
        "speed": 50
      },
      "catchRate": 3,
      "maleRatio": -1,
      "baseExperienceYield": 250,
      "baseFriendship": 100,
      "evYield": {
        "hp": 0,
        "attack": 3,
        "defence": 0,
        "special_attack": 0,
        "special_defence": 0,
        "speed": 0
      },
      "experienceGroup": "slow",
      "eggCycles": 120,
      "eggGroups": [
        "undiscovered"
      ],
      "moves": [
        "1:avalanche",
        "1:confusion",
        "form_change:glaciallance",
        "1:iciclecrash",
        "1:irondefense",
        "1:mist",
        "1:swordsdance",
        "1:tackle",
        "1:tailwhip",
        "1:taunt",
        "1:torment",
        "8:lifedew",
        "16:gigadrain",
        "24:psyshock",
        "32:helpinghand",
        "40:aromatherapy",
        "48:energyball",
        "56:psychic",
        "64:leechseed",
        "72:healpulse",
        "80:solarbeam",
        "88:futuresight",
        "tm:blizzard",
        "tm:bodypress",
        "tm:bulldoze",
        "tm:bulletseed",
        "tm:calmmind",
        "tm:cut",
        "tm:drainingkiss",
        "tm:energyball",
        "tm:expandingforce",
        "tm:facade",
        "tm:frostbreath",
        "tm:futuresight",
        "tm:gigadrain",
        "tm:grassknot",
        "tm:snowscape",
        "tm:hiddenpower",
        "tm:hypervoice",
        "tm:icebeam",
        "tm:lightscreen",
        "tm:protect",
        "tm:psychic",
        "tm:psyshock",
        "tm:reflect",
        "tm:rest",
        "tm:return",
        "tm:sleeptalk",
        "tm:snarl",
        "tm:solarbeam",
        "tm:solarblade",
        "tm:substitute",
        "tm:superpower",
        "tm:swordsdance",
        "tm:taunt",
        "tm:toxic",
        "tm:trailblaze",
        "tm:trickroom",
        "tutor:bodyslam",
        "tutor:closecombat",
        "tutor:highhorsepower",
        "tutor:iciclespear",
        "tutor:megahorn",
        "tutor:seedbomb",
        "tutor:stompingtantrum",
        "tutor:storedpower",
        "tutor:zenheadbutt"
      ],
      "labels": [
        "gen8",
        "legendary"
      ],
      "aspects": [
        "ice-rider"
      ],
      "baseScale": 0.7,
      "hitbox": {
        "width": 4,
        "height": 7,
        "fixed": false
      },
      "height": 24,
      "weight": 8091,
      "evolutions": [],
      "cannotDynamax": false,
      "battleOnly": false
    },
    {
      "name": "Shadow",
      "primaryType": "psychic",
      "secondaryType": "ghost",
      "abilities": [
        "asonespectrier"
      ],
      "pokedex": [
        "cobblemon.species.calyrex-shadow.desc"
      ],
      "baseStats": {
        "hp": 100,
        "attack": 85,
        "defence": 80,
        "special_attack": 165,
        "special_defence": 100,
        "speed": 150
      },
      "catchRate": 3,
      "maleRatio": -1,
      "baseExperienceYield": 250,
      "baseFriendship": 100,
      "evYield": {
        "hp": 0,
        "attack": 0,
        "defence": 0,
        "special_attack": 3,
        "special_defence": 0,
        "speed": 0
      },
      "experienceGroup": "slow",
      "eggCycles": 120,
      "eggGroups": [
        "undiscovered"
      ],
      "moves": [
        "1:agility",
        "form_change:astralbarrage",
        "1:confuseray",
        "1:confusion",
        "1:growth",
        "1:haze",
        "1:megadrain",
        "1:nastyplot",
        "1:shadowball",
        "1:tackle",
        "1:tailwhip",
        "8:lifedew",
        "16:gigadrain",
        "24:psyshock",
        "32:helpinghand",
        "40:aromatherapy",
        "48:energyball",
        "56:psychic",
        "64:leechseed",
        "72:healpulse",
        "80:solarbeam",
        "88:futuresight",
        "tm:bulldoze",
        "tm:bulletseed",
        "tm:calmmind",
        "tm:darkpulse",
        "tm:drainingkiss",
        "tm:energyball",
        "tm:expandingforce",
        "tm:facade",
        "tm:futuresight",
        "tm:gigadrain",
        "tm:grassknot",
        "tm:hiddenpower",
        "tm:hypervoice",
        "tm:lightscreen",
        "tm:protect",
        "tm:psychic",
        "tm:psyshock",
        "tm:reflect",
        "tm:rest",
        "tm:return",
        "tm:shadowball",
        "tm:sleeptalk",
        "tm:snarl",
        "tm:solarbeam",
        "tm:solarblade",
        "tm:substitute",
        "tm:taunt",
        "tm:toxic",
        "tm:trailblaze",
        "tm:trickroom",
        "tm:willowisp",
        "tutor:bodyslam",
        "tutor:foulplay",
        "tutor:hex",
        "tutor:phantomforce",
        "tutor:seedbomb",
        "tutor:stompingtantrum",
        "tutor:storedpower",
        "tutor:zenheadbutt"
      ],
      "labels": [
        "gen8",
        "legendary"
      ],
      "aspects": [
        "shadow-rider"
      ],
      "baseScale": 0.7,
      "hitbox": {
        "width": 4,
        "height": 7,
        "fixed": false
      },
      "height": 24,
      "weight": 536,
      "evolutions": [],
      "cannotDynamax": false,
      "battleOnly": false
    }
  ],
  "baseExperienceYield": 250,
  "experienceGroup": "slow",
  "eggCycles": 120,
  "eggGroups": [
    "undiscovered"
  ],
  "moves": [
    "1:confusion",
    "1:growth",
    "1:megadrain",
    "1:pound",
    "8:lifedew",
    "16:gigadrain",
    "24:psyshock",
    "32:helpinghand",
    "40:aromatherapy",
    "48:energyball",
    "54:psychic",
    "64:leechseed",
    "72:healpulse",
    "80:solarbeam",
    "88:futuresight",
    "tm:bulletseed",
    "tm:calmmind",
    "tm:drainingkiss",
    "tm:energyball",
    "tm:expandingforce",
    "tm:facade",
    "tm:futuresight",
    "tm:gigadrain",
    "tm:grassknot",
    "tm:hiddenpower",
    "tm:hypervoice",
    "tm:lightscreen",
    "tm:protect",
    "tm:psychic",
    "tm:psyshock",
    "tm:reflect",
    "tm:rest",
    "tm:return",
    "tm:sleeptalk",
    "tm:solarbeam",
    "tm:solarblade",
    "tm:substitute",
    "tm:toxic",
    "tm:trailblaze",
    "tm:trickroom",
    "tutor:confide",
    "tutor:seedbomb",
    "tutor:storedpower",
    "tutor:zenheadbutt"
  ],
  "labels": [
    "gen8",
    "legendary"
  ],
  "pokedex": [
    "cobblemon.species.calyrex.desc"
  ],
  "baseScale": 1.07,
  "hitbox": {
    "width": 1,
    "height": 2,
    "fixed": false
  },
  "baseFriendship": 100,
  "evYield": {
    "hp": 3,
    "attack": 0,
    "defence": 0,
    "special_attack": 0,
    "special_defence": 0,
    "speed": 0
  },
  "height": 11,
  "weight": 77,
  "aspects": [],
  "cannotDynamax": false
}