{
  "implemented": true,
  "nationalPokedexNumber": 890,
  "name": "Eternatus",
  "primaryType": "poison",
  "secondaryType": "dragon",
  "maleRatio": -1,
  "height": 200,
  "weight": 9500,
  "pokedex": ["cobblemon.species.eternatus.desc"],
  "labels": ["gen8", "legendary", "restricted"],
  "aspects": [],
  "abilities": ["pressure", "h:pressure"],
  "eggGroups": ["undiscovered"],
  "baseStats": {
    "hp": 140,
    "attack": 85,
    "defence": 95,
    "special_attack": 145,
    "special_defence": 95,
    "speed": 130
  },
  "evYield": {
    "hp": 3,
    "attack": 0,
    "defence": 0,
    "special_attack": 0,
    "special_defence": 0,
    "speed": 0
  },
  "baseExperienceYield": 345,
  "experienceGroup": "slow",
  "catchRate": 255,
  "eggCycles": 120,
  "baseFriendship": 0,
  "dynamaxBlocked": true,
  "baseScale": 1,
  "hitbox": {
    "width": 1,
    "height": 1,
    "fixed": false
  },
  "moves": [
    "1:agility",
    "1:confuseray",
    "1:dragontail",
    "1:poisontail",
    "8:toxic",
    "16:venoshock",
    "24:dragondance",
    "32:crosspoison",
    "40:dragonpulse",
    "48:flamethrower",
    "56:dynamaxcannon",
    "64:cosmicpower",
    "72:recover",
    "80:hyperbeam",
    "88:eternabeam",
    "tm:aerialace",
    "tm:cosmicpower",
    "tm:dracobarrage",
    "tm:dragonpulse",
    "tm:flamethrower",
    "tm:flashcannon",
    "tm:fly",
    "tm:lightscreen",
    "tm:meteorbeam",
    "tm:poisonjab",
    "tm:protect",
    "tm:reflect",
    "tm:rest",
    "tm:shadowball",
    "tm:sleeptalk",
    "tm:sludgebomb",
    "tm:sludgewave",
    "tm:solarbeam",
    "tm:substitute",
    "tm:thunder",
    "tm:thunderbolt",
    "tm:venoshock",
    "tutor:agility",
    "tutor:confide",
    "tutor:cosmicpower",
    "tutor:crosspoison",
    "tutor:dracometeor",
    "tutor:dragondance",
    "tutor:mysticalfire",
    "tutor:scaryface",
    "tutor:screech",
    "tutor:snore",
    "tutor:toxicspikes",
    "tutor:venomdrench"
  ],
  "evolutions": [],
  "forms": [
    {
      "name": "Eternamax",
      "primaryType": "poison",
      "secondaryType": "dragon",
      "maleRatio": -1,
      "height": 1000,
      "weight": 0,
      "pokedex": ["cobblemon.species.eternatus-eternamax.desc"],
      "abilities": ["levitate", "h:levitate"],
      "labels": ["gen8", "legendary", "restricted"],
      "aspects": ["eternamax"],
      "baseStats": {
        "hp": 140,
        "attack": 105,
        "defence": 110,
        "special_attack": 185,
        "special_defence": 110,
        "speed": 140
      },
      "baseScale": 1,
      "hitbox": {
        "width": 23,
        "height": 24,
        "fixed": false
      },
      "baseExperienceYield": 563,
      "evolutions": [],
      "battleOnly": true,
      "cannotDynamax": true
    }
  ]
}
