{
  "nationalPokedexNumber": 876,
  "name": "Indeedee",
  "primaryType": "psychic",
  "secondaryType": "normal",
  "maleRatio": 1,
  "height": 9,
  "weight": 280,
  "pokedex": [
    "cobblemon.species.indeedee.desc"
  ],
  "labels": [
    "gen8"
  ],
  "aspects": [
    "male"
  ],
  "abilities": [
    "innerfocus",
    "synchronize",
    "h:psychicsurge"
  ],
  "eggGroups": [
    "fairy"
  ],
  "baseStats": {
    "hp": 60,
    "attack": 65,
    "defence": 55,
    "special_attack": 105,
    "special_defence": 95,
    "speed": 95
  },
  "evYield": {
    "hp": 0,
    "attack": 0,
    "defence": 0,
    "special_attack": 2,
    "special_defence": 0,
    "speed": 0
  },
  "baseExperienceYield": 166,
  "experienceGroup": "fast",
  "catchRate": 30,
  "eggCycles": 40,
  "baseFriendship": 140,
  "baseScale": 1,
  "hitbox": {
    "width": 1,
    "height": 1,
    "fixed": false
  },
  "drops": {
    "amount": 1,
    "entries": [
      {
        "item": "cobblemon:bluk_berry",
        "percentage": 5.0
      }
    ]
  },
  "moves": [
    "1:playnice",
    "1:storedpower",
    "5:encore",
    "10:disarmingvoice",
    "15:psybeam",
    "20:helpinghand",
    "25:afteryou",
    "30:aromatherapy",
    "35:psychic",
    "40:calmmind",
    "45:powersplit",
    "50:psychicterrain",
    "55:lastresort",
    "egg:extrasensory",
    "egg:fakeout",
    "egg:psychup",
    "tm:calmmind",
    "tm:dazzlinggleam",
    "tm:drainingkiss",
    "tm:drainpunch",
    "tm:energyball",
    "tm:expandingforce",
    "tm:facade",
    "tm:futuresight",
    "tm:hiddenpower",
    "tm:hypervoice",
    "tm:protect",
    "tm:psychic",
    "tm:psyshock",
    "tm:rest",
    "tm:return",
    "tm:shadowball",
    "tm:sleeptalk",
    "tm:substitute",
    "tm:teleport",
    "tm:terrainpulse",
    "tm:toxic",
    "tm:trickroom",
    "tm:psychicnoise",
    "tutor:afteryou",
    "tutor:confide",
    "tutor:encore",
    "tutor:helpinghand",
    "tutor:hypervoice",
    "tutor:lastresort",
    "tutor:magicroom",
    "tutor:mysticalfire",
    "tutor:playrough",
    "tutor:psychicterrain",
    "tutor:psychup",
    "tutor:snore",
    "tutor:storedpower",
    "tutor:trick",
    "tutor:wonderroom",
    "tutor:zenheadbutt"
  ],
  "evolutions": [],
  "forms": [
    {
      "name": "F",
      "primaryType": "psychic",
      "secondaryType": "normal",
      "maleRatio": 0,
      "height": 9,
      "weight": 280,
      "pokedex": [
        "cobblemon.species.indeedee-f.desc"
      ],
      "labels": [
        "gen8"
      ],
      "aspects": [
        "female"
      ],
      "abilities": [
        "owntempo",
        "synchronize",
        "h:psychicsurge"
      ],
      "baseStats": {
        "hp": 70,
        "attack": 55,
        "defence": 65,
        "special_attack": 95,
        "special_defence": 105,
        "speed": 85
      },
      "evYield": {
        "hp": 0,
        "attack": 0,
        "defence": 0,
        "special_attack": 0,
        "special_defence": 2,
        "speed": 0
      },
      "moves": [
        "1:playnice",
        "1:storedpower",
        "10:disarmingvoice",
        "15:psybeam",
        "20:helpinghand",
        "25:followme",
        "30:aromatherapy",
        "35:psychic",
        "40:calmmind",
        "45:guardsplit",
        "50:psychicterrain",
        "55:healingwish",
        "egg:fakeout",
        "egg:healpulse",
        "egg:psychoshift",
        "egg:psychup",
        "tm:calmmind",
        "tm:dazzlinggleam",
        "tm:drainingkiss",
        "tm:drainpunch",
        "tm:energyball",
        "tm:expandingforce",
        "tm:facade",
        "tm:futuresight",
        "tm:hiddenpower",
        "tm:hypervoice",
        "tm:lightscreen",
        "tm:protect",
        "tm:psychic",
        "tm:psyshock",
        "tm:reflect",
        "tm:rest",
        "tm:return",
        "tm:shadowball",
        "tm:sleeptalk",
        "tm:substitute",
        "tm:teleport",
        "tm:terrainpulse",
        "tm:toxic",
        "tm:psychicnoise",
        "tm:alluringvoice",
        "tm:trickroom",
        "tutor:batonpass",
        "tutor:confide",
        "tutor:helpinghand",
        "tutor:hypervoice",
        "tutor:mysticalfire",
        "tutor:playrough",
        "tutor:psychicterrain",
        "tutor:psychup",
        "tutor:snore",
        "tutor:storedpower",
        "tutor:trick",
        "tutor:zenheadbutt"
      ],
      "evolutions": [],
      "battleOnly": false
    }
  ]
}