{
  "nationalPokedexNumber": 892,
  "name": "Urshifu",
  "primaryType": "fighting",
  "secondaryType": "dark",
  "maleRatio": 0.875,
  "height": 19,
  "weight": 1050,
  "pokedex": [
    "cobblemon.species.urshifu.desc"
  ],
  "labels": [
    "gen8",
    "legendary"
  ],
  "aspects": [
    "single_strike-style"
  ],
  "abilities": [
    "unseenfist",
    "h:unseenfist"
  ],
  "eggGroups": [
    "undiscovered"
  ],
  "baseStats": {
    "hp": 100,
    "attack": 130,
    "defence": 100,
    "special_attack": 63,
    "special_defence": 60,
    "speed": 97
  },
  "evYield": {
    "hp": 0,
    "attack": 3,
    "defence": 0,
    "special_attack": 0,
    "special_defence": 0,
    "speed": 0
  },
  "baseExperienceYield": 275,
  "experienceGroup": "slow",
  "catchRate": 3,
  "eggCycles": 120,
  "baseFriendship": 50,
  "baseScale": 1,
  "hitbox": {
    "width": 1,
    "height": 1,
    "fixed": false
  },
  "moves": [
    "1:leer",
    "1:rocksmash",
    "1:suckerpunch",
    "1:wickedblow",
    "4:endure",
    "8:focusenergy",
    "12:aerialace",
    "16:scaryface",
    "20:headbutt",
    "24:brickbreak",
    "28:detect",
    "32:bulkup",
    "36:ironhead",
    "40:dynamicpunch",
    "44:counter",
    "48:closecombat",
    "52:focuspunch",
    "tm:aerialace",
    "tm:brickbreak",
    "tm:bulkup",
    "tm:coaching",
    "tm:darkpulse",
    "tm:drainpunch",
    "tm:dualchop",
    "tm:facade",
    "tm:focusblast",
    "tm:focuspunch",
    "tm:hiddenpower",
    "tm:hypervoice",
    "tm:lowkick",
    "tm:lowsweep",
    "tm:poisonjab",
    "tm:poweruppunch",
    "tm:protect",
    "tm:rest",
    "tm:return",
    "tm:rockslide",
    "tm:stoneedge",
    "tm:substitute",
    "tm:superpower",
    "tm:swordsdance",
    "tm:taunt",
    "tm:thief",
    "tm:toxic",
    "tm:trailblaze",
    "tm:uturn",
    "tutor:aurasphere",
    "tutor:closecombat",
    "tutor:firepunch",
    "tutor:foulplay",
    "tutor:icepunch",
    "tutor:ironhead",
    "tutor:lowkick",
    "tutor:snore",
    "tutor:throatchop",
    "tutor:thunderpunch",
    "tutor:zenheadbutt"
  ],
  "preEvolution": "kubfu",
  "evolutions": [],
  "forms": [
    {
      "name": "Rapid-Strike",
      "primaryType": "fighting",
      "secondaryType": "water",
      "maleRatio": 0.875,
      "height": 19,
      "weight": 1050,
      "pokedex": [
        "cobblemon.species.urshifu-rapidstrike.desc"
      ],
      "labels": [
        "gen8",
        "legendary"
      ],
      "aspects": [
        "rapid_strike-style"
      ],
      "moves": [
        "1:aquajet",
        "1:leer",
        "1:rocksmash",
        "1:surgingstrikes",
        "4:endure",
        "8:focusenergy",
        "12:aerialace",
        "16:scaryface",
        "20:headbutt",
        "24:brickbreak",
        "28:detect",
        "32:bulkup",
        "36:ironhead",
        "40:dynamicpunch",
        "44:counter",
        "48:closecombat",
        "52:focuspunch",
        "tm:aerialace",
        "tm:brickbreak",
        "tm:bulkup",
        "tm:coaching",
        "tm:drainpunch",
        "tm:dualchop",
        "tm:facade",
        "tm:focusblast",
        "tm:aurasphere",
        "tm:focuspunch",
        "tm:hiddenpower",
        "tm:hypervoice",
        "tm:icespinner",
        "tm:lowkick",
        "tm:lowsweep",
        "tm:poisonjab",
        "tm:poweruppunch",
        "tm:protect",
        "tm:rest",
        "tm:return",
        "tm:rockslide",
        "tm:stoneedge",
        "tm:substitute",
        "tm:superpower",
        "tm:swordsdance",
        "tm:taunt",
        "tm:thief",
        "tm:toxic",
        "tm:trailblaze",
        "tm:uturn",
        "tutor:closecombat",
        "tutor:firepunch",
        "tutor:foulplay",
        "tutor:icepunch",
        "tutor:ironhead",
        "tutor:lowkick",
        "tutor:snore",
        "tutor:throatchop",
        "tutor:thunderpunch",
        "tutor:zenheadbutt"
      ],
      "preEvolution": "kubfu",
      "evolutions": [],
      "battleOnly": false
    },
    {
      "name": "Gmax",
      "primaryType": "fighting",
      "secondaryType": "dark",
      "maleRatio": 0.875,
      "height": 290,
      "weight": 0,
      "pokedex": [
        "cobblemon.species.urshifu-gmax.desc"
      ],
      "labels": [
        "gen8",
        "gmax"
      ],
      "aspects": [
        "gmax",
        "single_strike-style"
      ],
      "dynamaxBlocked": true,
      "evolutions": [],
      "battleOnly": true
    },
    {
      "name": "Rapid-Strike-Gmax",
      "primaryType": "fighting",
      "secondaryType": "water",
      "maleRatio": 0.875,
      "height": 260,
      "weight": 0,
      "pokedex": [
        "cobblemon.species.urshifu-rapidstrikegmax.desc"
      ],
      "labels": [
        "gen8",
        "gmax"
      ],
      "aspects": [
        "gmax",
        "rapid_strike-style"
      ],
      "moves": [
        "1:aquajet",
        "1:leer",
        "1:rocksmash",
        "1:surgingstrikes",
        "4:endure",
        "8:focusenergy",
        "12:aerialace",
        "16:scaryface",
        "20:headbutt",
        "24:brickbreak",
        "28:detect",
        "32:bulkup",
        "36:ironhead",
        "40:dynamicpunch",
        "44:counter",
        "48:closecombat",
        "52:focuspunch",
        "tm:aerialace",
        "tm:brickbreak",
        "tm:bulkup",
        "tm:coaching",
        "tm:drainpunch",
        "tm:dualchop",
        "tm:facade",
        "tm:focusblast",
        "tm:aurasphere",
        "tm:focuspunch",
        "tm:hiddenpower",
        "tm:hypervoice",
        "tm:icespinner",
        "tm:lowkick",
        "tm:lowsweep",
        "tm:poisonjab",
        "tm:poweruppunch",
        "tm:protect",
        "tm:rest",
        "tm:return",
        "tm:rockslide",
        "tm:stoneedge",
        "tm:substitute",
        "tm:superpower",
        "tm:swordsdance",
        "tm:taunt",
        "tm:thief",
        "tm:toxic",
        "tm:trailblaze",
        "tm:uturn",
        "tutor:closecombat",
        "tutor:firepunch",
        "tutor:foulplay",
        "tutor:icepunch",
        "tutor:ironhead",
        "tutor:lowkick",
        "tutor:snore",
        "tutor:throatchop",
        "tutor:thunderpunch",
        "tutor:zenheadbutt"
      ],
      "dynamaxBlocked": true,
      "evolutions": [],
      "battleOnly": true
    }
  ]
}