{
  "implemented": true,
  "name": "Zamazenta",
  "nationalPokedexNumber": 889,
  "primaryType": "fighting",
  "abilities": [
    "dauntlessshield"
  ],
  "baseStats": {
    "hp": 92,
    "attack": 120,
    "defence": 115,
    "special_attack": 80,
    "special_defence": 115,
    "speed": 138
  },
  "catchRate": 10,
  "maleRatio": -1,
  "shoulderMountable": false,
  "forms": [
    {
      "name": "Crowned",
      "primaryType": "fighting",
      "secondaryType": "steel",
      "abilities": [
        "dauntlessshield"
      ],
      "baseStats": {
        "hp": 92,
        "attack": 120,
        "defence": 140,
        "special_attack": 80,
        "special_defence": 140,
        "speed": 128
      },
      "baseScale": 0.8,
      "catchRate": 10,
      "maleRatio": -1,
      "baseExperienceYield": 335,
      "baseFriendship": 0,
      "evYield": {
        "hp": 0,
        "attack": 0,
        "defence": 0,
        "special_attack": 0,
        "special_defence": 0,
        "speed": 3
      },
      "experienceGroup": "slow",
      "eggCycles": 120,
      "eggGroups": [
        "undiscovered"
      ],
      "moves": [
        "form_change:behemothbash"
      ],
      "labels": [
        "gen8",
        "legendary"
      ],
      "aspects": [
        "crowned"
      ],
      "height": 29,
      "weight": 7850,
      "cannotDynamax": true,
      "battleOnly": true,
      "drops": {
        "amount": 1,
        "entries": [
          {
            "item": "cobblemon:ability_shield"
          }
        ]
      }
    }
  ],
  "baseExperienceYield": 335,
  "experienceGroup": "slow",
  "eggCycles": 120,
  "eggGroups": [
    "undiscovered"
  ],
  "moves": [
    "1:bite",
    "1:howl",
    "1:metalburst",
    "1:metalclaw",
    "1:quickattack",
    "1:wideguard",
    "11:slash",
    "22:irondefense",
    "22:quickguard",
    "33:ironhead",
    "44:laserfocus",
    "55:crunch",
    "66:moonblast",
    "77:closecombat",
    "77:sacredsword",
    "88:gigaimpact",
    "tm:bodypress",
    "tm:bulkup",
    "tm:coaching",
    "tm:dazzlinggleam",
    "tm:dig",
    "tm:facade",
    "tm:flashcannon",
    "tm:focusblast",
    "tm:focuspunch",
    "tm:hiddenpower",
    "tm:hypervoice",
    "tm:irontail",
    "tm:lightscreen",
    "tm:protect",
    "tm:reflect",
    "tm:rest",
    "tm:return",
    "tm:sleeptalk",
    "tm:snarl",
    "tm:solarbeam",
    "tm:substitute",
    "tm:toxic",
    "tm:trailblaze",
    "tm:wildcharge",
    "tm:workup",
    "tm:roar",
    "tutor:agility",
    "tutor:closecombat",
    "tutor:confide",
    "tutor:crunch",
    "tutor:firefang",
    "tutor:focusenergy",
    "tutor:helpinghand",
    "tutor:hypervoice",
    "tutor:icefang",
    "tutor:irondefense",
    "tutor:ironhead",
    "tutor:laserfocus",
    "tutor:playrough",
    "tutor:psychicfangs",
    "tutor:reversal",
    "tutor:scaryface",
    "tutor:snore",
    "tutor:tailslap",
    "tutor:thunderfang"
  ],
  "labels": [
    "gen8",
    "legendary"
  ],
  "pokedex": [
    "cobblemon.species.zamazenta.desc"
  ],
  "baseScale": 0.8,
  "hitbox": {
    "width": 3,
    "height": 3,
    "fixed": false
  },
  "baseFriendship": 0,
  "evYield": {
    "hp": 0,
    "attack": 0,
    "defence": 0,
    "special_attack": 0,
    "special_defence": 0,
    "speed": 3
  },
  "behaviour": {
    "moving": {
      "canLook": false,
      "walk": {
        "walkSpeed": 0.5,
        "canWalk": true,
        "avoidsLand": false
      },
      "fly": {
        "canFly": false
      },
      "swim": {
        "swimSpeed": 0.5,
        "canSwimInWater": false,
        "canBreatheUnderwater": false
      }
    }
  },
  "height": 29,
  "weight": 2100,
  "dynamaxBlocked": true,
  "aspects": [],
  "cannotDynamax": true
}
