{
  "implemented": true,
  "nationalPokedexNumber": 713,
  "name": "Avalugg",
  "primaryType": "ice",
  "maleRatio": 0.5,
  "height": 20,
  "weight": 5050,
  "pokedex": [
    "cobblemon.species.avalugg.desc"
  ],
  "labels": [
    "gen6",
    "kalosian_form"
  ],
  "aspects": [],
  "abilities": [
    "filter",
    "icebody",
    "h:sturdy"
  ],
  "eggGroups": [
    "monster",
    "mineral"
  ],
  "baseStats": {
    "hp": 95,
    "attack": 117,
    "defence": 184,
    "special_attack": 44,
    "special_defence": 46,
    "speed": 28
  },
  "evYield": {
    "hp": 0,
    "attack": 0,
    "defence": 2,
    "special_attack": 0,
    "special_defence": 0,
    "speed": 0
  },
  "baseExperienceYield": 180,
  "experienceGroup": "medium_fast",
  "catchRate": 55,
  "eggCycles": 20,
  "baseFriendship": 50,
  "features": [
    "hisuian"
  ],
  "baseScale": 0.9,
  "hitbox": {
    "width": 4,
    "height": 3,
    "fixed": false
  },
  "behaviour": {
    "moving": {
      "walk": {
        "walkSpeed": 0.2
      },
      "swim": {
        "swimSpeed": 0.1,
        "canBreatheUnderwater": true,
        "canWalkOnWater": true
      }
    },
    "resting": {
      "canSleep": true,
      "light": "0-4"
    }
  },
  "drops": {
    "amount": 2,
    "entries": [
      {
        "item": "cobblemon:never_melt_ice",
        "percentage": 5.0
      },
      {
        "item": "cobblemon:aspear_berry",
        "percentage": 5.0
      }
    ]
  },
  "moves": [
    "1:bite",
    "1:crunch",
    "1:harden",
    "1:iciclecrash",
    "1:irondefense",
    "1:powdersnow",
    "1:skullbash",
    "1:tackle",
    "1:wideguard",
    "5:iceshard",
    "10:icywind",
    "15:takedown",
    "20:sharpen",
    "22:curse",
    "26:icefang",
    "30:iceball",
    "35:rapidspin",
    "42:avalanche",
    "51:recover",
    "53:mountaingale",
    "56:doubleedge",
    "egg:barrier",
    "egg:mirrorcoat",
    "egg:mist",
    "egg:recover",
    "tm:blizzard",
    "tm:bodypress",
    "tm:bulldoze",
    "tm:earthquake",
    "tm:facade",
    "tm:flash",
    "tm:flashcannon",
    "tm:frostbreath",
    "tm:gyroball",
    "tm:snowscape",
    "tm:hiddenpower",
    "tm:icebeam",
    "tm:icespinner",
    "tm:icywind",
    "tm:protect",
    "tm:raindance",
    "tm:rest",
    "tm:return",
    "tm:roar",
    "tm:rockpolish",
    "tm:rockslide",
    "tm:rocksmash",
    "tm:rocktomb",
    "tm:sleeptalk",
    "tm:stoneedge",
    "tm:strength",
    "tm:substitute",
    "tm:superpower",
    "tm:surf",
    "tm:toxic",
    "tutor:afteryou",
    "tutor:block",
    "tutor:bodypress",
    "tutor:bodyslam",
    "tutor:confide",
    "tutor:crunch",
    "tutor:heavyslam",
    "tutor:highhorsepower",
    "tutor:hydropump",
    "tutor:icefang",
    "tutor:iciclespear",
    "tutor:icywind",
    "tutor:irondefense",
    "tutor:ironhead",
    "tutor:snore",
    "tutor:stompingtantrum",
    "tutor:superpower"
  ],
  "preEvolution": "bergmite",
  "evolutions": [],
  "forms": [
    {
      "name": "Hisui",
      "primaryType": "ice",
      "secondaryType": "rock",
      "maleRatio": 0.5,
      "height": 14,
      "weight": 2624,
      "pokedex": [
        "cobblemon.species.avalugg-hisui.desc"
      ],
      "labels": [
        "gen8a",
        "hisuian_form"
      ],
      "aspects": [
        "hisuian"
      ],
      "abilities": [
        "strongjaw",
        "sturdy",
        "h:technician"
      ],
      "baseStats": {
        "hp": 100,
        "attack": 132,
        "defence": 184,
        "special_attack": 34,
        "special_defence": 36,
        "speed": 28
      },
      "drops": {
        "amount": 2,
        "entries": [
          {
            "item": "cobblemon:never_melt_ice",
            "percentage": 5.0
          },
          {
            "item": "cobblemon:babiri_berry",
            "percentage": 5.0
          }
        ]
      },
      "moves": [
        "1:accelerock",
        "1:bite",
        "1:crunch",
        "1:harden",
        "1:irondefense",
        "1:powdersnow",
        "1:rockslide",
        "1:tackle",
        "1:wideguard",
        "5:iceshard",
        "10:icywind",
        "15:takedown",
        "20:sharpen",
        "22:curse",
        "26:icefang",
        "30:iceball",
        "35:rapidspin",
        "38:bulldoze",
        "42:avalanche",
        "46:iciclecrash",
        "51:recover",
        "53:mountaingale",
        "56:doubleedge",
        "60:skullbash",
        "egg:barrier",
        "egg:mirrorcoat",
        "egg:mist",
        "egg:recover",
        "tm:blizzard",
        "tm:bodypress",
        "tm:bulldoze",
        "tm:dig",
        "tm:earthquake",
        "tm:facade",
        "tm:frostbreath",
        "tm:snowscape",
        "tm:hiddenpower",
        "tm:icebeam",
        "tm:icespinner",
        "tm:icywind",
        "tm:protect",
        "tm:raindance",
        "tm:rest",
        "tm:return",
        "tm:roar",
        "tm:rockpolish",
        "tm:rocksmash",
        "tm:rocktomb",
        "tm:sandstorm",
        "tm:sleeptalk",
        "tm:stealthrock",
        "tm:strength",
        "tm:substitute",
        "tm:toxic",
        "tutor:bodyslam",
        "tutor:earthpower",
        "tutor:heavyslam",
        "tutor:icefang",
        "tutor:iciclespear",
        "tutor:icywind",
        "tutor:irondefense",
        "tutor:ironhead",
        "tutor:rockblast",
        "tutor:thunderfang"
      ],
      "preEvolution": "bergmite",
      "evolutions": [],
      "battleOnly": false
    }
  ]
}