{
  "implemented": true,
  "nationalPokedexNumber": 706,
  "name": "Goodra",
  "primaryType": "dragon",
  "maleRatio": 0.5,
  "height": 20,
  "weight": 1505,
  "pokedex": [
    "cobblemon.species.goodra.desc"
  ],
  "labels": [
    "gen6",
    "powerhouse",
    "kalosian_form"
  ],
  "aspects": [],
  "abilities": [
    "sapsipper",
    "hydration",
    "h:gooey"
  ],
  "eggGroups": [
    "dragon"
  ],
  "baseStats": {
    "hp": 90,
    "attack": 100,
    "defence": 70,
    "special_attack": 110,
    "special_defence": 150,
    "speed": 80
  },
  "evYield": {
    "hp": 0,
    "attack": 0,
    "defence": 0,
    "special_attack": 0,
    "special_defence": 3,
    "speed": 0
  },
  "baseExperienceYield": 300,
  "experienceGroup": "slow",
  "catchRate": 45,
  "eggCycles": 40,
  "baseFriendship": 35,
  "features": [
    "hisuian"
  ],
  "baseScale": 0.9,
  "hitbox": {
    "width": 1.8,
    "height": 3.3,
    "fixed": false
  },
  "drops": {
    "amount": 4,
    "entries": [
      {
        "item": "minecraft:slime_ball",
        "quantityRange": "0-3"
      },
      {
        "item": "cobblemon:haban_berry",
        "percentage": 10.0
      }
    ]
  },
  "moves": [
    "1:absorb",
    "1:aquatail",
    "1:bubble",
    "1:feint",
    "1:outrage",
    "1:protect",
    "1:tackle",
    "13:bide",
    "18:dragonbreath",
    "25:raindance",
    "28:flail",
    "32:bodyslam",
    "38:muddywater",
    "47:dragonpulse",
    "50:powerwhip",
    "75:dragonhammer",
    "egg:acidarmor",
    "egg:counter",
    "egg:curse",
    "egg:endure",
    "egg:irontail",
    "egg:lifedew",
    "egg:wish",
    "tm:blizzard",
    "tm:bodypress",
    "tm:bulldoze",
    "tm:dracobarrage",
    "tm:dragondance",
    "tm:dragonpulse",
    "tm:dragontail",
    "tm:drainpunch",
    "tm:earthquake",
    "tm:facade",
    "tm:fireblast",
    "tm:flamethrower",
    "tm:focusblast",
    "tm:aurasphere",
    "tm:focuspunch",
    "tm:gigadrain",
    "tm:snowscape",
    "tm:hiddenpower",
    "tm:icebeam",
    "tm:irontail",
    "tm:protect",
    "tm:raindance",
    "tm:rest",
    "tm:return",
    "tm:rockslide",
    "tm:rocksmash",
    "tm:scald",
    "tm:sleeptalk",
    "tm:sludgebomb",
    "tm:sludgewave",
    "tm:strength",
    "tm:substitute",
    "tm:sunnyday",
    "tm:superpower",
    "tm:surf",
    "tm:thunder",
    "tm:thunderbolt",
    "tm:toxic",
    "tutor:aquatail",
    "tutor:bodypress",
    "tutor:bodyslam",
    "tutor:breakingswipe",
    "tutor:confide",
    "tutor:dracometeor",
    "tutor:dragondance",
    "tutor:firepunch",
    "tutor:hydropump",
    "tutor:laserfocus",
    "tutor:muddywater",
    "tutor:outrage",
    "tutor:powerwhip",
    "tutor:snore",
    "tutor:stompingtantrum",
    "tutor:superpower",
    "tutor:thunderpunch",
    "tutor:weatherball",
    "tutor:knockoff"
  ],
  "preEvolution": "sliggoo",
  "evolutions": [],
  "forms": [
    {
      "name": "Hisui",
      "primaryType": "steel",
      "secondaryType": "dragon",
      "maleRatio": 0.5,
      "height": 17,
      "weight": 3341,
      "pokedex": [
        "cobblemon.species.goodra-hisui.desc"
      ],
      "labels": [
        "gen8a",
        "powerhouse",
        "hisuian_form"
      ],
      "aspects": [
        "hisuian"
      ],
      "abilities": [
        "sapsipper",
        "overcoat",
        "h:gooey"
      ],
      "baseStats": {
        "hp": 80,
        "attack": 100,
        "defence": 100,
        "special_attack": 110,
        "special_defence": 150,
        "speed": 60
      },
      "baseScale": 1,
      "hitbox": {
        "width": 2.5,
        "height": 3.6,
        "fixed": false
      },
      "drops": {
        "amount": 7,
        "entries": [
          {
            "item": "minecraft:slime_ball",
            "quantityRange": "0-3"
          },
          {
            "item": "minecraft:iron_ingot",
            "quantityRange": "0-3"
          },
          {
            "item": "cobblemon:bluk_berry",
            "percentage": 10.0
          }
        ]
      },
      "moves": [
        "1:absorb",
        "1:bubble",
        "1:feint",
        "1:flashcannon",
        "1:ironhead",
        "1:outrage",
        "1:protect",
        "1:tackle",
        "13:bide",
        "18:dragonbreath",
        "25:raindance",
        "28:flail",
        "32:bodyslam",
        "38:muddywater",
        "47:dragonpulse",
        "50:powerwhip",
        "75:dragonhammer",
        "egg:acidarmor",
        "egg:counter",
        "egg:curse",
        "egg:endure",
        "egg:irontail",
        "egg:lifedew",
        "egg:wish",
        "tm:bodypress",
        "tm:dracobarrage",
        "tm:dragondance",
        "tm:dragonpulse",
        "tm:dragontail",
        "tm:facade",
        "tm:fireblast",
        "tm:flamethrower",
        "tm:flashcannon",
        "tm:focuspunch",
        "tm:gigadrain",
        "tm:gyroball",
        "tm:snowscape",
        "tm:hiddenpower",
        "tm:icebeam",
        "tm:icespinner",
        "tm:irontail",
        "tm:protect",
        "tm:raindance",
        "tm:rest",
        "tm:return",
        "tm:rocktomb",
        "tm:sandstorm",
        "tm:sleeptalk",
        "tm:sludgebomb",
        "tm:stealthrock",
        "tm:steelbeam",
        "tm:strength",
        "tm:substitute",
        "tm:sunnyday",
        "tm:surf",
        "tm:thunder",
        "tm:thunderbolt",
        "tm:toxic",
        "tutor:dracometeor",
        "tutor:heavyslam",
        "tutor:hydropump",
        "tutor:irondefense",
        "tutor:ironhead",
        "tutor:muddywater",
        "tutor:outrage",
        "tutor:knockoff"
      ],
      "preEvolution": "sliggoo hisuian",
      "evolutions": [],
      "battleOnly": false
    }
  ]
}