{
  "implemented": true,
  "nationalPokedexNumber": 711,
  "name": "Gourgeist",
  "primaryType": "ghost",
  "secondaryType": "grass",
  "maleRatio": 0.5,
  "height": 9,
  "weight": 125,
  "pokedex": [
    "cobblemon.species.gourgeist.desc"
  ],
  "labels": [
    "gen6"
  ],
  "aspects": [
    "pumpkin-size-average"
  ],
  "abilities": [
    "pickup",
    "frisk",
    "h:flareboost"
  ],
  "eggGroups": [
    "amorphous"
  ],
  "baseStats": {
    "hp": 65,
    "attack": 58,
    "defence": 122,
    "special_attack": 90,
    "special_defence": 75,
    "speed": 84
  },
  "evYield": {
    "hp": 0,
    "attack": 0,
    "defence": 2,
    "special_attack": 0,
    "special_defence": 0,
    "speed": 0
  },
  "baseExperienceYield": 173,
  "experienceGroup": "medium_fast",
  "catchRate": 60,
  "eggCycles": 20,
  "baseFriendship": 50,
  "baseScale": 0.57,
  "hitbox": {
    "width": 0.9,
    "height": 1.6,
    "fixed": false
  },
  "behaviour": {
    "moving": {
      "walk": {
        "walkSpeed": 0.2
      },
      "fly": {
        "canFly": true
      }
    },
    "resting": {
      "canSleep": true,
      "light": "11-15"
    }
  },
  "drops": {
    "amount": 4,
    "entries": [
      {
        "item": "minecraft:pumpkin_seeds",
        "quantityRange": "0-2"
      },
      {
        "item": "cobblemon:miracle_seed",
        "percentage": 5.0
      },
      {
        "item": "cobblemon:kasib_berry",
        "percentage": 5.0
      }
    ]
  },
  "moves": [
    "1:absorb",
    "1:astonish",
    "1:confuseray",
    "1:explosion",
    "1:phantomforce",
    "1:shadowsneak",
    "4:scaryface",
    "6:trickortreat",
    "11:worryseed",
    "16:razorleaf",
    "20:leechseed",
    "26:magicalleaf",
    "28:shadowball",
    "36:hex",
    "42:painsplit",
    "48:gigadrain",
    "egg:bestow",
    "egg:curse",
    "egg:destinybond",
    "egg:disable",
    "tm:bulletseed",
    "tm:chargebeam",
    "tm:darkpulse",
    "tm:energyball",
    "tm:explosion",
    "tm:facade",
    "tm:fireblast",
    "tm:flamecharge",
    "tm:flamethrower",
    "tm:flash",
    "tm:focusblast",
    "tm:aurasphere",
    "tm:gigadrain",
    "tm:grassknot",
    "tm:grassyglide",
    "tm:gyroball",
    "tm:hiddenpower",
    "tm:lightscreen",
    "tm:poltergeist",
    "tm:protect",
    "tm:psychic",
    "tm:rest",
    "tm:return",
    "tm:rockslide",
    "tm:rocksmash",
    "tm:shadowball",
    "tm:sleeptalk",
    "tm:sludgebomb",
    "tm:solarbeam",
    "tm:substitute",
    "tm:sunnyday",
    "tm:thief",
    "tm:toxic",
    "tm:trickroom",
    "tm:willowisp",
    "tutor:confide",
    "tutor:foulplay",
    "tutor:hex",
    "tutor:magiccoat",
    "tutor:mysticalfire",
    "tutor:nastyplot",
    "tutor:painsplit",
    "tutor:phantomforce",
    "tutor:powerwhip",
    "tutor:roleplay",
    "tutor:scaryface",
    "tutor:seedbomb",
    "tutor:snore",
    "tutor:spite",
    "tutor:synthesis",
    "tutor:trick",
    "tutor:worryseed"
  ],
  "preEvolution": "pumpkaboo",
  "evolutions": [],
  "forms": [
    {
      "name": "Small",
      "primaryType": "ghost",
      "secondaryType": "grass",
      "maleRatio": 0.5,
      "height": 7,
      "weight": 95,
      "pokedex": [
        "cobblemon.species.gourgeist-small.desc"
      ],
      "labels": [
        "gen6"
      ],
      "aspects": [
        "pumpkin-size-small"
      ],
      "baseStats": {
        "hp": 55,
        "attack": 58,
        "defence": 122,
        "special_attack": 85,
        "special_defence": 75,
        "speed": 99
      },
      "baseScale": 0.43,
      "preEvolution": "pumpkaboo",
      "evolutions": [],
      "battleOnly": false
    },
    {
      "name": "Large",
      "primaryType": "ghost",
      "secondaryType": "grass",
      "maleRatio": 0.5,
      "height": 11,
      "weight": 140,
      "pokedex": [
        "cobblemon.species.gourgeist-large.desc"
      ],
      "labels": [
        "gen6"
      ],
      "aspects": [
        "pumpkin-size-large"
      ],
      "baseStats": {
        "hp": 75,
        "attack": 58,
        "defence": 122,
        "special_attack": 95,
        "special_defence": 75,
        "speed": 69
      },
      "baseScale": 0.7,
      "preEvolution": "pumpkaboo",
      "evolutions": [],
      "battleOnly": false
    },
    {
      "name": "Super",
      "primaryType": "ghost",
      "secondaryType": "grass",
      "maleRatio": 0.5,
      "height": 17,
      "weight": 390,
      "pokedex": [
        "cobblemon.species.gourgeist-super.desc"
      ],
      "labels": [
        "gen6"
      ],
      "aspects": [
        "pumpkin-size-super"
      ],
      "baseStats": {
        "hp": 85,
        "attack": 58,
        "defence": 122,
        "special_attack": 100,
        "special_defence": 75,
        "speed": 54
      },
      "baseScale": 1,
      "preEvolution": "pumpkaboo",
      "evolutions": [],
      "battleOnly": false
    }
  ]
}