{
  "implemented": true,
  "nationalPokedexNumber": 720,
  "name": "Hoopa",
  "primaryType": "psychic",
  "secondaryType": "ghost",
  "maleRatio": -1,
  "height": 5,
  "weight": 90,
  "pokedex": [
    "cobblemon.species.hoopa.desc"
  ],
  "labels": [
    "gen6",
    "mythical"
  ],
  "aspects": [
    "confined"
  ],
  "abilities": [
    "magician",
    "h:magician"
  ],
  "eggGroups": [
    "undiscovered"
  ],
  "baseStats": {
    "hp": 80,
    "attack": 110,
    "defence": 60,
    "special_attack": 150,
    "special_defence": 130,
    "speed": 70
  },
  "evYield": {
    "hp": 0,
    "attack": 0,
    "defence": 0,
    "special_attack": 3,
    "special_defence": 0,
    "speed": 0
  },
  "baseExperienceYield": 300,
  "experienceGroup": "slow",
  "catchRate": 3,
  "eggCycles": 120,
  "baseFriendship": 100,
  "behaviour": {
    "moving": {
      "walk": {
        "canWalk": true
      },
      "fly": {
        "canFly": true
      }
    },
    "resting": {
      "canSleep": true,
      "willSleepOnBed": true,
      "depth": "normal",
      "light": "0-4"
    }
  },
  "baseScale": 1,
  "hitbox": {
    "width": 1,
    "height": 2,
    "fixed": false
  },
  "moves": [
    "1:confusion",
    "1:destinybond",
    "1:hyperspacehole",
    "1:trickroom",
    "6:astonish",
    "10:magiccoat",
    "15:lightscreen",
    "19:psybeam",
    "25:skillswap",
    "29:guardsplit",
    "29:powersplit",
    "35:phantomforce",
    "46:zenheadbutt",
    "50:wonderroom",
    "55:shadowball",
    "68:nastyplot",
    "75:psychic",
    "tm:brickbreak",
    "tm:calmmind",
    "tm:chargebeam",
    "tm:darkpulse",
    "tm:drainpunch",
    "tm:dualchop",
    "tm:energyball",
    "tm:expandingforce",
    "tm:facade",
    "tm:flash",
    "tm:focusblast",
    "tm:aurasphere",
    "tm:focuspunch",
    "tm:futuresight",
    "tm:grassknot",
    "tm:hiddenpower",
    "tm:lightscreen",
    "tm:poltergeist",
    "tm:poweruppunch",
    "tm:protect",
    "tm:psychic",
    "tm:psyshock",
    "tm:raindance",
    "tm:reflect",
    "tm:rest",
    "tm:return",
    "tm:shadowball",
    "tm:sleeptalk",
    "tm:substitute",
    "tm:sunnyday",
    "tm:taunt",
    "tm:thief",
    "tm:thunderbolt",
    "tm:thunderwave",
    "tm:toxic",
    "tm:trickroom",
    "tm:psychicnoise",
    "tutor:block",
    "tutor:confide",
    "tutor:covet",
    "tutor:darkhole",
    "tutor:dualchop",
    "tutor:firepunch",
    "tutor:foulplay",
    "tutor:gravity",
    "tutor:gunkshot",
    "tutor:icepunch",
    "tutor:knockoff",
    "tutor:laserfocus",
    "tutor:lastresort",
    "tutor:magiccoat",
    "tutor:magicroom",
    "tutor:nastyplot",
    "tutor:phantomforce",
    "tutor:psychup",
    "tutor:roleplay",
    "tutor:signalbeam",
    "tutor:snatch",
    "tutor:snore",
    "tutor:throatchop",
    "tutor:thunderpunch",
    "tutor:trick",
    "tutor:uproar",
    "tutor:wonderroom",
    "tutor:zenheadbutt"
  ],
  "evolutions": [],
  "forms": [
    {
      "name": "Unbound",
      "primaryType": "psychic",
      "secondaryType": "dark",
      "maleRatio": -1,
      "height": 65,
      "weight": 4900,
      "pokedex": [
        "cobblemon.species.hoopa-unbound.desc"
      ],
      "labels": [
        "gen6",
        "mythical"
      ],
      "aspects": [
        "unbound"
      ],
      "baseScale": 1,
      "hitbox": {
        "width": 4,
        "height": 12,
        "fixed": false
      },
      "baseStats": {
        "hp": 80,
        "attack": 160,
        "defence": 60,
        "special_attack": 170,
        "special_defence": 130,
        "speed": 80
      },
      "baseExperienceYield": 340,
      "baseFriendship": 50,
      "moves": [
        "1:confusion",
        "1:destinybond",
        "1:hyperspacefury",
        "1:trickroom",
        "6:astonish",
        "10:magiccoat",
        "15:lightscreen",
        "19:psybeam",
        "25:skillswap",
        "29:guardsplit",
        "29:powersplit",
        "46:knockoff",
        "50:wonderroom",
        "55:darkpulse",
        "75:psychic",
        "tm:brickbreak",
        "tm:calmmind",
        "tm:chargebeam",
        "tm:darkpulse",
        "tm:drainpunch",
        "tm:dualchop",
        "tm:energyball",
        "tm:expandingforce",
        "tm:facade",
        "tm:flash",
        "tm:focusblast",
        "tm:aurasphere",
        "tm:focuspunch",
        "tm:futuresight",
        "tm:grassknot",
        "tm:hiddenpower",
        "tm:lightscreen",
        "tm:poltergeist",
        "tm:poweruppunch",
        "tm:protect",
        "tm:psychic",
        "tm:psyshock",
        "tm:raindance",
        "tm:reflect",
        "tm:rest",
        "tm:return",
        "tm:shadowball",
        "tm:sleeptalk",
        "tm:substitute",
        "tm:sunnyday",
        "tm:taunt",
        "tm:thief",
        "tm:thunderbolt",
        "tm:thunderwave",
        "tm:toxic",
        "tm:trickroom",
        "tm:psychicnoise",
        "tutor:block",
        "tutor:confide",
        "tutor:covet",
        "tutor:darkhole",
        "tutor:dualchop",
        "tutor:firepunch",
        "tutor:foulplay",
        "tutor:gravity",
        "tutor:gunkshot",
        "tutor:icepunch",
        "tutor:knockoff",
        "tutor:laserfocus",
        "tutor:lastresort",
        "tutor:magiccoat",
        "tutor:magicroom",
        "tutor:nastyplot",
        "tutor:phantomforce",
        "tutor:psychup",
        "tutor:roleplay",
        "tutor:signalbeam",
        "tutor:snatch",
        "tutor:snore",
        "tutor:throatchop",
        "tutor:thunderpunch",
        "tutor:trick",
        "tutor:uproar",
        "tutor:wonderroom",
        "tutor:zenheadbutt"
      ],
      "evolutions": [],
      "battleOnly": false
    }
  ]
}