{
  "nationalPokedexNumber": 678,
  "name": "Meowstic",
  "primaryType": "psychic",
  "maleRatio": 1,
  "height": 6,
  "weight": 85,
  "pokedex": [
    "cobblemon.species.meowstic.desc"
  ],
  "labels": [
    "gen6"
  ],
  "aspects": [
    "male"
  ],
  "abilities": [
    "prankster",
    "felineprowess",
    "h:infiltrator"
  ],
  "eggGroups": [
    "field"
  ],
  "baseStats": {
    "hp": 74,
    "attack": 48,
    "defence": 76,
    "special_attack": 63,
    "special_defence": 81,
    "speed": 104
  },
  "evYield": {
    "hp": 0,
    "attack": 0,
    "defence": 0,
    "special_attack": 0,
    "special_defence": 0,
    "speed": 2
  },
  "baseExperienceYield": 163,
  "experienceGroup": "medium_fast",
  "catchRate": 75,
  "eggCycles": 20,
  "baseFriendship": 50,
  "drops": {
    "amount": 1,
    "entries": [
      {
        "item": "cobblemon:colbur_berry",
        "percentage": 5.0
      }
    ]
  },
  "moves": [
    "1:confusion",
    "1:helpinghand",
    "1:leer",
    "1:meanlook",
    "1:quickguard",
    "1:scratch",
    "1:thunderwave",
    "5:covet",
    "13:lightscreen",
    "16:psybeam",
    "19:fakeout",
    "22:disarmingvoice",
    "25:psyshock",
    "28:charm",
    "31:miracleeye",
    "35:reflect",
    "40:psychic",
    "43:roleplay",
    "45:imprison",
    "48:suckerpunch",
    "50:mistyterrain",
    "egg:assist",
    "egg:barrier",
    "egg:tickle",
    "egg:trick",
    "egg:yawn",
    "tm:calmmind",
    "tm:chargebeam",
    "tm:cut",
    "tm:darkpulse",
    "tm:dig",
    "tm:energyball",
    "tm:expandingforce",
    "tm:facade",
    "tm:flash",
    "tm:futuresight",
    "tm:hiddenpower",
    "tm:irontail",
    "tm:lightscreen",
    "tm:poweruppunch",
    "tm:protect",
    "tm:psychic",
    "tm:psyshock",
    "tm:raindance",
    "tm:reflect",
    "tm:rest",
    "tm:return",
    "tm:shadowball",
    "tm:sleeptalk",
    "tm:substitute",
    "tm:sunnyday",
    "tm:thunderbolt",
    "tm:thunderwave",
    "tm:toxic",
    "tm:trickroom",
    "tm:workup",
    "tm:psychicnoise",
    "tm:alluringvoice",
    "tutor:confide",
    "tutor:covet",
    "tutor:faketears",
    "tutor:gravity",
    "tutor:healbell",
    "tutor:helpinghand",
    "tutor:magiccoat",
    "tutor:magicroom",
    "tutor:mistyterrain",
    "tutor:mysticalfire",
    "tutor:nastyplot",
    "tutor:playrough",
    "tutor:psychicterrain",
    "tutor:psychup",
    "tutor:roleplay",
    "tutor:signalbeam",
    "tutor:snatch",
    "tutor:snore",
    "tutor:tailslap",
    "tutor:trick",
    "tutor:wonderroom",
    "tutor:zenheadbutt"
  ],
  "preEvolution": "espurr",
  "evolutions": [],
  "forms": [
    {
      "name": "F",
      "primaryType": "psychic",
      "maleRatio": 0,
      "height": 6,
      "weight": 85,
      "pokedex": [
        "cobblemon.species.meowstic-f.desc"
      ],
      "labels": [
        "gen6"
      ],
      "aspects": [
        "female"
      ],
      "abilities": [
        "competitive",
        "felineprowess",
        "h:infiltrator"
      ],
      "moves": [
        "1:confusion",
        "1:leer",
        "1:magicalleaf",
        "1:mefirst",
        "1:scratch",
        "1:storedpower",
        "1:thunderwave",
        "5:covet",
        "13:lightscreen",
        "17:psybeam",
        "19:fakeout",
        "22:disarmingvoice",
        "25:psyshock",
        "31:shadowball",
        "35:extrasensory",
        "40:psychic",
        "43:roleplay",
        "45:signalbeam",
        "48:suckerpunch",
        "50:futuresight",
        "egg:assist",
        "egg:barrier",
        "egg:tickle",
        "egg:trick",
        "egg:yawn",
        "tm:calmmind",
        "tm:chargebeam",
        "tm:cut",
        "tm:darkpulse",
        "tm:dig",
        "tm:energyball",
        "tm:expandingforce",
        "tm:facade",
        "tm:flash",
        "tm:futuresight",
        "tm:hiddenpower",
        "tm:irontail",
        "tm:lightscreen",
        "tm:poweruppunch",
        "tm:protect",
        "tm:psychic",
        "tm:psyshock",
        "tm:raindance",
        "tm:reflect",
        "tm:rest",
        "tm:return",
        "tm:shadowball",
        "tm:sleeptalk",
        "tm:substitute",
        "tm:sunnyday",
        "tm:thunderbolt",
        "tm:thunderwave",
        "tm:toxic",
        "tm:trickroom",
        "tm:workup",
        "tm:psychicnoise",
        "tm:alluringvoice",
        "tutor:confide",
        "tutor:covet",
        "tutor:faketears",
        "tutor:gravity",
        "tutor:healbell",
        "tutor:helpinghand",
        "tutor:magiccoat",
        "tutor:magicroom",
        "tutor:mysticalfire",
        "tutor:nastyplot",
        "tutor:playrough",
        "tutor:psychicterrain",
        "tutor:psychup",
        "tutor:roleplay",
        "tutor:signalbeam",
        "tutor:snatch",
        "tutor:snore",
        "tutor:storedpower",
        "tutor:tailslap",
        "tutor:trick",
        "tutor:wonderroom",
        "tutor:zenheadbutt"
      ],
      "preEvolution": "espurr",
      "evolutions": [],
      "battleOnly": false
    }
  ]
}