{
  "implemented": true,
  "nationalPokedexNumber": 710,
  "name": "Pumpkaboo",
  "primaryType": "ghost",
  "secondaryType": "grass",
  "maleRatio": 0.5,
  "height": 4,
  "weight": 50,
  "pokedex": [
    "cobblemon.species.pumpkaboo.desc"
  ],
  "labels": [
    "gen6"
  ],
  "aspects": [
    "pumpkin-size-average"
  ],
  "abilities": [
    "pickup",
    "frisk",
    "h:insomnia"
  ],
  "eggGroups": [
    "amorphous"
  ],
  "baseStats": {
    "hp": 49,
    "attack": 44,
    "defence": 70,
    "special_attack": 66,
    "special_defence": 55,
    "speed": 51
  },
  "evYield": {
    "hp": 0,
    "attack": 0,
    "defence": 1,
    "special_attack": 0,
    "special_defence": 0,
    "speed": 0
  },
  "baseExperienceYield": 67,
  "experienceGroup": "medium_fast",
  "catchRate": 120,
  "eggCycles": 20,
  "baseFriendship": 50,
  "baseScale": 0.8,
  "hitbox": {
    "width": 0.8,
    "height": 0.9,
    "fixed": false
  },
  "behaviour": {
    "moving": {
      "fly": {
        "canFly": true
      }
    },
    "resting": {
      "canSleep": true,
      "light": "11-15"
    }
  },
  "drops": {
    "amount": 3,
    "entries": [
      {
        "item": "minecraft:pumpkin_seeds",
        "quantityRange": "0-1"
      },
      {
        "item": "cobblemon:miracle_seed",
        "percentage": 2.5
      },
      {
        "item": "cobblemon:kasib_berry",
        "percentage": 2.5
      }
    ]
  },
  "moves": [
    "1:absorb",
    "1:confuseray",
    "1:shadowsneak",
    "4:scaryface",
    "6:trickortreat",
    "11:worryseed",
    "16:megadrain",
    "20:leechseed",
    "26:magicalleaf",
    "28:shadowball",
    "36:hex",
    "42:painsplit",
    "48:gigadrain",
    "egg:bestow",
    "egg:curse",
    "egg:destinybond",
    "egg:disable",
    "tm:bulletseed",
    "tm:chargebeam",
    "tm:darkpulse",
    "tm:energyball",
    "tm:explosion",
    "tm:facade",
    "tm:fireblast",
    "tm:flamecharge",
    "tm:flamethrower",
    "tm:flash",
    "tm:gigadrain",
    "tm:grassknot",
    "tm:grassyglide",
    "tm:gyroball",
    "tm:hiddenpower",
    "tm:lightscreen",
    "tm:poltergeist",
    "tm:protect",
    "tm:psychic",
    "tm:rest",
    "tm:return",
    "tm:rockslide",
    "tm:rocksmash",
    "tm:shadowball",
    "tm:sleeptalk",
    "tm:sludgebomb",
    "tm:solarbeam",
    "tm:substitute",
    "tm:sunnyday",
    "tm:thief",
    "tm:toxic",
    "tm:trickroom",
    "tm:willowisp",
    "tutor:confide",
    "tutor:foulplay",
    "tutor:hex",
    "tutor:magiccoat",
    "tutor:mysticalfire",
    "tutor:painsplit",
    "tutor:roleplay",
    "tutor:scaryface",
    "tutor:seedbomb",
    "tutor:snore",
    "tutor:spite",
    "tutor:synthesis",
    "tutor:trick",
    "tutor:worryseed"
  ],
  "evolutions": [
    {
      "id": "pumpkaboo_gourgeist",
      "variant": "trade",
      "result": "gourgeist",
      "consumeHeldItem": false,
      "learnableMoves": [],
      "requirements": []
    }
  ],
  "forms": [
    {
      "name": "Small",
      "primaryType": "ghost",
      "secondaryType": "grass",
      "maleRatio": 0.5,
      "height": 3,
      "weight": 35,
      "pokedex": [
        "cobblemon.species.pumpkaboo-small.desc"
      ],
      "labels": [
        "gen6"
      ],
      "aspects": [
        "pumpkin-size-small"
      ],
      "baseStats": {
        "hp": 44,
        "attack": 44,
        "defence": 70,
        "special_attack": 66,
        "special_defence": 55,
        "speed": 56
      },
      "baseScale": 0.6,
      "evolutions": [
        {
          "id": "pumpkaboo_gourgeist",
          "variant": "trade",
          "result": "gourgeist",
          "consumeHeldItem": false,
          "learnableMoves": [],
          "requirements": []
        }
      ],
      "battleOnly": false
    },
    {
      "name": "Large",
      "primaryType": "ghost",
      "secondaryType": "grass",
      "maleRatio": 0.5,
      "height": 5,
      "weight": 75,
      "pokedex": [
        "cobblemon.species.pumpkaboo-large.desc"
      ],
      "labels": [
        "gen6"
      ],
      "aspects": [
        "pumpkin-size-large"
      ],
      "baseStats": {
        "hp": 54,
        "attack": 44,
        "defence": 70,
        "special_attack": 66,
        "special_defence": 55,
        "speed": 46
      },
      "baseScale": 1,
      "evolutions": [
        {
          "id": "pumpkaboo_gourgeist",
          "variant": "trade",
          "result": "gourgeist",
          "consumeHeldItem": false,
          "learnableMoves": [],
          "requirements": []
        }
      ],
      "battleOnly": false
    },
    {
      "name": "Super",
      "primaryType": "ghost",
      "secondaryType": "grass",
      "maleRatio": 0.5,
      "height": 8,
      "weight": 150,
      "pokedex": [
        "cobblemon.species.pumpkaboo-super.desc"
      ],
      "labels": [
        "gen6"
      ],
      "aspects": [
        "pumpkin-size-super"
      ],
      "baseStats": {
        "hp": 59,
        "attack": 44,
        "defence": 70,
        "special_attack": 66,
        "special_defence": 55,
        "speed": 41
      },
      "baseScale": 1.4,
      "evolutions": [
        {
          "id": "pumpkaboo_gourgeist",
          "variant": "trade",
          "result": "gourgeist",
          "consumeHeldItem": false,
          "learnableMoves": [],
          "requirements": []
        }
      ],
      "battleOnly": false
    }
  ]
}