{
  "implemented": true,
  "nationalPokedexNumber": 705,
  "name": "Sliggoo",
  "primaryType": "dragon",
  "maleRatio": 0.5,
  "height": 8,
  "weight": 175,
  "pokedex": [
    "cobblemon.species.sliggoo.desc"
  ],
  "labels": [
    "gen6",
    "kalosian_form"
  ],
  "aspects": [],
  "abilities": [
    "sapsipper",
    "hydration",
    "h:gooey"
  ],
  "eggGroups": [
    "dragon"
  ],
  "baseStats": {
    "hp": 68,
    "attack": 75,
    "defence": 53,
    "special_attack": 83,
    "special_defence": 113,
    "speed": 60
  },
  "evYield": {
    "hp": 0,
    "attack": 0,
    "defence": 0,
    "special_attack": 0,
    "special_defence": 2,
    "speed": 0
  },
  "baseExperienceYield": 158,
  "experienceGroup": "slow",
  "catchRate": 45,
  "eggCycles": 40,
  "baseFriendship": 35,
  "features": [
    "hisuian"
  ],
  "baseScale": 0.65,
  "hitbox": {
    "width": 1.1,
    "height": 1.65,
    "fixed": false
  },
  "drops": {
    "amount": 3,
    "entries": [
      {
        "item": "minecraft:slime_ball",
        "quantityRange": "0-2"
      },
      {
        "item": "cobblemon:haban_berry",
        "percentage": 5.0
      }
    ]
  },
  "moves": [
    "1:absorb",
    "1:bubble",
    "1:tackle",
    "9:protect",
    "13:bide",
    "18:dragonbreath",
    "25:raindance",
    "28:flail",
    "32:bodyslam",
    "38:muddywater",
    "47:dragonpulse",
    "egg:acidarmor",
    "egg:counter",
    "egg:curse",
    "egg:endure",
    "egg:irontail",
    "egg:lifedew",
    "egg:wish",
    "tm:blizzard",
    "tm:dracobarrage",
    "tm:dragondance",
    "tm:dragonpulse",
    "tm:facade",
    "tm:hiddenpower",
    "tm:icebeam",
    "tm:irontail",
    "tm:protect",
    "tm:raindance",
    "tm:rest",
    "tm:return",
    "tm:rockslide",
    "tm:sleeptalk",
    "tm:sludgebomb",
    "tm:sludgewave",
    "tm:substitute",
    "tm:sunnyday",
    "tm:thunderbolt",
    "tm:toxic",
    "tutor:bodyslam",
    "tutor:confide",
    "tutor:dracometeor",
    "tutor:dragondance",
    "tutor:muddywater",
    "tutor:outrage",
    "tutor:snore"
  ],
  "preEvolution": "goomy",
  "evolutions": [
    {
      "id": "sliggoo_goodra",
      "variant": "level_up",
      "result": "goodra",
      "consumeHeldItem": false,
      "learnableMoves": [],
      "requirements": [
        {
          "variant": "level",
          "minLevel": 50
        }
      ]
    },
    {
      "id": "sliggoo_goodra",
      "variant": "level_up",
      "result": "goodra",
      "consumeHeldItem": false,
      "learnableMoves": [
        "aquatail"
      ],
      "requirements": [
        {
          "variant": "level",
          "minLevel": 50
        },
        {
          "variant": "weather",
          "isRaining": true
        }
      ]
    }
  ],
  "forms": [
    {
      "name": "Hisui",
      "primaryType": "steel",
      "secondaryType": "dragon",
      "maleRatio": 0.5,
      "height": 7,
      "weight": 685,
      "pokedex": [
        "cobblemon.species.sliggoo-hisui.desc"
      ],
      "labels": [
        "gen8a",
        "hisuian_form"
      ],
      "aspects": [
        "hisuian"
      ],
      "abilities": [
        "sapsipper",
        "overcoat",
        "h:gooey"
      ],
      "baseStats": {
        "hp": 58,
        "attack": 75,
        "defence": 83,
        "special_attack": 83,
        "special_defence": 113,
        "speed": 40
      },
      "hitbox": {
        "width": 1.45,
        "height": 1.75,
        "fixed": false
      },
      "drops": {
        "amount": 5,
        "entries": [
          {
            "item": "minecraft:slime_ball",
            "quantityRange": "0-2"
          },
          {
            "item": "minecraft:iron_ingot",
            "quantityRange": "0-2"
          },
          {
            "item": "cobblemon:bluk_berry",
            "percentage": 5.0
          }
        ]
      },
      "moves": [
        "1:bubble",
        "1:ironhead",
        "1:tackle",
        "5:acidspray",
        "11:acidarmor",
        "18:waterpulse",
        "25:dragonbreath",
        "28:flail",
        "32:bodyslam",
        "38:muddywater",
        "47:dragonpulse",
        "egg:acidarmor",
        "egg:counter",
        "egg:curse",
        "egg:endure",
        "egg:irontail",
        "egg:lifedew",
        "egg:wish",
        "tm:bodypress",
        "tm:dracobarrage",
        "tm:dragonpulse",
        "tm:facade",
        "tm:fireblast",
        "tm:flamethrower",
        "tm:flashcannon",
        "tm:gigadrain",
        "tm:gyroball",
        "tm:snowscape",
        "tm:hiddenpower",
        "tm:icespinner",
        "tm:irontail",
        "tm:protect",
        "tm:raindance",
        "tm:rest",
        "tm:return",
        "tm:rocktomb",
        "tm:sandstorm",
        "tm:sleeptalk",
        "tm:sludgebomb",
        "tm:stealthrock",
        "tm:steelbeam",
        "tm:substitute",
        "tm:thunder",
        "tm:thunderbolt",
        "tm:toxic",
        "tutor:dracometeor",
        "tutor:heavyslam",
        "tutor:irondefense",
        "tutor:ironhead",
        "tutor:outrage"
      ],
      "preEvolution": "goomy",
      "evolutions": [
        {
          "id": "sliggoo_goodrahisui",
          "variant": "level_up",
          "result": "goodra hisuian",
          "consumeHeldItem": false,
          "learnableMoves": [
            "irontail"
          ],
          "requirements": [
            {
              "variant": "level",
              "minLevel": 50
            },
            {
              "variant": "weather",
              "isRaining": true
            }
          ]
        }
      ],
      "battleOnly": false
    }
  ]
}