{
  "implemented": true,
  "nationalPokedexNumber": 718,
  "name": "Zygarde",
  "primaryType": "dragon",
  "secondaryType": "ground",
  "maleRatio": -1,
  "height": 50,
  "weight": 3050,
  "pokedex": [
    "cobblemon.species.zygarde.desc"
  ],
  "labels": [
    "gen6",
    "legendary",
    "restricted"
  ],
  "aspects": [
    "50-percent"
  ],
  "abilities": [
    "powerconstruct",
    "h:powerconstruct"
  ],
  "eggGroups": [
    "undiscovered"
  ],
  "baseStats": {
    "hp": 108,
    "attack": 100,
    "defence": 121,
    "special_attack": 81,
    "special_defence": 95,
    "speed": 95
  },
  "evYield": {
    "hp": 3,
    "attack": 0,
    "defence": 0,
    "special_attack": 0,
    "special_defence": 0,
    "speed": 0
  },
  "baseScale": 1,
  "hitbox": {
    "width": 2,
    "height": 3,
    "fixed": false
  },
  "baseExperienceYield": 300,
  "experienceGroup": "slow",
  "catchRate": 3,
  "eggCycles": 120,
  "baseFriendship": 0,
  "moves": [
    "1:bite",
    "1:bulldoze",
    "1:dragonbreath",
    "1:extremespeed",
    "1:glare",
    "1:thousandwaves",
    "5:safeguard",
    "10:dig",
    "18:bind",
    "26:landswrath",
    "35:sandstorm",
    "44:haze",
    "51:crunch",
    "55:earthquake",
    "59:camouflage",
    "63:dragonpulse",
    "72:coil",
    "80:outrage",
    "84:thousandarrows",
    "tm:brickbreak",
    "tm:bulldoze",
    "tm:dig",
    "tm:dracobarrage",
    "tm:dragondance",
    "tm:dragonpulse",
    "tm:dragontail",
    "tm:earthquake",
    "tm:facade",
    "tm:focusblast",
    "tm:aurasphere",
    "tm:grassknot",
    "tm:hiddenpower",
    "tm:hypervoice",
    "tm:irontail",
    "tm:protect",
    "tm:rest",
    "tm:return",
    "tm:rockclimb",
    "tm:rockslide",
    "tm:rocksmash",
    "tm:sandstorm",
    "tm:scaleshot",
    "tm:scorchingsands",
    "tm:sleeptalk",
    "tm:sludgewave",
    "tm:stoneedge",
    "tm:strength",
    "tm:substitute",
    "tm:sunnyday",
    "tm:superpower",
    "tm:toxic",
    "tutor:block",
    "tutor:bodyslam",
    "tutor:breakingswipe",
    "tutor:confide",
    "tutor:crunch",
    "tutor:dracometeor",
    "tutor:dragondance",
    "tutor:earthpower",
    "tutor:highhorsepower",
    "tutor:hypervoice",
    "tutor:outrage",
    "tutor:painsplit",
    "tutor:reversal",
    "tutor:snore",
    "tutor:spite",
    "tutor:stompingtantrum",
    "tutor:superpower",
    "tutor:zenheadbutt"
  ],
  "evolutions": [],
  "forms": [
    {
      "name": "10%",
      "primaryType": "dragon",
      "secondaryType": "ground",
      "maleRatio": -1,
      "height": 12,
      "weight": 335,
      "pokedex": [
        "cobblemon.species.zygarde-10.desc"
      ],
      "baseScale": 1,
      "hitbox": {
        "width": 2,
        "height": 2,
        "fixed": false
      },
      "labels": [
        "gen7",
        "legendary",
        "restricted"
      ],
      "aspects": [
        "10-percent"
      ],
      "abilities": [
        "innerfocus",
        "h:innerfocus"
      ],
      "baseStats": {
        "hp": 54,
        "attack": 100,
        "defence": 71,
        "special_attack": 61,
        "special_defence": 85,
        "speed": 115
      },
      "baseExperienceYield": 243,
      "moves": [
        "1:bite",
        "1:bulldoze",
        "1:dragonbreath",
        "1:extremespeed",
        "1:glare",
        "1:thousandwaves",
        "5:safeguard",
        "10:dig",
        "18:bind",
        "26:landswrath",
        "35:sandstorm",
        "44:haze",
        "51:crunch",
        "55:earthquake",
        "59:camouflage",
        "63:dragonpulse",
        "72:coil",
        "80:outrage",
        "84:thousandarrows",
        "tm:brickbreak",
        "tm:bulldoze",
        "tm:dig",
        "tm:dracobarrage",
        "tm:dragondance",
        "tm:dragonpulse",
        "tm:dragontail",
        "tm:earthquake",
        "tm:facade",
        "tm:focusblast",
        "tm:aurasphere",
        "tm:grassknot",
        "tm:hiddenpower",
        "tm:hypervoice",
        "tm:irontail",
        "tm:protect",
        "tm:rest",
        "tm:return",
        "tm:rockclimb",
        "tm:rockslide",
        "tm:rocksmash",
        "tm:sandstorm",
        "tm:sleeptalk",
        "tm:sludgewave",
        "tm:stoneedge",
        "tm:strength",
        "tm:substitute",
        "tm:sunnyday",
        "tm:superpower",
        "tm:toxic",
        "tutor:block",
        "tutor:bodyslam",
        "tutor:breakingswipe",
        "tutor:confide",
        "tutor:crunch",
        "tutor:dragondance",
        "tutor:earthpower",
        "tutor:highhorsepower",
        "tutor:hypervoice",
        "tutor:outrage",
        "tutor:painsplit",
        "tutor:reversal",
        "tutor:snore",
        "tutor:spite",
        "tutor:stompingtantrum",
        "tutor:superpower",
        "tutor:zenheadbutt"
      ],
      "evolutions": [],
      "battleOnly": false
    },
    {
      "name": "Complete",
      "primaryType": "dragon",
      "secondaryType": "ground",
      "maleRatio": -1,
      "height": 45,
      "weight": 6100,
      "pokedex": [
        "cobblemon.species.zygarde-complete.desc"
      ],
      "baseScale": 1,
      "hitbox": {
        "width": 2,
        "height": 5,
        "fixed": false
      },
      "labels": [
        "gen7",
        "legendary",
        "restricted"
      ],
      "aspects": [
        "complete-percent"
      ],
      "abilities": [
        "powerconstruct",
        "h:powerconstruct"
      ],
      "baseStats": {
        "hp": 216,
        "attack": 100,
        "defence": 121,
        "special_attack": 91,
        "special_defence": 95,
        "speed": 85
      },
      "baseExperienceYield": 354,
      "moves": [
        "1:bite",
        "1:bulldoze",
        "1:dragonbreath",
        "1:extremespeed",
        "1:glare",
        "1:thousandwaves",
        "5:safeguard",
        "10:dig",
        "18:bind",
        "26:landswrath",
        "35:sandstorm",
        "44:haze",
        "51:crunch",
        "55:earthquake",
        "59:camouflage",
        "63:dragonpulse",
        "72:coil",
        "80:outrage",
        "84:thousandarrows",
        "tm:brickbreak",
        "tm:bulldoze",
        "tm:dig",
        "tm:dracobarrage",
        "tm:dragondance",
        "tm:dragonpulse",
        "tm:dragontail",
        "tm:earthquake",
        "tm:facade",
        "tm:focusblast",
        "tm:aurasphere",
        "tm:grassknot",
        "tm:hiddenpower",
        "tm:hypervoice",
        "tm:irontail",
        "tm:protect",
        "tm:rest",
        "tm:return",
        "tm:rockclimb",
        "tm:rockslide",
        "tm:rocksmash",
        "tm:sandstorm",
        "tm:scaleshot",
        "tm:scorchingsands",
        "tm:sleeptalk",
        "tm:sludgewave",
        "tm:stoneedge",
        "tm:strength",
        "tm:substitute",
        "tm:sunnyday",
        "tm:superpower",
        "tm:toxic",
        "tutor:block",
        "tutor:bodyslam",
        "tutor:breakingswipe",
        "tutor:confide",
        "tutor:crunch",
        "tutor:dracometeor",
        "tutor:dragondance",
        "tutor:earthpower",
        "tutor:highhorsepower",
        "tutor:hypervoice",
        "tutor:outrage",
        "tutor:painsplit",
        "tutor:reversal",
        "tutor:snore",
        "tutor:spite",
        "tutor:stompingtantrum",
        "tutor:superpower",
        "tutor:zenheadbutt"
      ],
      "evolutions": [],
      "battleOnly": true
    },
    {
      "name": "Core",
      "baseScale": 0.5,
      "hitbox": {
        "width": 1,
        "height": 1,
        "fixed": false
      },
      "aspects": [
        "core-percent"
      ],
      "baseStats": {
        "hp": 1,
        "attack": 1,
        "defence": 1,
        "special_attack": 1,
        "special_defence": 1,
        "speed": 1
      },
      "moves": [
        "1:bulldoze"
      ],
      "evolutions": [],
      "battleOnly": true
    }
  ]
}