{
  "type": "minecraft:chest",
  "pools": [
    {
      "bonus_rolls": 0.0,
      "entries": [
        {
          "type": "minecraft:item",
          "functions": [
            {
              "add": false,
              "count": {
                "type": "minecraft:uniform",
                "max": 3.0,
                "min": 1.0
              },
              "function": "minecraft:set_count"
            }
          ],
          "name": "minecraft:book",
          "weight": 20
        },
        {
          "type": "minecraft:item",
          "functions": [
            {
              "add": false,
              "count": {
                "type": "minecraft:uniform",
                "max": 7.0,
                "min": 2.0
              },
              "function": "minecraft:set_count"
            }
          ],
          "name": "minecraft:paper",
          "weight": 20
        },
        {
          "type": "minecraft:item",
          "name": "minecraft:map"
        },
        {
          "type": "minecraft:item",
          "name": "minecraft:compass"
        },
        {
          "type": "minecraft:item",
          "functions": [
            {
              "function": "minecraft:enchant_with_levels",
              "levels": 30.0,
              "treasure": true
            }
          ],
          "name": "minecraft:book",
          "weight": 10
        }
      ],
      "rolls": {
        "type": "minecraft:uniform",
        "max": 10.0,
        "min": 2.0
      }
    },
    {
      "bonus_rolls": 0.0,
      "entries": [
        {
          "type": "minecraft:item",
          "name": "minecraft:eye_armor_trim_smithing_template"
        }
      ],
      "rolls": 1.0
    },
    {
      "bonus_rolls": 0.0,
      "entries": [
        {
          "type": "minecraft:loot_table",
         "value": "minecraft:cobblemon/basic_loot",
          "weight": 20
        },
        {
          "type": "minecraft:loot_table",
          "value": "minecraft:cobblemon/status_healing_loot"
        },
        {
          "type": "minecraft:item",
          "functions": [
            {
              "count": {
                "type": "minecraft:uniform",
                "max": 6.0,
                "min": 3.0
              },
              "function": "minecraft:set_count"
            }
          ],
          "name": "cobblemon:exp_candy_m",
          "weight": 2
        },
        {
          "type": "minecraft:item",
          "functions": [
            {
              "count": {
                "type": "minecraft:uniform",
                "max": 3.0,
                "min": 1.0
              },
              "function": "minecraft:set_count"
            }
          ],
          "name": "cobblemon:exp_candy_l",
          "weight": 2
        }
      ],
      "rolls": {
        "type": "minecraft:uniform",
        "max": 3.0,
        "min": 1.0
      }
    },
    {
      "bonus_rolls": 0.0,
      "entries": [
        {
          "type": "minecraft:loot_table",
          "value": "minecraft:cobblemon/special_ball_loot",
          "weight": 20
        },
        {
          "type": "minecraft:item",
          "functions": [
            {
              "count": {
                "type": "minecraft:uniform",
                "max": 2.0,
                "min": 1.0
              },
              "function": "minecraft:set_count"
            }
          ],
          "name": "cobblemon:hyper_potion"
        },
        {
          "type": "minecraft:item",
          "functions": [
            {
              "count": {
                "type": "minecraft:uniform",
                "max": 2.0,
                "min": 1.0
              },
              "function": "minecraft:set_count"
            }
          ],
          "name": "cobblemon:revive"
        }
      ],
      "rolls": {
          "type": "minecraft:uniform",
          "max": 3.0,
          "min": 1.0
        }
    },
    {
      "bonus_rolls": 0.0,
      "entries": [
        {
          "type": "minecraft:loot_table",
          "value": "minecraft:cobblemon/vitamin_loot",
          "weight": 2
        },
        {
          "type": "minecraft:loot_table",
         "value": "minecraft:cobblemon/x_item_loot"
        },
		   {
          "type": "minecraft:loot_table",
          "value": "minecraft:cobblemon/ancient_basic_loot"
        },
		   {
          "type": "minecraft:loot_table",
          "value": "minecraft:cobblemon/ancient_special_ball_loot"
        }
      ],
      "rolls": {
          "type": "minecraft:uniform",
          "max": 2.0,
          "min": 0.0
        }
    }
  ],
  "random_sequence": "minecraft:chests/stronghold_library"
}