{
    "target": "cobblemon:eevee",
    "evolutions": [
    {
      "id": "eevee_mikueon",
      "variant": "level_up",
      "result": "mikueon",
      "consumeHeldItem": true,
      "learnableMoves": [
        "echoedvoice"
      ],
      "requirements": [
        {
          "variant": "held_item",
          "itemCondition": "cobblemon:medicinal_leek"
        }
      ]
    },
    {
      "id": "eevee_tetoeon",
      "variant": "level_up",
      "result": "tetoeon",
      "consumeHeldItem": true,
      "learnableMoves": [
        "echoedvoice"
      ],
      "requirements": [
        {
          "variant": "held_item",
          "itemCondition": "minecraft:bread"
        }
      ]
    },
    {
      "id": "eevee_nerueon",
      "variant": "level_up",
      "result": "nerueon",
      "consumeHeldItem": true,
      "learnableMoves": [
        "echoedvoice"
      ],
      "requirements": [
        {
          "variant": "held_item",
          "itemCondition": "cobblemon:shell_bell"
        }
      ]
    }
  ]
}